{"type":"FeatureCollection","crs":{"type":"name","properties":{"name":"EPSG:4326"}},"features":[{"type":"Feature","id":1,"geometry":{"type":"Polygon","coordinates":[[[-122.111111687923,47.6261116312966],[-122.111175172762,47.6260486043934],[-122.111199891704,47.6260267736319],[-122.111260195609,47.6259975220441],[-122.111320415971,47.6259610366971],[-122.111366563325,47.6259415047387],[-122.111479722305,47.6259073303023],[-122.111480312498,47.6259071516986],[-122.111608548802,47.6258920139769],[-122.111704712555,47.6258794548047],[-122.111808009829,47.6258668586979],[-122.111890017031,47.6258640185948],[-122.11199345085,47.6258634785453],[-122.112068408074,47.6258679085249],[-122.112125503197,47.6258700214986],[-122.112292972522,47.6258546779176],[-122.112392840927,47.6258541560312],[-122.112481952905,47.6258488669355],[-122.112631672418,47.6258408497407],[-122.112752884794,47.6258353929377],[-122.112917008793,47.6258393561279],[-122.11307040601,47.6258409647738],[-122.113255957523,47.6258472268072],[-122.113370174718,47.6258538636052],[-122.113587799681,47.6258575464768],[-122.113694829455,47.6258593966913],[-122.113941375678,47.6258966855232],[-122.114080670243,47.6259128355327],[-122.114162871481,47.6259268731713],[-122.114284388386,47.6259479380983],[-122.114409279364,47.6259521053118],[-122.114511827443,47.6259515670796],[-122.11451271408,47.6259515622361],[-122.114622976892,47.6259244580875],[-122.114758124833,47.6258899893979],[-122.114907456274,47.6258482118528],[-122.115060270484,47.6257991817407],[-122.115188256157,47.625762337836],[-122.115337584903,47.625720560189],[-122.11549758833,47.6256763141346],[-122.115657645656,47.6256368909722],[-122.115839019105,47.6255901207685],[-122.116013453967,47.6255602665234],[-122.11611473093,47.6255408040409],[-122.116116665902,47.6255404323005],[-122.116251178734,47.6255325403846],[-122.116252118372,47.6255324852895],[-122.116340640156,47.625512819974],[-122.116341062365,47.6255127261307],[-122.11645856919,47.6254952276807],[-122.116601069842,47.6254800087106],[-122.116700852907,47.6254722499827],[-122.116821926045,47.6254547321451],[-122.116939571211,47.6254492892269],[-122.117053816254,47.6254583327047],[-122.117132513164,47.625467577793],[-122.117171683304,47.6254721791461],[-122.117346784716,47.6255001929013],[-122.117471841881,47.625518824129],[-122.117650567097,47.6255516414224],[-122.11779356811,47.6255798234474],[-122.118004643456,47.6256341713389],[-122.118165535317,47.6256670805866],[-122.118279976192,47.6256930018416],[-122.118333587649,47.6257023643434],[-122.118650851047,47.6257388613744],[-122.118694326812,47.6257438635035],[-122.118887402614,47.6257838363226],[-122.119105417446,47.6258212650644],[-122.119337506183,47.6258417403384],[-122.119480369754,47.6258578637256],[-122.11964106668,47.6258738932652],[-122.119791148214,47.6258972122528],[-122.119966224473,47.6259228100909],[-122.12012332724,47.6259364463229],[-122.120273241688,47.6259452983988],[-122.120405378477,47.6259590660045],[-122.120541024983,47.6259679925452],[-122.120658838134,47.6259770129268],[-122.12082194524,47.6259737502357],[-122.120822879488,47.6259737320727],[-122.120883345988,47.6259589424957],[-122.120986248902,47.6259125812496],[-122.121103277824,47.6258540870114],[-122.121216853622,47.6258052566989],[-122.121224979782,47.6258019019707],[-122.121351635404,47.6257536390517],[-122.121482711827,47.6257111117181],[-122.121502384034,47.625705336441],[-122.121512280773,47.6257024896692],[-122.121512384079,47.6257024593972],[-122.121637826913,47.625669614812],[-122.121765993755,47.6256419917977],[-122.121770859929,47.6256410606322],[-122.121776353127,47.6256400108006],[-122.121786776279,47.6256380594699],[-122.121797212906,47.6256361432546],[-122.12180766211,47.6256342609439],[-122.121818125686,47.6256324131432],[-122.121828601839,47.6256305998524],[-122.121839091467,47.6256288216771],[-122.121878482592,47.6256224645635],[-122.121888696437,47.6256209067678],[-122.121892993977,47.6256202534987],[-122.122024497929,47.6256032901638],[-122.12215728013,47.6255917421363],[-122.122232743212,47.6255935998855],[-122.122307927124,47.6255983614235],[-122.122382587581,47.6256060112791],[-122.122456482002,47.625616524597],[-122.122456677835,47.6256165560798],[-122.122459164371,47.6256169580916],[-122.122463869747,47.625641132074],[-122.122577363798,47.625958780239],[-122.122578556761,47.6259729861763],[-122.122586466427,47.6259781571995],[-122.122657637252,47.6260477743427],[-122.122728810772,47.6261173901822],[-122.122835280896,47.6262100807875],[-122.122872320232,47.6263035576841],[-122.122909942574,47.6264205027089],[-122.122946983707,47.6265139792292],[-122.122920414235,47.6268429187216],[-122.122958037476,47.6269598625396],[-122.122927395942,47.6271245285092],[-122.122833724115,47.6275481242389],[-122.122767785079,47.6276897171871],[-122.122598281968,47.6278559567489],[-122.122287590644,47.6279298970649],[-122.122184027468,47.6279545434101],[-122.122011032605,47.6279799767794],[-122.121978061739,47.6280507724138],[-122.121981549898,47.6281915781786],[-122.122009624945,47.6307264686937],[-122.122119008306,47.6309364970987],[-122.1223655168,47.631074551524],[-122.122715597452,47.6311879571436],[-122.123063932678,47.6312309593308],[-122.124380185555,47.6314099960996],[-122.124407135014,47.6314285065678],[-122.124508084092,47.631519601077],[-122.12456591763,47.6315843999613],[-122.12462431531,47.631697423092],[-122.124671786781,47.6317912140467],[-122.124733722925,47.631901806183],[-122.124818049577,47.6320966788056],[-122.124855270373,47.6322291063452],[-122.124899794472,47.6323759629406],[-122.124952243508,47.6325902960815],[-122.124999997948,47.6327081986387],[-122.125058566308,47.6328356897677],[-122.125105785353,47.6329077785221],[-122.125163875809,47.6329942776318],[-122.125239744823,47.6330758599208],[-122.125347917255,47.6331741485883],[-122.125423928202,47.6332677867657],[-122.125543734715,47.6334455883038],[-122.125713143503,47.6335941891178],[-122.125857075171,47.6336995206154],[-122.126018956077,47.6338144018168],[-122.126134010502,47.6338909493932],[-122.126256174194,47.6339650488513],[-122.126381903299,47.6340391294388],[-122.12653965465,47.634105804178],[-122.1267527539,47.6341914344576],[-122.126760833348,47.6341946821075],[-122.126812066963,47.6342152691159],[-122.126959258617,47.6342940564647],[-122.127213979509,47.6344156719507],[-122.127429091884,47.6345061522842],[-122.127687804889,47.6346639160611],[-122.127820560617,47.6347283115262],[-122.127906799782,47.6347808992811],[-122.128004080141,47.634862364373],[-122.128072991703,47.6349584505118],[-122.128123672855,47.6350158255953],[-122.128123828263,47.6350160023517],[-122.128132689245,47.6350260387324],[-122.128142335355,47.6350370333491],[-122.128142174557,47.6350372028416],[-122.128131695709,47.6350436937988],[-122.126938853386,47.6357823719255],[-122.124805459689,47.6371034099913],[-122.12355343905,47.6378148490381],[-122.122205343591,47.6387047224127],[-122.11830300181,47.6417150930748],[-122.115826611574,47.6436495493654],[-122.114665451933,47.6447329583911],[-122.114093914105,47.6456424848557],[-122.11395370236,47.6459785427922],[-122.11370793857,47.6460482022865],[-122.111033417712,47.6459778994607],[-122.110999689567,47.6386007677472],[-122.110955547252,47.6386004983936],[-122.110924850022,47.6276595699092],[-122.110925539928,47.627642356118],[-122.110936882955,47.6273592270962],[-122.110973889053,47.6271637126189],[-122.110990180001,47.6270285902195],[-122.11098150497,47.6268935982425],[-122.110973407556,47.6268092425344],[-122.110976258809,47.6267465312941],[-122.110975241018,47.6266573155828],[-122.110967363691,47.6265922496499],[-122.11096310927,47.6265319871092],[-122.110962475059,47.6264765285825],[-122.110969003117,47.6264234450995],[-122.110982581152,47.6263630891277],[-122.111003322354,47.6263051075888],[-122.111031166534,47.6262446782231],[-122.111055500099,47.6261890892236],[-122.111072949873,47.6261552388558],[-122.111111687923,47.6261116312966]]]},"properties":{"OBJECTID":1,"SD_BASIN_ID":5,"BASIN":"ARDMORE","TYPE":"AREA","BASIN_NO":87,"SYMBOL":82,"SysChangeUser":"gisdba_cobgis","SysCreateDate":"Fri, 02 Oct 2026 19:14:30 GMT","SysChangeDate":"Fri, 02 Oct 2026 19:14:30 GMT","SysCreateUser":"gisdba_cobgis"}},{"type":"Feature","id":2,"geometry":{"type":"Polygon","coordinates":[[[-122.209704961408,47.6391948755827],[-122.209704468233,47.6392002184085],[-122.20970280635,47.6392182025484],[-122.209685293693,47.6396399044016],[-122.209702010442,47.6405539700669],[-122.209705389006,47.6415288103934],[-122.20968568446,47.6424786728717],[-122.209135440298,47.6425863481178],[-122.208555038793,47.6426842823817],[-122.208206488869,47.6427130997505],[-122.207793839659,47.6422990827001],[-122.207685879229,47.6421526582982],[-122.207566026004,47.6419501007889],[-122.207500619668,47.6418383369677],[-122.207508981187,47.6417608538136],[-122.208391586733,47.6408919721589],[-122.208545064798,47.640791633454],[-122.208740712477,47.6403179495097],[-122.208849590984,47.6401055946187],[-122.209020342754,47.6398713872538],[-122.209095962934,47.6397790235143],[-122.209228070078,47.6396578387575],[-122.209704961408,47.6391948755827]]]},"properties":{"OBJECTID":2,"SD_BASIN_ID":6,"BASIN":"POINT CITIES","TYPE":"AREA","BASIN_NO":96,"SYMBOL":23,"SysChangeUser":"gisdba_cobgis","SysCreateDate":"Fri, 02 Oct 2026 19:14:30 GMT","SysChangeDate":"Fri, 02 Oct 2026 19:14:30 GMT","SysCreateUser":"gisdba_cobgis"}},{"type":"Feature","id":3,"geometry":{"type":"Polygon","coordinates":[[[-122.157847690423,47.6290820392193],[-122.157811836863,47.6290824563394],[-122.15766842532,47.62908412482],[-122.157399425706,47.6290832130886],[-122.157094778247,47.6290907975311],[-122.156694111664,47.6290833341685],[-122.156233691844,47.6290765645927],[-122.155767500347,47.6290779400601],[-122.15538486385,47.6290743040312],[-122.155098347987,47.6290897532173],[-122.154913620228,47.6291121003156],[-122.154436197096,47.6291418859381],[-122.154268984689,47.6291478672765],[-122.154006266994,47.6291589963177],[-122.153982561519,47.6291630372662],[-122.153958114663,47.6291631642986],[-122.153934320092,47.6291593701732],[-122.153912534284,47.6291518711851],[-122.153893999201,47.6291410948358],[-122.153879771487,47.6291276554621],[-122.153870662229,47.6291123192135],[-122.15386719072,47.6290959603756],[-122.153821642696,47.6290471369211],[-122.153771748416,47.6290002949343],[-122.153717695957,47.6289556109746],[-122.153659689066,47.6289132534673],[-122.153597946396,47.628873382068],[-122.153532700676,47.6288361470611],[-122.15346419784,47.628801688794],[-122.153392696096,47.6287701371471],[-122.15327247007,47.6287432481675],[-122.153255000742,47.6287390383232],[-122.153238636878,47.6287331379828],[-122.153223734137,47.6287256753872],[-122.153210616423,47.6287168127323],[-122.153199568842,47.6287067426436],[-122.153190831505,47.6286956839893],[-122.153184594314,47.6286838771235],[-122.153180992828,47.6286715786621],[-122.153165659484,47.6285384180427],[-122.153117913128,47.6285104380023],[-122.153095434585,47.6284795501804],[-122.153028589148,47.6284261369686],[-122.153005472801,47.6284179948498],[-122.15296836699,47.6281457032409],[-122.153021866156,47.6280526158912],[-122.153038763467,47.6279531981837],[-122.153052202214,47.6279093441041],[-122.153059274639,47.6278648148613],[-122.153059913841,47.6278200317762],[-122.15305411379,47.62777541857],[-122.153041929379,47.6277313973556],[-122.153023475909,47.6276883846437],[-122.152998927993,47.627646787402],[-122.152968517907,47.6276069992045],[-122.152963922605,47.6275839329266],[-122.152965410718,47.6275606801562],[-122.152972935683,47.6275379683481],[-122.152986262077,47.6275165080323],[-122.153004972983,47.6274969705856],[-122.153028483033,47.6274799672279],[-122.153056056722,47.6274660299007],[-122.15308683142,47.6274555946259],[-122.153572289982,47.6274392549918],[-122.1535908123,47.6274397458357],[-122.15360916537,47.6274379871289],[-122.153626756189,47.6274340356968],[-122.153643016384,47.6274280192134],[-122.153657420574,47.6274201320762],[-122.15366950335,47.6274106291248],[-122.15367887431,47.6273998174072],[-122.153685230671,47.6273880462583],[-122.153684683597,47.6272545681555],[-122.15370230495,47.6271117656059],[-122.153713859979,47.6268744698456],[-122.153696284441,47.6266475137116],[-122.153658373739,47.6264827505814],[-122.153665308733,47.6263239389274],[-122.153678324423,47.6261363681033],[-122.153707066021,47.62588292335],[-122.153673148331,47.6256242324466],[-122.153649499283,47.6253849519535],[-122.153663151878,47.6251306553283],[-122.153640542181,47.6249444993906],[-122.153633223606,47.6248191214016],[-122.153633871292,47.6246702274214],[-122.153617747431,47.624575165559],[-122.153561183212,47.6244589932017],[-122.153525776115,47.6243970819731],[-122.153478218406,47.6243105183813],[-122.153453497667,47.624264615819],[-122.153438202053,47.6242449233864],[-122.153293614615,47.6242264975596],[-122.153231378434,47.6242178522585],[-122.153182131891,47.624227057606],[-122.153116120989,47.6242490120265],[-122.153038371802,47.6242840000676],[-122.152946794847,47.6243079361172],[-122.152839083251,47.6243189796089],[-122.152747924911,47.6243395160168],[-122.152614015746,47.624378182735],[-122.15249288871,47.6244158589028],[-122.152318118776,47.6244368142463],[-122.152075664379,47.6244522393742],[-122.151888950446,47.6244673847782],[-122.151699091511,47.6244874882293],[-122.151515521681,47.6244976743624],[-122.151252316201,47.6245376045419],[-122.151006084388,47.6245836285602],[-122.150752516035,47.6246275243779],[-122.150513410557,47.6246568306174],[-122.150261521155,47.6246871267517],[-122.150066839165,47.6247257853419],[-122.149843445222,47.6247713823528],[-122.149557182683,47.6248339742677],[-122.149333992658,47.6248984133289],[-122.149132180739,47.6249537863456],[-122.148974585696,47.624999672561],[-122.148765233319,47.6250340776604],[-122.148619169948,47.6250480876846],[-122.148454669555,47.6250473623602],[-122.148235891156,47.6250555564669],[-122.147997213277,47.6250403736955],[-122.147727732166,47.6250080434656],[-122.147463280723,47.6249759965649],[-122.147216858467,47.624921001371],[-122.147015699624,47.6248685611106],[-122.1467971476,47.624813425945],[-122.146569378862,47.6247509217957],[-122.14639651156,47.6246949419031],[-122.146219251497,47.6246130353292],[-122.145973886558,47.6245289950138],[-122.145862222375,47.6244912317424],[-122.145857262776,47.6245076812796],[-122.145840712216,47.6245286571716],[-122.145810385092,47.6245451726912],[-122.1457629244,47.6245595757846],[-122.145521332386,47.6245970017702],[-122.145476866021,47.6246138417673],[-122.145434530643,47.6246330283933],[-122.145394596615,47.6246544391193],[-122.145357318965,47.6246779372129],[-122.145322935759,47.6247033726114],[-122.145291666577,47.6247305828796],[-122.145263711117,47.6247593942475],[-122.145239247912,47.6247896227202],[-122.145222813234,47.6248152150462],[-122.145185539438,47.6248271914271],[-122.145148031182,47.6248299335038],[-122.144717740855,47.6248175545002],[-122.14464485874,47.6246696419508],[-122.144551022522,47.6245273929876],[-122.14447079578,47.6244184375288],[-122.144331912644,47.624251390255],[-122.144187786042,47.624106299955],[-122.144100635086,47.6240329033803],[-122.143923239377,47.6239135765863],[-122.143909146607,47.6238954570051],[-122.143898932762,47.6238826370056],[-122.143705024222,47.6236368967331],[-122.143693559922,47.6236199746611],[-122.143670655577,47.6236069886972],[-122.143652069434,47.6236001990373],[-122.143622041449,47.6235973467017],[-122.143590597719,47.6236009068233],[-122.143565620961,47.6236107873704],[-122.143285106742,47.6237844295536],[-122.143260416546,47.6237834432581],[-122.143035976066,47.6238169857715],[-122.142924699057,47.6238363768462],[-122.1427371443,47.6238583072123],[-122.142572009696,47.623883215825],[-122.142463876791,47.6238976499791],[-122.142333744144,47.6239057044049],[-122.142244262958,47.6239126320699],[-122.142089824595,47.6239124655686],[-122.141967023997,47.6239226469701],[-122.141769831216,47.6239406073061],[-122.141644306926,47.6239523453366],[-122.141559434098,47.6239629566059],[-122.141447112348,47.6239703056625],[-122.141321166749,47.6239854433353],[-122.141191033203,47.6239934965366],[-122.141083319811,47.624004528591],[-122.140969532909,47.6240032353324],[-122.140838356419,47.6239992459683],[-122.140724150902,47.6240013511465],[-122.140599045228,47.6240096889107],[-122.140410865244,47.6240161733666],[-122.140144525542,47.6240199520301],[-122.139982752434,47.6240176561333],[-122.139761674347,47.6240239922511],[-122.139590044924,47.6240399702837],[-122.139419677634,47.6240457475612],[-122.139229615679,47.6240469875385],[-122.139072870442,47.6240449749972],[-122.138806749031,47.6240265085342],[-122.138660905748,47.6240182652241],[-122.138466854375,47.624031261984],[-122.138307387242,47.6240308060743],[-122.138139744542,47.6240350236936],[-122.137969797664,47.6240373995099],[-122.137793138573,47.6240530899461],[-122.137642047332,47.6240668023481],[-122.13748654716,47.624095671762],[-122.137300855509,47.6241639200537],[-122.137166715478,47.6242248107603],[-122.136983326209,47.6242949000715],[-122.136818169148,47.6243608843106],[-122.136549686964,47.6244638228993],[-122.136330031809,47.6245609622691],[-122.13614998607,47.6246449353279],[-122.135969519919,47.6247323066415],[-122.135784024999,47.6248193938535],[-122.135597485339,47.6248944391694],[-122.13544595033,47.6249526323633],[-122.135305735891,47.6250011940484],[-122.135075816585,47.6250789206225],[-122.134844012615,47.625151404534],[-122.1346294015,47.6252077405444],[-122.134487520686,47.6252288172647],[-122.13429785399,47.6252677333732],[-122.134110910986,47.6253050928586],[-122.133893792673,47.6253407431525],[-122.133653411588,47.6253802137629],[-122.133365662338,47.6254341223114],[-122.133140567884,47.6254932866371],[-122.13288678124,47.6255183022392],[-122.132673229239,47.6255455924686],[-122.132398484899,47.625576268304],[-122.13221091577,47.6255981815934],[-122.131989211557,47.625589060038],[-122.131741937699,47.6255819152423],[-122.1315024172,47.6255734965998],[-122.131196056654,47.6255527348475],[-122.130924478875,47.6255373651394],[-122.130770456432,47.6255337839593],[-122.130606796862,47.6255262335109],[-122.130386156255,47.6254880671307],[-122.130178719086,47.6254455118777],[-122.129955773402,47.6254055018679],[-122.129749378279,47.6253749875853],[-122.129524327843,47.625351976535],[-122.129294248637,47.6253286809165],[-122.129084707614,47.6253031233522],[-122.128718643237,47.6252532971756],[-122.128489827063,47.6252197997812],[-122.128183693791,47.6251767878045],[-122.127851175202,47.6251014680217],[-122.127568528382,47.6250323939144],[-122.12732170458,47.6249807559828],[-122.127134810085,47.6249359341272],[-122.126951707379,47.6248605122822],[-122.126627170321,47.6247616733672],[-122.126296960403,47.6246881911333],[-122.126049943463,47.6246177075953],[-122.125786574489,47.6245565685057],[-122.125583752864,47.6245176900112],[-122.125326679285,47.6244466359066],[-122.125065840865,47.6243650958487],[-122.124809189494,47.6242906394859],[-122.12462732826,47.6242460991808],[-122.1244921902,47.6242127640085],[-122.124306164376,47.6241713199403],[-122.124228451121,47.6241714943117],[-122.123553303404,47.6241689526064],[-122.122839780557,47.6241633043047],[-122.122840130002,47.6240291907127],[-122.122480267594,47.6240259412201],[-122.122329356914,47.6240272623292],[-122.122255782198,47.6240269838186],[-122.122187836324,47.6240267277099],[-122.122109625403,47.624026432852],[-122.122108230319,47.624025598531],[-122.122105032317,47.6240255955037],[-122.122107111018,47.6240268385087],[-122.121818275705,47.6240257456572],[-122.121815757727,47.6240257359699],[-122.121788068057,47.6239489329709],[-122.121774746939,47.6239086221133],[-122.121754618389,47.6238634178987],[-122.121611659596,47.623687055638],[-122.121587687155,47.6236274333545],[-122.121547616903,47.6235093413869],[-122.121526737361,47.6234326345036],[-122.121506489334,47.6233383030043],[-122.121503898593,47.6233383326721],[-122.121492830905,47.6232692977934],[-122.121484866532,47.6232000676713],[-122.121480012794,47.6231307060528],[-122.12147827415,47.6230612768053],[-122.121476277053,47.6229522520165],[-122.121477042068,47.6228432200941],[-122.121480568952,47.6227342130201],[-122.121486856654,47.6226252627693],[-122.121489346784,47.6226252349175],[-122.121496992345,47.6225311162995],[-122.121514111918,47.6223597025241],[-122.12153538634,47.6221885015682],[-122.121531567856,47.6221719667384],[-122.121531829294,47.6221552325213],[-122.12153616351,47.6221387559098],[-122.121544452138,47.6221229868614],[-122.121544538377,47.6221229814121],[-122.121528206106,47.6212894946718],[-122.121487657951,47.6211763745583],[-122.121439922375,47.6210584702057],[-122.12138511077,47.62094542649],[-122.121323221338,47.6208372428373],[-122.121268494175,47.6207314325053],[-122.121195906706,47.620623305932],[-122.121083949672,47.6205033301321],[-122.121000719863,47.620400082811],[-122.120830920308,47.6202128958111],[-122.120726405816,47.6201194056008],[-122.120650477514,47.6200305878995],[-122.120588983341,47.6199561610878],[-122.120534565198,47.619876873774],[-122.1204870012,47.6197734362975],[-122.120453926129,47.61968921321],[-122.120326924111,47.619501798415],[-122.120254313287,47.619391259968],[-122.120196246187,47.6193047583264],[-122.120098643333,47.6191919403085],[-122.120023025847,47.6191296450009],[-122.119929352224,47.619048153568],[-122.119766637682,47.6188561048697],[-122.119693944213,47.6187383315262],[-122.119646689235,47.6186614178207],[-122.119592301635,47.6185845415443],[-122.119566807447,47.6185388604192],[-122.119544238174,47.6184377012995],[-122.119536156031,47.6183557570675],[-122.119535291852,47.6182810087602],[-122.119569835668,47.6181843706012],[-122.11961516286,47.6180949095709],[-122.119696123525,47.6180028488574],[-122.119784105423,47.6179011043652],[-122.119864925052,47.6177969878137],[-122.119935326919,47.6177170384078],[-122.120058605421,47.617583759657],[-122.12013619381,47.6175085954556],[-122.120231444875,47.6174188692561],[-122.120315997902,47.6173292004285],[-122.120421667628,47.6172153051365],[-122.120520343968,47.6171135040079],[-122.120639745341,47.6169537198527],[-122.120692145868,47.6168593978567],[-122.120761705115,47.6167071119661],[-122.120814217034,47.6166224346255],[-122.120851904055,47.6164896090601],[-122.120889648568,47.6163616051256],[-122.120916974421,47.6162577707217],[-122.120944270629,47.6161515248151],[-122.120964631843,47.6160621953443],[-122.120974378564,47.6159801565567],[-122.120987411322,47.6158739863856],[-122.120993562985,47.6157895559727],[-122.120992471532,47.6156955183039],[-122.120980626347,47.6155967135329],[-122.120961872219,47.6155172379411],[-122.120935538106,47.6153992203036],[-122.120906142535,47.6153246227927],[-122.120851393812,47.6152164014701],[-122.120796869667,47.615127468861],[-122.120738627396,47.6150412611294],[-122.120853335071,47.6150555136342],[-122.121048682713,47.6150672118758],[-122.121155865201,47.6150689704269],[-122.12135640241,47.6150549528839],[-122.121505076284,47.6150397629691],[-122.121641649852,47.6150216506068],[-122.121839595421,47.6149807454697],[-122.121983086017,47.6149316549029],[-122.122152508279,47.6148732143839],[-122.122228659364,47.6148421083728],[-122.12273403178,47.6146810873718],[-122.123240663634,47.6145417948617],[-122.123544910444,47.6144110380857],[-122.123739822403,47.6142747472766],[-122.12423586312,47.6139545870437],[-122.12439745387,47.6138814360082],[-122.124516033284,47.613837248969],[-122.124599305314,47.6137887023475],[-122.124633076579,47.6137311961678],[-122.124640572122,47.6134610729402],[-122.124657365228,47.6132966515817],[-122.124657932065,47.6132316889245],[-122.124643038896,47.6131634293889],[-122.124597134086,47.6130865971091],[-122.124475417755,47.6129941260743],[-122.12427392923,47.6128561474341],[-122.124051593502,47.6124799595028],[-122.123800155054,47.6122523685875],[-122.123565354304,47.6119829529313],[-122.123552094272,47.6119216682564],[-122.123522713074,47.6118123710083],[-122.123489875159,47.611713594025],[-122.123447530373,47.6115891005801],[-122.123395678716,47.6114587615546],[-122.123357653929,47.6113658285931],[-122.123307532427,47.611230229928],[-122.123272101076,47.6111443100966],[-122.123257410028,47.6111045659043],[-122.12324012734,47.6110478719216],[-122.123247047063,47.6109473426776],[-122.123270388887,47.6108614260151],[-122.123307559377,47.6107930428691],[-122.123345592249,47.610736934781],[-122.123389674377,47.6106872558143],[-122.123444127554,47.6106358241564],[-122.123516732989,47.6105738711221],[-122.123591930063,47.6105288685538],[-122.123675769829,47.6104873730616],[-122.123776030797,47.610440618374],[-122.123884934458,47.6103973701598],[-122.124027548297,47.6103260667295],[-122.124288568176,47.6102471681536],[-122.124520202365,47.610188141006],[-122.124670592022,47.6101577510772],[-122.124781222244,47.6101390495738],[-122.124938524437,47.610107490166],[-122.125050018838,47.6100911263351],[-122.125190035648,47.6100624890132],[-122.125322273048,47.6100326816178],[-122.12548043942,47.6100034598403],[-122.125578968437,47.609981835557],[-122.125674041635,47.6099607950831],[-122.125750100194,47.6099380007222],[-122.125859865338,47.6099070244065],[-122.125992102738,47.6098772175282],[-122.126129525214,47.6098316293293],[-122.126201261079,47.609797145184],[-122.126243610356,47.6097626616216],[-122.126304112789,47.6097077212819],[-122.126349919682,47.6096627161514],[-122.12638189791,47.60961011463],[-122.126425976444,47.6095306257002],[-122.126451040339,47.609459319877],[-122.126460548108,47.6093856762346],[-122.126469189901,47.6092600144406],[-122.126483018566,47.6091384439834],[-122.126497712309,47.6090192115878],[-122.126475240952,47.6088391933086],[-122.126466598261,47.6085872847759],[-122.126432890777,47.6084364907077],[-122.126413877934,47.6082856968102],[-122.12638708568,47.6081536053037],[-122.126355108351,47.6080372953135],[-122.126325724458,47.6079180628301],[-122.126316216689,47.6078227936584],[-122.126320539382,47.6077351221501],[-122.126330910432,47.6076439444007],[-122.126329182074,47.6075597799038],[-122.126344738199,47.6074329490579],[-122.126356837608,47.6073265749927],[-122.126368937915,47.6072102649802],[-122.12637239553,47.607100383726],[-122.126361160301,47.6069805670721],[-122.126355110148,47.6068549055562],[-122.12633004805,47.6067374255747],[-122.126304985952,47.6066199465407],[-122.12628424475,47.6065439646854],[-122.126275602059,47.6064907773815],[-122.126254860857,47.6064346683118],[-122.126253995779,47.6063727139349],[-122.126259182652,47.6062873808849],[-122.126273009521,47.6061658107862],[-122.126313629541,47.6060670346458],[-122.126406102117,47.6059296827654],[-122.126451905416,47.6058349986819],[-122.126530550224,47.605719857324],[-122.126597094726,47.6056117299909],[-122.126642033846,47.6054948347196],[-122.126711169987,47.6053241686444],[-122.12671722014,47.6052411736081],[-122.126715490884,47.6051669449998],[-122.126701662218,47.6050798577582],[-122.126698205501,47.6049910181442],[-122.126696476244,47.6048869818814],[-122.126682648477,47.6047998959908],[-122.126698204603,47.6047525529479],[-122.126727587597,47.6046830001166],[-122.12679585866,47.6045994207904],[-122.126869315698,47.6045199327249],[-122.12702141395,47.6044047896837],[-122.127089685013,47.6043112736314],[-122.127153634282,47.6042259408524],[-122.127257336697,47.6041090449071],[-122.127322150144,47.60403598549],[-122.127402517921,47.6039354554877],[-122.127450911064,47.6038676556521],[-122.127528687201,47.6037601126179],[-122.1276332511,47.6036654264242],[-122.127682508422,47.6035999642194],[-122.127741272615,47.6035502839248],[-122.12781386188,47.6034982649923],[-122.127880402788,47.6034497523834],[-122.127960769666,47.6033690947869],[-122.128034223111,47.6032995407218],[-122.128097306403,47.6032218059964],[-122.128164708795,47.6031259522504],[-122.128236432983,47.6030219147011],[-122.128277909996,47.6029552838976],[-122.128328894778,47.6028646895881],[-122.128365185817,47.6027641597577],[-122.128372960736,47.6027057116986],[-122.128385919832,47.6026116093141],[-122.128297769052,47.6024526342898],[-122.128272706055,47.6023947716027],[-122.128222581859,47.6022989187641],[-122.128175050201,47.6022100798786],[-122.128141344513,47.6021288376762],[-122.12808689942,47.6020212965187],[-122.128029860892,47.6019166764985],[-122.127952948035,47.6017880929605],[-122.127889861149,47.6016969163533],[-122.12779220799,47.6015817761839],[-122.127718753647,47.6014824165601],[-122.127612459593,47.601363768798],[-122.127512215692,47.6012416148493],[-122.127415429407,47.6011486837221],[-122.127316051482,47.6010388036661],[-122.127236548783,47.600942950766],[-122.127157910263,47.6008196279938],[-122.127115566375,47.6007448146415],[-122.127054211441,47.6006384409069],[-122.127015324271,47.6005729803658],[-122.12696693023,47.6004818028523],[-122.126901256196,47.6003637385636],[-122.126865825743,47.6002976931467],[-122.126769042153,47.600234570916],[-122.126730156779,47.6002088538914],[-122.126665346924,47.6001726164647],[-122.126591896175,47.6001328724153],[-122.126532270498,47.6001007266758],[-122.126528402353,47.6000983485602],[-122.126400494833,47.5998848901387],[-122.12642824469,47.5997820897253],[-122.126392349808,47.5995570330981],[-122.126413990223,47.5992083406088],[-122.126399226411,47.5986141004826],[-122.126446070858,47.5980601529252],[-122.12642010775,47.5970151089538],[-122.126506915549,47.5968501476401],[-122.126502334141,47.5966657283252],[-122.126468985983,47.5965431266427],[-122.126526010139,47.5963990007853],[-122.126675441293,47.5963153137225],[-122.126822892561,47.5962828579016],[-122.126884111849,47.5961512940089],[-122.127024568833,47.5959643012884],[-122.127135227802,47.5958757969429],[-122.127294239489,47.5957867430007],[-122.127390134645,47.5957529347392],[-122.12756282408,47.5955655746995],[-122.127689327534,47.5954659837488],[-122.127848879108,47.5953987338978],[-122.128008701075,47.5953423869711],[-122.128199946111,47.5952529656175],[-122.128376427335,47.5952182392369],[-122.12847896194,47.5951338505954],[-122.128465135071,47.5950865078917],[-122.128446123126,47.5950251392048],[-122.128436616256,47.5949497420619],[-122.128434884304,47.5948457064269],[-122.128479810848,47.5947685546383],[-122.128520416495,47.5946499055839],[-122.128576575573,47.5945534660753],[-122.128662974639,47.5944693005076],[-122.12873295879,47.5944003307184],[-122.128822816369,47.5943255172741],[-122.128917855431,47.5942547934967],[-122.12901462375,47.5941788094319],[-122.129094975358,47.5941180230698],[-122.129190015318,47.5940472984062],[-122.129298016171,47.5939917714968],[-122.129399102692,47.5939274766925],[-122.12954943845,47.5938473999238],[-122.129666943479,47.593797716426],[-122.129766304336,47.5937684898193],[-122.129877761906,47.5937421856169],[-122.129976258584,47.5937205570342],[-122.130079941236,47.5937030194711],[-122.130192262986,47.593688988326],[-122.130295079661,47.593669112328],[-122.130395304698,47.5936521599598],[-122.130553419866,47.5936428026234],[-122.130688207583,47.5936398753506],[-122.130813491124,47.5936410397171],[-122.130917174674,47.593643373902],[-122.131032088962,47.5936462914816],[-122.131172060856,47.5936474546362],[-122.131277471866,47.5936544638538],[-122.131382017799,47.5936591352514],[-122.131490024941,47.5936632220425],[-122.131553962531,47.5936673106507],[-122.131665420101,47.5936708122292],[-122.131763054396,47.5936766528375],[-122.131801072896,47.5936801580503],[-122.131854641233,47.5936760639908],[-122.131916850465,47.5936655404754],[-122.131961777907,47.5936579399892],[-122.13200152207,47.5936462490749],[-122.132036945337,47.5936228678443],[-122.132063723217,47.5935761083808],[-122.132095684376,47.593493696277],[-122.132101720157,47.5933808928488],[-122.132091344615,47.5933130938743],[-122.132093063991,47.5932283453355],[-122.132078357671,47.5930693690603],[-122.132055017644,47.5929665031556],[-122.132052418817,47.592889936846],[-122.132067962367,47.592812785203],[-122.132080915175,47.5927385571346],[-122.132108556336,47.5926841992823],[-122.132131017812,47.5926555584886],[-122.132154343466,47.5926391922271],[-122.132192359271,47.5926228259605],[-122.132260613266,47.5926087951316],[-122.132336646672,47.5926058684069],[-122.132467974078,47.5926134599585],[-122.132614859407,47.5926333242411],[-122.132721996081,47.5926350714301],[-122.132799756048,47.5926368204365],[-122.132896525266,47.5926403220839],[-122.133056366097,47.5926455733431],[-122.133202384552,47.5926531624658],[-122.133389873732,47.5926537361785],[-122.133553169484,47.5926484661397],[-122.133725971209,47.5926490392465],[-122.13390654875,47.5926507815885],[-122.134067252863,47.5926484334253],[-122.134207222961,47.5926495923614],[-122.134414582874,47.5926443180814],[-122.134625395912,47.5926185864212],[-122.134761042418,47.5925981193404],[-122.134850031327,47.5925805789779],[-122.134949388591,47.5925513474506],[-122.135090208495,47.592485292172],[-122.135246580931,47.5924116361427],[-122.135488484661,47.5923110880438],[-122.135651768735,47.592246198071],[-122.135834923543,47.5921655256251],[-122.136113966322,47.5920164617183],[-122.136235778772,47.5919585880949],[-122.136334263772,47.5919071465032],[-122.136437930254,47.59183992237],[-122.136525183618,47.5917878972463],[-122.136626260257,47.5917335323482],[-122.136727335998,47.5916791667879],[-122.136860380983,47.5916318124771],[-122.136979602692,47.591586796641],[-122.137148065554,47.5915160600747],[-122.137269013826,47.5914657836745],[-122.137438340867,47.5913973836531],[-122.137564472418,47.5913511983513],[-122.137658637419,47.5913079379888],[-122.137810684467,47.5912424621389],[-122.13790571275,47.5912015396155],[-122.138022340125,47.5911495096162],[-122.138160562101,47.591086372108],[-122.138341113591,47.5909986828492],[-122.138386898925,47.5909735453154],[-122.138460326318,47.5909238572716],[-122.138531158478,47.5908671553498],[-122.138591622283,47.5908022726742],[-122.138634801604,47.5907204420529],[-122.138662422104,47.5906064657896],[-122.138673627689,47.5904977528695],[-122.138662383476,47.5904375535382],[-122.138649401024,47.5903428704958],[-122.138635558884,47.5902657211562],[-122.138608753156,47.5901634404442],[-122.138583665905,47.5900260916414],[-122.138556854787,47.5899039396975],[-122.138544737412,47.5898115942865],[-122.138526569884,47.5897028839563],[-122.138507540871,47.5896117080994],[-122.138485051548,47.5894913085409],[-122.138431438295,47.5892867487371],[-122.138395134679,47.589208432164],[-122.138357098214,47.5891055695756],[-122.138317330694,47.5889980301249],[-122.138298304377,47.5889068542518],[-122.138281867902,47.588812755524],[-122.13828062643,47.5887576126324],[-122.13840273802,47.588474546894],[-122.138399142064,47.5883311095004],[-122.138450986534,47.5879820683446],[-122.138444822294,47.587736176318],[-122.138408883395,47.5875111230136],[-122.138429410797,47.5871214457417],[-122.138362670463,47.5868762488668],[-122.137402762192,47.5864868970797],[-122.13738816367,47.5864168703923],[-122.137369089742,47.5863120161951],[-122.137356857382,47.5862159569709],[-122.137343659334,47.5861010826529],[-122.137325711893,47.5859826138935],[-122.137302734785,47.5858639546134],[-122.137273076906,47.5857040719567],[-122.137267889135,47.5855229252302],[-122.13725774985,47.5854320656449],[-122.137245960361,47.5853001739422],[-122.137248135182,47.5851824680257],[-122.13725618768,47.5850547425315],[-122.137273333824,47.5849085831034],[-122.137314385934,47.5847479667978],[-122.137340466722,47.5846158031337],[-122.137360832428,47.5844612311543],[-122.137398987471,47.584244170377],[-122.137434768267,47.5840253133556],[-122.137604767248,47.5843453314088],[-122.137992817891,47.5846693350232],[-122.13813945798,47.5848354508249],[-122.138355485738,47.5852435404543],[-122.138456434816,47.5852709438016],[-122.138561942844,47.5852697332001],[-122.138811864038,47.5852322911843],[-122.139064933827,47.5851735775415],[-122.139301665955,47.5851839876421],[-122.139359541714,47.5852211939946],[-122.139460074872,47.5853170557012],[-122.139817253114,47.5853641073197],[-122.140215778113,47.5853747918576],[-122.14132425875,47.5853770415844],[-122.142654455277,47.5854252722399],[-122.142829537824,47.5853890639585],[-122.143025238503,47.5853575629332],[-122.143194305033,47.5853384526655],[-122.143297337305,47.5853452139687],[-122.143412773514,47.5853542940721],[-122.143537039263,47.5853518225828],[-122.143698155703,47.5853597169278],[-122.143893785416,47.5853761509034],[-122.144079644153,47.5854005579805],[-122.144079964851,47.5854132856226],[-122.145486000748,47.5854300013272],[-122.145479391842,47.585964621737],[-122.145477290683,47.586134557848],[-122.145471680704,47.5865883742937],[-122.145468441379,47.5868504180343],[-122.145771538346,47.5870175587389],[-122.145976276077,47.5871194129966],[-122.14614999588,47.5872383535903],[-122.146231880911,47.5872577939768],[-122.146251640254,47.5872490571337],[-122.146269929055,47.5872488462862],[-122.146310798807,47.5872512304387],[-122.146347376409,47.5872508081377],[-122.14637975798,47.5872513861508],[-122.14641507255,47.5872566906626],[-122.14643369822,47.5872698044071],[-122.146442915833,47.5873078981074],[-122.146463145893,47.5873819248491],[-122.146470041361,47.5874461089424],[-122.146454843663,47.5874896336318],[-122.146458234803,47.5875057082573],[-122.146452394856,47.587518270588],[-122.146445706898,47.5875320337708],[-122.146434591145,47.5875446572891],[-122.146419883029,47.5875543483441],[-122.146406919441,47.5875634232173],[-122.14639218168,47.5875719237146],[-122.146379172278,47.5875792142684],[-122.146362615429,47.587585355467],[-122.146342543473,47.5875915378648],[-122.14632683643,47.5875964794201],[-122.146299479136,47.5876014973158],[-122.146401343598,47.5879006313744],[-122.146454623576,47.5880570926138],[-122.146489457548,47.5881593835008],[-122.1464649551,47.5888527371891],[-122.146331934369,47.5889369663179],[-122.146152302753,47.5890130016159],[-122.146004471499,47.5890625575782],[-122.145865917146,47.5891025293587],[-122.145765438785,47.5891315840831],[-122.145676393282,47.5891681151233],[-122.145609449031,47.5891891754721],[-122.145576360485,47.5892149166947],[-122.145611302255,47.5892626972947],[-122.145688042635,47.589332818324],[-122.145800298808,47.5894824951267],[-122.145796441442,47.5895185491121],[-122.145803379131,47.58957196451],[-122.145862060678,47.589662157738],[-122.145899723445,47.5897359109386],[-122.14594724073,47.5898358302622],[-122.146065846196,47.5900282605901],[-122.146212477301,47.5902426098355],[-122.14626503144,47.5903427747718],[-122.146402686579,47.5905464101686],[-122.146505610155,47.5907671792285],[-122.146628889554,47.5909632623812],[-122.146766549185,47.591166897787],[-122.146909392993,47.5913930440515],[-122.147063767577,47.5916060585091],[-122.14718405379,47.591759191138],[-122.147277349222,47.5918904764869],[-122.147645124889,47.5924848717307],[-122.149911951643,47.595987809293],[-122.150079589852,47.5962346978291],[-122.151052363795,47.5961904964864],[-122.151295932103,47.5961942626221],[-122.151410330758,47.596192937175],[-122.151413422759,47.5961983498209],[-122.151602335768,47.5965480067753],[-122.151813204501,47.5969310993943],[-122.152422480555,47.5974614086128],[-122.15263503812,47.5976579494763],[-122.152636738631,47.5976589247551],[-122.152711697652,47.5977019472546],[-122.15293061529,47.5978325016847],[-122.15306149264,47.5978868414681],[-122.153316756115,47.5980088996649],[-122.153505154389,47.5980934454073],[-122.153753776619,47.5982066172748],[-122.153997726711,47.5983161361911],[-122.154172111267,47.5983897233341],[-122.15433445211,47.5984575847871],[-122.154494094414,47.5985270253506],[-122.154654099638,47.598593060282],[-122.15482563384,47.5986459606149],[-122.154933519709,47.5986786281945],[-122.155085273008,47.5987271379588],[-122.15524549203,47.5987675003357],[-122.155440448905,47.5987907266186],[-122.155641168472,47.5988073865621],[-122.155814372642,47.5988209880696],[-122.156025012305,47.5988158749354],[-122.156187990952,47.5988067196314],[-122.15632418004,47.5987876936275],[-122.156453206861,47.5987409236355],[-122.1565845702,47.5986959793359],[-122.156696517353,47.598643238972],[-122.156792627207,47.5985965724344],[-122.156880998973,47.5985512391175],[-122.1570141814,47.5984892626828],[-122.157204791327,47.5983872900171],[-122.157386207895,47.5983002762947],[-122.157546752108,47.5982190916252],[-122.157732686304,47.5981134651066],[-122.157942192293,47.5980004287277],[-122.158098944716,47.5979310419837],[-122.158279113525,47.5978319819416],[-122.158471172434,47.5977163813673],[-122.158619668442,47.5976294689032],[-122.158773410611,47.5975171323487],[-122.158918481343,47.5974344617319],[-122.159105132395,47.5973380352303],[-122.159331240148,47.5972276843641],[-122.159666110527,47.5970891358982],[-122.160020896555,47.5969754049098],[-122.160265435942,47.5968897578845],[-122.160535189242,47.5968231743962],[-122.16100077707,47.5967369546654],[-122.161298586553,47.5967065502577],[-122.161576841509,47.5966898369429],[-122.161815640661,47.596687048563],[-122.162035053271,47.5967046832614],[-122.162264588996,47.5967289305834],[-122.162594481809,47.5967856661351],[-122.163114630613,47.5968873039014],[-122.16353528022,47.5969901015218],[-122.163965967601,47.5970961476836],[-122.164396312724,47.5971887298173],[-122.164701337476,47.5972457513987],[-122.165121820894,47.5973418127929],[-122.165547711272,47.5974546403941],[-122.165788666381,47.5975359728447],[-122.166155549122,47.5976764179832],[-122.166417786218,47.5978113557672],[-122.166670332289,47.5979565063146],[-122.166837612968,47.5980757263707],[-122.166959773965,47.5981820096063],[-122.16708742816,47.5983084261328],[-122.167175196259,47.5984319438198],[-122.167275346735,47.5985873098738],[-122.167336559735,47.5986879440451],[-122.167431242166,47.5988234389332],[-122.167519074044,47.5989457947905],[-122.167639357563,47.599063361932],[-122.167746163657,47.5991634615255],[-122.167879926396,47.5992984978453],[-122.168013237282,47.5994159127584],[-122.168199784129,47.5995767687507],[-122.168385766834,47.5997155977499],[-122.168624872311,47.5998934631405],[-122.168829831927,47.6000100365625],[-122.169028391944,47.6001310897383],[-122.169237724558,47.6002487160011],[-122.169444026256,47.6003573868582],[-122.169653172919,47.6004723843469],[-122.169837723709,47.6005962942836],[-122.170067864898,47.6007298919363],[-122.170414372951,47.6008825653779],[-122.173691279784,47.602336499998],[-122.173859332116,47.6024060783605],[-122.174102496182,47.6024577325316],[-122.174342006799,47.6024828142752],[-122.174451660553,47.6024621002895],[-122.174556373572,47.6024420834656],[-122.174682703651,47.6024085496502],[-122.174845583483,47.6023681113401],[-122.174895823562,47.6023470641692],[-122.174902179143,47.6023008176634],[-122.174919236353,47.6022391067316],[-122.174932273603,47.6021727305411],[-122.174950853458,47.602074175214],[-122.175003105763,47.6019760994261],[-122.175019237709,47.6019197517081],[-122.175045638297,47.6018131168764],[-122.175092406387,47.6016722103831],[-122.175141454402,47.6015554001945],[-122.175173337408,47.6014915974418],[-122.175234981599,47.6014323114623],[-122.17530949775,47.6013729533348],[-122.175401119621,47.6013355967369],[-122.175490079784,47.6013230365114],[-122.175637531949,47.601316169454],[-122.175746585628,47.6013269343248],[-122.175854716737,47.601343061638],[-122.175947095888,47.6013666459696],[-122.176049469694,47.6013975389081],[-122.176161835461,47.6014357428635],[-122.176261223268,47.6014653146877],[-122.176385428831,47.6015001023398],[-122.176589565589,47.6013148489824],[-122.176873710798,47.6010322454907],[-122.176954774769,47.6009468092354],[-122.177022327181,47.6008756122495],[-122.177116838033,47.6007735909308],[-122.177224859548,47.6006573305545],[-122.177244674586,47.6006078291841],[-122.177238972081,47.6005475875729],[-122.177202693618,47.6004968958385],[-122.177156640587,47.6004563058295],[-122.177084845433,47.6004158623759],[-122.177017175342,47.6003887904188],[-122.176895035905,47.6003606880975],[-122.176782778834,47.6003311907597],[-122.176636744209,47.6002925104976],[-122.176530462732,47.6002656571462],[-122.176385458475,47.600230319273],[-122.176237336166,47.6001995788958],[-122.176122058959,47.6001675119428],[-122.17603538411,47.6001351081816],[-122.175938082192,47.6000940326982],[-122.175819434506,47.6000320968582],[-122.175710505693,47.5999436569382],[-122.175616500592,47.5998286504127],[-122.175582484087,47.5997199730056],[-122.175557112968,47.5996269325652],[-122.175545929841,47.5995238602727],[-122.175564280626,47.5994175846088],[-122.175598736407,47.5993415268713],[-122.175654309784,47.5992775354551],[-122.175741314314,47.5992219698764],[-122.175836435123,47.5991786227356],[-122.175938996677,47.5991211144234],[-122.176012611818,47.599072493567],[-122.176088155642,47.5990164770944],[-122.176170269744,47.5989316251233],[-122.176275139968,47.5988453040721],[-122.176412539986,47.598747411831],[-122.176503831277,47.5986839388171],[-122.176585131505,47.5986131549035],[-122.176859111378,47.598454408213],[-122.176941863284,47.5985198308195],[-122.177131909967,47.598673057704],[-122.177332214512,47.5987738958482],[-122.177441758672,47.5988035455015],[-122.177615216166,47.5988289451983],[-122.17778741602,47.598845698415],[-122.177981683887,47.5988844863587],[-122.178163681665,47.5989549803576],[-122.178290035099,47.5990251453407],[-122.178466792106,47.5991483645201],[-122.178655588335,47.5992929431701],[-122.178893274474,47.5994665019584],[-122.179076318789,47.5996329518078],[-122.179223257119,47.5997695691056],[-122.179378723155,47.5999170335878],[-122.179563267657,47.6000733104979],[-122.179722749163,47.6002278951276],[-122.179813031646,47.6003367186725],[-122.179918095008,47.6004311286203],[-122.180006864728,47.6005158788197],[-122.18008687767,47.6006428445547],[-122.180130269892,47.6007091245583],[-122.180247120049,47.6008094663225],[-122.180368482444,47.6009135361351],[-122.18047756397,47.6010150659384],[-122.180549794807,47.601108973729],[-122.180616254867,47.6011905064447],[-122.180687728424,47.6012723770259],[-122.180786025676,47.6013611938807],[-122.18091390445,47.6014554275327],[-122.18106559307,47.6015427073695],[-122.18126040352,47.6016465915856],[-122.181426874816,47.6017194568763],[-122.181583063997,47.6017762179079],[-122.181730464958,47.6018067023526],[-122.181848788353,47.6018283778673],[-122.181953311827,47.6018234388672],[-122.182149574852,47.6018144112896],[-122.18225961039,47.6018064194835],[-122.182416009776,47.6017758684101],[-122.182584432213,47.6017324307106],[-122.182730303344,47.6017045950206],[-122.18292179362,47.6016764092116],[-122.183103258697,47.6016475474071],[-122.183299263007,47.6016230897577],[-122.18349175221,47.6015881216835],[-122.183700280832,47.6015473853316],[-122.183835125142,47.6015256539743],[-122.183951931282,47.6015232535119],[-122.184063223563,47.601523905265],[-122.184132911269,47.6015320267379],[-122.184289842458,47.6015665756928],[-122.18435201935,47.6015913126046],[-122.184472615482,47.6016490956199],[-122.184613286266,47.6017424759052],[-122.184715845125,47.6018195901537],[-122.184785569663,47.6018962027573],[-122.18484800527,47.6019363676496],[-122.184915954736,47.6019734797161],[-122.185041049631,47.6020007446814],[-122.185167143452,47.6020212292846],[-122.185323317361,47.6020437393822],[-122.18545442468,47.6020645601388],[-122.185647211225,47.6021135077218],[-122.185763278051,47.6021333150954],[-122.185910185838,47.6021671852568],[-122.186205717193,47.6023363685592],[-122.186115867699,47.60242075891],[-122.186070802814,47.6025204565534],[-122.186048308101,47.6026387958108],[-122.186024313202,47.6027673106305],[-122.186020614838,47.6028783566682],[-122.186009164911,47.6030248378147],[-122.185995937218,47.6031318178484],[-122.185992738318,47.6032394730171],[-122.185993811804,47.6033696756505],[-122.185997105927,47.6034332501879],[-122.185992166091,47.6035698969321],[-122.186000289556,47.603755367016],[-122.185992095124,47.6038969305244],[-122.185979866358,47.6039971286827],[-122.185936336694,47.6041551468719],[-122.185829126358,47.6042985990399],[-122.185751738293,47.6044286524614],[-122.185680345584,47.6045180145243],[-122.185591153656,47.6046078906592],[-122.185476652594,47.6047148953167],[-122.185359634452,47.6048046081854],[-122.185243874849,47.6049029669739],[-122.185128633575,47.6050321812402],[-122.185004379503,47.6051881830355],[-122.184724770786,47.6054706956357],[-122.184572931248,47.6056077168136],[-122.184423365347,47.6057808470374],[-122.184303863363,47.6059217588172],[-122.184172575482,47.606056739536],[-122.184049799139,47.6061683224779],[-122.183911979608,47.6062788919068],[-122.183749607324,47.6064186261496],[-122.183641112397,47.6065191852967],[-122.183450395571,47.6066279006662],[-122.18317196185,47.6067820710392],[-122.183112370309,47.6068032551212],[-122.183082404308,47.6068242441732],[-122.182991731956,47.6069750640876],[-122.182937039827,47.6071100984142],[-122.182884509942,47.6072161488955],[-122.182847944917,47.6073565395826],[-122.182825963142,47.6075110142664],[-122.182808710099,47.6079396849385],[-122.182799502367,47.6083139032838],[-122.182768071214,47.608378225833],[-122.182702974797,47.608420565442],[-122.182562165672,47.6084606060141],[-122.182359909088,47.6085013745322],[-122.181804300186,47.608591095442],[-122.181249352445,47.6086757827598],[-122.181002279809,47.6087761177221],[-122.180956823259,47.60881251695],[-122.180778993664,47.6089329277725],[-122.180688931268,47.6090443719454],[-122.18053457016,47.6091983413943],[-122.180437091273,47.6092927922788],[-122.180291742064,47.6094199716955],[-122.180241251355,47.6094643060006],[-122.180099781071,47.6095885289441],[-122.180014566883,47.6096665661047],[-122.179962210373,47.6097145151686],[-122.179818114313,47.6098503412382],[-122.179633180841,47.6100399175648],[-122.179507714043,47.6101821950464],[-122.179503626709,47.6101760613445],[-122.177979592609,47.6101402886697],[-122.177945490561,47.6101390823938],[-122.177911422157,47.610140664759],[-122.177883156683,47.6101441378549],[-122.177855558624,47.6101495334388],[-122.177811898554,47.6101607122051],[-122.177769297636,47.6101736251954],[-122.177727906348,47.6101882267972],[-122.177687870899,47.6102044654334],[-122.177649332706,47.6102222837442],[-122.1776124279,47.61024161879],[-122.177577286842,47.6102624022735],[-122.177544033663,47.610284560781],[-122.177553977115,47.6107128223408],[-122.177558899883,47.6109948242485],[-122.177573533439,47.6118333513886],[-122.176374172042,47.6118353444152],[-122.174990770996,47.6118376269182],[-122.174774956139,47.6103804722664],[-122.174261428817,47.6099234294772],[-122.173631860719,47.6094558490308],[-122.173543791686,47.6091178816185],[-122.173719635106,47.6085660008806],[-122.174077673035,47.6081190794741],[-122.174563472958,47.6077134926893],[-122.174703334359,47.6074048075195],[-122.174706898874,47.6071334306165],[-122.174636945267,47.6069580227594],[-122.174436398176,47.6066942124548],[-122.174301448763,47.6064755637809],[-122.174100926825,47.6062171462996],[-122.173925767022,47.6059230864405],[-122.173832316182,47.6057446576841],[-122.173445822319,47.6057509245473],[-122.172370992573,47.6057368396999],[-122.171521361486,47.6057336278334],[-122.170505775633,47.6057323601666],[-122.169852401282,47.6057664520954],[-122.16960177042,47.6057663230878],[-122.169588955952,47.604633665484],[-122.169605287324,47.6037485426764],[-122.169951788191,47.6035529580683],[-122.169956293242,47.6033481818778],[-122.170216143514,47.6033319267749],[-122.170352260737,47.6032947878099],[-122.170342047791,47.6031716159495],[-122.170979434824,47.6031491505532],[-122.170847902602,47.6030617831471],[-122.170715087586,47.6029585225857],[-122.170576000532,47.6028790005303],[-122.170448119063,47.60280916295],[-122.170310660655,47.6027371877455],[-122.17028188043,47.602719990582],[-122.170222520654,47.602640303412],[-122.17019177761,47.6025400687353],[-122.170167301214,47.6024160949574],[-122.170125301381,47.6022953899003],[-122.170079972392,47.6021434153327],[-122.170053795484,47.6019957178692],[-122.170032553023,47.6018814427119],[-122.169950520668,47.601723073002],[-122.16988893307,47.6015010333296],[-122.169859815977,47.6014083437396],[-122.169832181104,47.6012908460741],[-122.169831664572,47.6012909030119],[-122.169831652894,47.6012908521313],[-122.169654748564,47.6013106271074],[-122.169514570955,47.601342190006],[-122.169328063634,47.6013544346466],[-122.169184715871,47.6013601163042],[-122.169184579327,47.6013601193327],[-122.169001736234,47.6013604924565],[-122.169001208025,47.6013605009366],[-122.168767370268,47.6013674340117],[-122.168767288522,47.6013674321946],[-122.168622208807,47.6013547932331],[-122.168435557755,47.6013346833101],[-122.168435029546,47.6013346863387],[-122.168247398432,47.6013339927885],[-122.168246870223,47.6013339921828],[-122.168016190943,47.601334462222],[-122.168015663632,47.6013344707021],[-122.167832844793,47.6013402189912],[-122.167832723521,47.601340217174],[-122.1675999862,47.6013277556822],[-122.167599458889,47.6013277611336],[-122.167405443449,47.6013292312179],[-122.167206214187,47.6013458110036],[-122.166922597187,47.601393837959],[-122.166667663394,47.6014374939985],[-122.166337934074,47.6015147322633],[-122.166057618383,47.6015886353321],[-122.165779002305,47.6016862593762],[-122.165514772745,47.6017924819744],[-122.16531585969,47.6018845530551],[-122.165109040562,47.6019928171094],[-122.164934068508,47.6020902314286],[-122.164770366717,47.6022135075945],[-122.16463056191,47.602331344202],[-122.164513423393,47.6025278613203],[-122.16431176868,47.6027234715664],[-122.16406920918,47.6030464219696],[-122.163955133919,47.6032148931551],[-122.163811358558,47.6035203904435],[-122.163714785173,47.6036801986858],[-122.163594691199,47.6039317244336],[-122.163468298239,47.6042015964607],[-122.163367474924,47.6044843596914],[-122.163311163133,47.604735757408],[-122.163302218607,47.6048792140405],[-122.163277471818,47.6050550546602],[-122.163272019044,47.6052675271462],[-122.163291853846,47.6054281822334],[-122.163330962001,47.6056200731106],[-122.163374907585,47.6058238180387],[-122.163484452642,47.6060781225702],[-122.163529672936,47.6062085276979],[-122.163608578255,47.6063841621636],[-122.16368092767,47.6065188297739],[-122.163772714831,47.6067224791412],[-122.163853202982,47.6068948752539],[-122.163956362814,47.6071459537134],[-122.164067377515,47.6073700577104],[-122.164204084033,47.6076340123842],[-122.164355323496,47.6079389200099],[-122.164492506122,47.6083107212518],[-122.164587578421,47.6085348541739],[-122.164644434592,47.6087720060692],[-122.164661185478,47.6089553149808],[-122.164647930836,47.6092055483864],[-122.164650313168,47.6093856501926],[-122.164630616707,47.6096218770749],[-122.164613890974,47.609808488496],[-122.164566945916,47.6100134943623],[-122.164475151569,47.6101743716694],[-122.164410252781,47.6102855848794],[-122.164362925939,47.6104043123327],[-122.164310672735,47.6104896162584],[-122.164290641203,47.6106503515988],[-122.164270377006,47.610757160395],[-122.164272594049,47.6108995152604],[-122.164295667277,47.6110698706355],[-122.164321949287,47.6112445319198],[-122.164315013395,47.6114818108172],[-122.164319661278,47.6118150513911],[-122.164351440978,47.612152553839],[-122.164388341973,47.612566616566],[-122.164397401483,47.6128146495494],[-122.164414672492,47.6131165892839],[-122.164414296098,47.6133948381614],[-122.164404224187,47.6136439875361],[-122.164399363403,47.6139912678929],[-122.164402054756,47.6142414693311],[-122.164430249279,47.614488386786],[-122.164453441983,47.6146857017856],[-122.164470501889,47.614939110597],[-122.164484069145,47.6151235042531],[-122.164484754559,47.6152798822807],[-122.164448609945,47.6154029008839],[-122.164457127771,47.6155269086769],[-122.164532625781,47.6156497050659],[-122.164638402405,47.6157648911751],[-122.164742405756,47.6158401765714],[-122.164867103595,47.6159057142903],[-122.16499661371,47.6159777125524],[-122.165180438661,47.6160690144441],[-122.165324390092,47.6161603955033],[-122.165540618174,47.6163648720499],[-122.165638582151,47.6165178195867],[-122.165708360587,47.616788378153],[-122.165715538127,47.6169695480558],[-122.165705232654,47.617164773672],[-122.165681995932,47.6173212006987],[-122.165641133366,47.617459328024],[-122.165592271303,47.6175920796733],[-122.165540199559,47.6177205238441],[-122.165472083905,47.6178274302231],[-122.16535302479,47.6179570872943],[-122.165257630894,47.6180273818054],[-122.165233139226,47.6180473726829],[-122.165233044903,47.6180474538235],[-122.165138430744,47.6181246827003],[-122.164999995867,47.6182015348262],[-122.164815389381,47.6182968099184],[-122.16461164339,47.6183932032383],[-122.164385552704,47.6184864058847],[-122.164138837598,47.6186055319235],[-122.163911258404,47.6187235411132],[-122.163726551306,47.618797247296],[-122.16354189182,47.6188817370372],[-122.163412917101,47.6189337618636],[-122.163193330218,47.6190571466845],[-122.162989582431,47.619153536786],[-122.162797249535,47.6193081401141],[-122.162657603729,47.6194745044249],[-122.16257201674,47.6196008567812],[-122.162492894927,47.6197466080845],[-122.162401288327,47.6199560157666],[-122.16233672012,47.6201481131034],[-122.162308751073,47.6203196469298],[-122.162296570816,47.6204534025006],[-122.162283113155,47.6206604979866],[-122.162288839915,47.6208772611875],[-122.162288052991,47.6210638403165],[-122.162287526578,47.6213097349746],[-122.16227251034,47.6215254601011],[-122.162233378828,47.6216980950237],[-122.162186368192,47.6218923154421],[-122.162090152337,47.6221437911486],[-122.162041183374,47.6222549710324],[-122.161968287784,47.6223661997234],[-122.16193024503,47.6224223558816],[-122.1618524653,47.6225109448882],[-122.161809585118,47.6225552462983],[-122.161750641262,47.6225726203991],[-122.161698157192,47.6226093902622],[-122.16167425392,47.6226148322652],[-122.161608890703,47.6226235886332],[-122.161553035256,47.6226183070819],[-122.161498737487,47.6226043944934],[-122.161454022047,47.6225926216481],[-122.161406026858,47.6225603589285],[-122.161366052726,47.6225388688037],[-122.161292548976,47.6225098949938],[-122.161227041131,47.6224862959763],[-122.161097825664,47.6224843965988],[-122.160957515104,47.6224997720483],[-122.16084436421,47.6225247987705],[-122.160692962152,47.622557451438],[-122.160576650085,47.6225889579217],[-122.160493820924,47.6226171609191],[-122.160379204877,47.6226723880113],[-122.160255099926,47.6227470507233],[-122.160148644175,47.6228453999882],[-122.160070836596,47.6229285959569],[-122.160002679619,47.6230301072472],[-122.159920312193,47.6231661566613],[-122.15989812111,47.6232135587198],[-122.159898775982,47.6232237245152],[-122.159902180597,47.623275709904],[-122.159901369418,47.6233600495179],[-122.159900466611,47.6234540255702],[-122.159899775807,47.6235258723652],[-122.159898899051,47.6236165798321],[-122.159896371192,47.6236166761006],[-122.159894316745,47.6236167475452],[-122.15989105586,47.6236168656104],[-122.159886804134,47.6236170193979],[-122.159882753631,47.6236171665254],[-122.159878995978,47.6236173033599],[-122.159872394259,47.6236175419122],[-122.159866097069,47.6236177701716],[-122.159859623809,47.6236180038802],[-122.159856609961,47.6236181128635],[-122.159847042903,47.6236184591881],[-122.159841693436,47.6236186529362],[-122.159832350957,47.6236189907843],[-122.159828662474,47.6236191245916],[-122.159820813893,47.6236194085535],[-122.159815644089,47.6236195956415],[-122.15980215858,47.6236200842498],[-122.159795882949,47.6236203112983],[-122.159785952972,47.6236206703376],[-122.159777850168,47.623620963987],[-122.159774231754,47.6236210947669],[-122.159766674228,47.623621368436],[-122.159759723962,47.6236216203084],[-122.159752432337,47.6236218842901],[-122.159750362619,47.623621958762],[-122.159741103683,47.6236222941883],[-122.159732072021,47.6236226217436],[-122.159729745385,47.6236227052974],[-122.15972908692,47.6236227295159],[-122.159723913522,47.6236229166039],[-122.159717662146,47.6236231430469],[-122.159712428561,47.6236233325567],[-122.159708641264,47.6236234693912],[-122.159705595975,47.6236235795854],[-122.159700290525,47.6236237739389],[-122.159700604935,47.6236647340715],[-122.159701291248,47.6237529225794],[-122.15970276179,47.6239631915239],[-122.159703741852,47.6240674332347],[-122.1597049429,47.624221662391],[-122.159705817859,47.6243339524971],[-122.159844080259,47.6243351640112],[-122.159846070926,47.6243351815694],[-122.160627008742,47.6243420171484],[-122.160714546871,47.6243760194484],[-122.160633409238,47.6244523186885],[-122.160633214304,47.624452318083],[-122.160632922351,47.6244523344303],[-122.160632644772,47.6244523392739],[-122.160632360006,47.624452344723],[-122.16063200068,47.624452351383],[-122.16063157937,47.6244523598593],[-122.160631029601,47.6244523707574],[-122.160630101641,47.6244523889211],[-122.160629340768,47.6244524028464],[-122.160628172958,47.6244524258537],[-122.160627398611,47.62445244099],[-122.160623805349,47.6244525100116],[-122.160619702744,47.6244525893259],[-122.160617782145,47.6244526262586],[-122.160614992876,47.6244526801439],[-122.160612141624,47.6244527352401],[-122.160605916299,47.6244528551198],[-122.160597945547,47.6244530095104],[-122.160586018615,47.6244532395825],[-122.160576937546,47.6244534145584],[-122.160571867455,47.6244535120363],[-122.160559362008,47.6244537542175],[-122.160557245577,47.6244537941774],[-122.160557268933,47.6244526208095],[-122.160552892341,47.6244525669242],[-122.160541369651,47.6244524234319],[-122.160526056968,47.6244522321087],[-122.160517441227,47.6244521249436],[-122.160499900722,47.624451906375],[-122.160490975062,47.6244517955771],[-122.160473593559,47.624451578825],[-122.160465612926,47.6244514795307],[-122.160459962523,47.6244514086927],[-122.160438255633,47.6244511380552],[-122.160428487352,47.6244510163591],[-122.160425638794,47.6244509812428],[-122.160418169303,47.6244508873976],[-122.16041373432,47.6244508323014],[-122.160411261258,47.6244508014233],[-122.160406167811,47.6244507378507],[-122.160402152341,47.6244506882036],[-122.160401460638,47.6244506791218],[-122.160400113166,47.6244506627745],[-122.160398714489,47.624450644611],[-122.160395976424,47.6244506113111],[-122.160394241777,47.6244505901202],[-122.160393243749,47.6244505774057],[-122.160392130736,47.6244505507657],[-122.160391651934,47.6244505465276],[-122.160391165945,47.6244505428949],[-122.160390724873,47.6244505398676],[-122.160390387106,47.6244505374458],[-122.160390034966,47.6244505344185],[-122.160361848528,47.624490190364],[-122.160419171823,47.6245179327975],[-122.160418988566,47.6245274474783],[-122.160417109291,47.6246264212463],[-122.160412910565,47.6248474606326],[-122.160408498939,47.62507977309],[-122.160400012554,47.6254531210655],[-122.160407174822,47.625465599211],[-122.160379539949,47.6261683967351],[-122.160377411303,47.6261786790348],[-122.160378724719,47.6261890235068],[-122.16038341418,47.6261989101782],[-122.160391243967,47.6262078420873],[-122.160401820512,47.6262153702643],[-122.160414612177,47.6262211162986],[-122.160428975977,47.626224791361],[-122.160444189903,47.6262262107209],[-122.160610520165,47.6262459750589],[-122.160714534295,47.6262502736274],[-122.160818046267,47.626271055082],[-122.160906762986,47.6262851265286],[-122.160994119656,47.626321773905],[-122.161075504325,47.626354926103],[-122.161153014561,47.6263948451769],[-122.161254810751,47.6264399249055],[-122.161324480491,47.6264881007613],[-122.161381659157,47.6265200922464],[-122.161495225074,47.6265883095231],[-122.161573921984,47.6267100228582],[-122.161699013286,47.6268618406801],[-122.161846735845,47.6270815586631],[-122.161915898037,47.6272119174732],[-122.161982419182,47.6273565590133],[-122.162145837105,47.6273541088812],[-122.162243805573,47.6273544043258],[-122.162270262419,47.6273532792656],[-122.162296540576,47.6273556397904],[-122.162321644718,47.6273613964913],[-122.162344623984,47.6273703313243],[-122.162364607998,47.6273821058682],[-122.162380839829,47.6273962741428],[-122.162392704667,47.6274122995014],[-122.162399753107,47.6274295749564],[-122.162392367158,47.6277707380619],[-122.162392088443,47.6278105672261],[-122.162388980682,47.6278503413908],[-122.162383051039,47.6278899687795],[-122.162374313189,47.6279293579546],[-122.16236278729,47.6279684180276],[-122.16234849993,47.6280070588692],[-122.16233148407,47.6280451913175],[-122.162311778967,47.6280827273832],[-122.162289430086,47.6281195804532],[-122.16226448899,47.62815566549],[-122.162237013224,47.6281908992283],[-122.162207066183,47.628225200367],[-122.162174716965,47.6282584897565],[-122.162140040211,47.628290690582],[-122.162103115932,47.6283217285403],[-122.162064029329,47.6283515320113],[-122.162061294857,47.6283666829451],[-122.162020506852,47.62852637955],[-122.161981393306,47.6287044054787],[-122.161935603481,47.6288145016631],[-122.16185309412,47.6289181991301],[-122.161711745109,47.6290662304235],[-122.161591186706,47.6292260841106],[-122.161538931706,47.6293167792645],[-122.161491559049,47.6294301130239],[-122.161444163935,47.6295380548983],[-122.161390583021,47.6296913053396],[-122.161332443158,47.6298974095296],[-122.161288512846,47.630068974932],[-122.161268606179,47.6302620618421],[-122.161237396011,47.6304238963197],[-122.161199930874,47.6306148612668],[-122.161177145107,47.6307291263132],[-122.160846998968,47.6305118766748],[-122.160710562843,47.6303655324448],[-122.160600742901,47.6302292456899],[-122.160519846915,47.6301048611049],[-122.160397243048,47.6299284823683],[-122.160326406397,47.6297635794435],[-122.160251797719,47.6296292762027],[-122.160207787457,47.6294932738797],[-122.160159796759,47.6294134404341],[-122.159864406683,47.6293966538958],[-122.159570092493,47.6293727441612],[-122.15927723001,47.6293417417616],[-122.158986193202,47.6293036862855],[-122.158697353701,47.6292586263276],[-122.158411080333,47.6292066194266],[-122.158127738641,47.6291477319921],[-122.157847690423,47.6290820392193]]]},"properties":{"OBJECTID":3,"SD_BASIN_ID":10,"BASIN":"KELSEY CREEK","TYPE":"BASIN","BASIN_NO":76,"SYMBOL":94,"SysChangeUser":"gisdba_cobgis","SysCreateDate":"Fri, 02 Oct 2026 19:14:30 GMT","SysChangeDate":"Fri, 02 Oct 2026 19:14:30 GMT","SysCreateUser":"gisdba_cobgis"}},{"type":"Feature","id":4,"geometry":{"type":"Polygon","coordinates":[[[-122.141267018998,47.5724386319997],[-122.141271195266,47.5724142922123],[-122.14128736584,47.5723048384826],[-122.141306466717,47.5721683919064],[-122.14133321136,47.5719773522845],[-122.141367588089,47.5717317868982],[-122.141405795235,47.571458859495],[-122.141436361311,47.571240518124],[-122.141458619767,47.5710815108216],[-122.141460731706,47.5710732403777],[-122.141461272492,47.5710721530864],[-122.141316168522,47.5709758513483],[-122.14101898786,47.57116760918],[-122.141018355446,47.5711676794841],[-122.141015589533,47.5711680540353],[-122.14101284518,47.5711684928299],[-122.141010124183,47.5711689958679],[-122.141007431034,47.5711695625432],[-122.141004768428,47.5711701934619],[-122.141002139059,47.5711708855937],[-122.140999549216,47.5711716407567],[-122.140996997102,47.5711724553146],[-122.140994489904,47.5711733298733],[-122.14099202852,47.5711742620087],[-122.14098961834,47.5711752523267],[-122.140987258466,47.5711762984032],[-122.140984954287,47.571177400238],[-122.14095662322,47.5711919653047],[-122.140929046737,47.5712071806798],[-122.140919110472,47.5712130625833],[-122.14086038311,47.5712502940167],[-122.140858537971,47.5712514643358],[-122.140857265956,47.5712524110155],[-122.140803614974,47.5712923557894],[-122.140802704981,47.5712930273133],[-122.140752530479,47.5713298489878],[-122.140748729707,47.5713324387164],[-122.14069780601,47.5713633681743],[-122.140688092527,47.5713687664183],[-122.140637469766,47.5713941127633],[-122.140622295424,47.5714009358681],[-122.140575093447,47.5714201948615],[-122.140570236257,47.5714220724569],[-122.140551781267,47.5714286573737],[-122.140510612376,47.5714420508436],[-122.140494813705,47.5714471908951],[-122.140483768919,47.5714510600244],[-122.140473730246,47.5714560285582],[-122.140465529525,47.5714615746729],[-122.140464560243,47.571462351044],[-122.140464110187,47.5714627377144],[-122.140462822003,47.5714638456039],[-122.140461161018,47.5714653801642],[-122.140459987818,47.571466546842],[-122.140459579085,47.5714669529066],[-122.140458080695,47.5714685614068],[-122.140456663154,47.5714702050589],[-122.14045533185,47.5714718802263],[-122.140454088582,47.5714735863031],[-122.140452931552,47.5714753196528],[-122.14045186615,47.5714770802755],[-122.140450889681,47.5714788645346],[-122.140450005739,47.571480670006],[-122.140449214323,47.5714824954776],[-122.140448517231,47.571484338525],[-122.140447916258,47.5714861955119],[-122.140447409608,47.5714880670442],[-122.140446999078,47.5714899494857],[-122.140446686464,47.5714918392],[-122.14043710144,47.5715603876588],[-122.140437001727,47.5715611082704],[-122.140408463149,47.5717652118877],[-122.140408361639,47.5717659337086],[-122.140379834739,47.5719699631942],[-122.140379026255,47.5719698747094],[-122.140138575101,47.5719434213697],[-122.13964184897,47.5719015570898],[-122.139444967904,47.5718577715604],[-122.139416123,47.5718295417957],[-122.139386466918,47.571768951296],[-122.139367441499,47.5716834860509],[-122.139376923216,47.5715005847335],[-122.139395307239,47.5709995978539],[-122.139385198497,47.5709330717314],[-122.139365599952,47.5708247628098],[-122.139329651171,47.570737588711],[-122.139286016405,47.5703439434286],[-122.139294174006,47.5699318011378],[-122.139294290787,47.5697799234939],[-122.139294728266,47.5697039372321],[-122.13925612137,47.5696500682077],[-122.139158474499,47.5696267744437],[-122.139076714333,47.5695920128774],[-122.139014231115,47.5695546481378],[-122.138996025858,47.5695298657773],[-122.138986360884,47.5691443991322],[-122.138945985205,47.5690068169854],[-122.138914155199,47.5688467689002],[-122.138873040207,47.5687625025964],[-122.138809172685,47.5687036056238],[-122.138727795202,47.568680858746],[-122.138653506325,47.5686516714508],[-122.138599089978,47.5686239727193],[-122.138533777067,47.5685813281599],[-122.138479374195,47.5685343935877],[-122.138416619686,47.5684557338245],[-122.138375801138,47.5683589429995],[-122.138368554428,47.5683160072949],[-122.138367259956,47.5682592160301],[-122.13836756718,47.5680929421699],[-122.138403246466,47.5679499568469],[-122.138447214508,47.5678828146817],[-122.138520993142,47.5678100962303],[-122.138650898516,47.5677309244288],[-122.13847491406,47.5675054893375],[-122.138448478438,47.567424225379],[-122.138435570545,47.5673301213709],[-122.138452908929,47.5672642306448],[-122.138499208098,47.5671751589313],[-122.138563096281,47.5670301909161],[-122.13861233384,47.5669990413029],[-122.138643594314,47.566982707023],[-122.138673627689,47.5669550674146],[-122.138819692856,47.5669129997341],[-122.139083932297,47.566869220338],[-122.13929265226,47.5668626900047],[-122.140100534144,47.5668307814295],[-122.140130786708,47.5668113625511],[-122.140288623398,47.5665519630308],[-122.140665726273,47.5664129799869],[-122.14095752962,47.5663218114484],[-122.14121942356,47.5660729215972],[-122.141452284848,47.5657014263387],[-122.141457698095,47.5655725713669],[-122.141412698788,47.565502837956],[-122.141342344532,47.5654568134659],[-122.140870404716,47.5652631981263],[-122.140799757608,47.5652054682791],[-122.140726320334,47.5650365401323],[-122.140697126884,47.5645626837567],[-122.140631836431,47.5633399020403],[-122.140536054462,47.5619359901344],[-122.140451339737,47.5609094695271],[-122.140381897271,47.5603804097048],[-122.140378414502,47.5603355543081],[-122.14036693583,47.5600462650231],[-122.140370199409,47.5600186775249],[-122.140370659347,47.5600020112961],[-122.140373175528,47.5599796692178],[-122.140375134753,47.5599701258206],[-122.140381969136,47.5599447581858],[-122.140399917475,47.5599243207635],[-122.14043766109,47.559904548941],[-122.140500701264,47.5598770474487],[-122.140530406754,47.5598651265139],[-122.141238285486,47.5597760216078],[-122.141666623773,47.5597525634153],[-122.14185761189,47.5597408455298],[-122.142163468482,47.5597106663554],[-122.142396186039,47.5596803774408],[-122.142485983432,47.5596717275323],[-122.142522350828,47.5596636923121],[-122.142544226601,47.5596386870385],[-122.142555533696,47.5596102003258],[-122.142561668291,47.5595977392027],[-122.142600838431,47.5594521100638],[-122.142615797177,47.5594470409735],[-122.142630872704,47.5594412826272],[-122.142639989706,47.5594402247984],[-122.142799128055,47.5594483885684],[-122.142951878484,47.5594542457255],[-122.14308489652,47.5594584255118],[-122.143304316316,47.5594587534689],[-122.143420413685,47.5594612237557],[-122.143462907591,47.5594578380988],[-122.143489167144,47.5594394458242],[-122.143514910165,47.5594126406183],[-122.143529961437,47.55938375793],[-122.143533184593,47.559366606534],[-122.143497383135,47.5589747847498],[-122.143626444092,47.5586044812875],[-122.143667466558,47.5585161944481],[-122.144175136864,47.5585028661752],[-122.144177684486,47.5585022332853],[-122.144363520766,47.5584764199767],[-122.144463431392,47.55846455692],[-122.14455946938,47.5584384574584],[-122.14462047487,47.5584175235626],[-122.144696758905,47.5583749919374],[-122.144738221546,47.5583459510603],[-122.144775737887,47.5583084024948],[-122.144790579852,47.5582608537108],[-122.144814307053,47.5581609032196],[-122.144786532043,47.5579647008358],[-122.145122984355,47.5579315483267],[-122.144940193364,47.5575414235536],[-122.145060497544,47.5575107635859],[-122.144848517594,47.5569757168306],[-122.145298183683,47.5568434933688],[-122.145519049767,47.557236176784],[-122.145563902649,47.5572631486043],[-122.145694465589,47.5572896542196],[-122.145783337717,47.5572626114839],[-122.145911497663,47.5572268808356],[-122.145987895785,47.5572001096592],[-122.146080722297,47.5571917291142],[-122.146138781312,47.5571934386873],[-122.146174171341,47.5572025503472],[-122.146185405672,47.5572297913515],[-122.146204240648,47.5572795568439],[-122.146377556209,47.557555663837],[-122.146595753399,47.5576984101877],[-122.14678007961,47.5578415471641],[-122.147293979733,47.5580649766361],[-122.148042699471,47.5583267333321],[-122.148094953573,47.558354207146],[-122.148130852048,47.5583683162654],[-122.148166851135,47.5583872442062],[-122.148209866962,47.5584012842078],[-122.14824566303,47.5584105750981],[-122.148281663015,47.5584295024174],[-122.148324678842,47.5584435424078],[-122.148396473098,47.5584717612009],[-122.14846104939,47.5584952302725],[-122.148504065218,47.558509269639],[-122.148539860387,47.5585185599039],[-122.148575859474,47.5585374877904],[-122.148611657338,47.5585467786565],[-122.148661995333,47.5585703865179],[-122.148733791385,47.5585986046365],[-122.148776909621,47.5586174621732],[-122.148819925448,47.558631501507],[-122.148863043683,47.5586503602443],[-122.14889894126,47.5586644692839],[-122.148934942144,47.5586833965115],[-122.149001059047,47.558712313534],[-122.148996085075,47.5587123711243],[-122.149145966286,47.5588329657444],[-122.14950706208,47.5590428634101],[-122.149758956872,47.5591775679896],[-122.15007850828,47.559307665655],[-122.150552239337,47.5595047862598],[-122.150763652449,47.5596017292357],[-122.150843274624,47.5596237435191],[-122.151059076905,47.5596709388623],[-122.151347600503,47.5596905313369],[-122.151698561505,47.5597168350712],[-122.151825753067,47.5597552307039],[-122.152029782028,47.5597834469719],[-122.152261556355,47.5597922265892],[-122.15444812313,47.5598007485694],[-122.154452956964,47.5597973623281],[-122.154905116776,47.5598112206977],[-122.154684902869,47.5600355043911],[-122.154432166355,47.5603136845984],[-122.154229176746,47.5605492352652],[-122.15407144965,47.5607880825467],[-122.153996162744,47.5608886863473],[-122.153987450882,47.5609040671741],[-122.15396021037,47.5609621666868],[-122.153946485909,47.5609863978332],[-122.1539257483,47.5610155166573],[-122.15391202384,47.561039747779],[-122.153891182925,47.561064048601],[-122.153877562669,47.5610930988829],[-122.153870957356,47.5611172596512],[-122.153857233794,47.5611414907259],[-122.153836391981,47.5611657915006],[-122.153829786669,47.5611899534478],[-122.153808944856,47.5612142535939],[-122.153768083188,47.5613014029289],[-122.153740636063,47.5613498648967],[-122.153719793352,47.5613741649687],[-122.153713189836,47.5613983268197],[-122.153699466274,47.5614225577644],[-122.153693066676,47.5614563560733],[-122.153679344011,47.5614805869911],[-122.153672842005,47.5615095691497],[-122.153659220851,47.5615386179722],[-122.153638379038,47.5615629191689],[-122.153624860291,47.5615967877043],[-122.153611239136,47.5616258364784],[-122.153604634722,47.5616499982133],[-122.153583792909,47.5616742993584],[-122.153577186699,47.5616984598586],[-122.153556448192,47.5617275788931],[-122.153542827038,47.561756628807],[-122.153521984326,47.5617809292965],[-122.153501348228,47.5618148674014],[-122.153487624665,47.5618390981534],[-122.153466781954,47.5618633979985],[-122.153438924298,47.5618925872579],[-122.153425200736,47.5619168179739],[-122.153404358025,47.5619411183891],[-122.153390634462,47.5619653502951],[-122.153369894159,47.5619944685751],[-122.153349051448,47.5620187689542],[-122.153328414451,47.5620527062988],[-122.153265886317,47.5621256079276],[-122.153252162754,47.5621498385359],[-122.153224202691,47.562174208553],[-122.153196753769,47.5622226703195],[-122.153168689501,47.5622422218325],[-122.153147848587,47.5622665227029],[-122.153119990033,47.5622957117376],[-122.153099146424,47.5623200119771],[-122.153036002046,47.5623640036984],[-122.152980079224,47.562412743522],[-122.152944999114,47.5624371825203],[-122.152917037254,47.5624615530099],[-122.152888972987,47.5624811044337],[-122.152853994386,47.5625103618461],[-122.152790850906,47.5625543534076],[-122.15275566749,47.5625739751124],[-122.15267178191,47.5626470839316],[-122.152651041607,47.5626762024388],[-122.152622977339,47.5626957549948],[-122.15260213373,47.5627200550487],[-122.152574172768,47.5627444248005],[-122.152560550715,47.5627734741506],[-122.152546827153,47.5627977050654],[-122.152525983543,47.5628220062843],[-122.152498533723,47.5628704680578],[-122.152485323099,47.5629187903684],[-122.152485939343,47.56294770081],[-122.152493570531,47.5629717231236],[-122.152494187674,47.5630006335359],[-122.152508938011,47.5630245873287],[-122.152531834271,47.5630966541305],[-122.152546584608,47.5631206078793],[-122.152554215796,47.5631446301136],[-122.152569070338,47.5631734016194],[-122.152576702424,47.5631974244356],[-122.152606203996,47.5632453306178],[-122.152621469068,47.5632933749609],[-122.152643440962,47.5633220766765],[-122.152702445004,47.5634178887691],[-122.15273143274,47.5634417035606],[-122.152775379222,47.5634991074197],[-122.152790129559,47.5635230603784],[-122.152819015786,47.563542055559],[-122.152862755655,47.563589822616],[-122.152891744289,47.5636136367231],[-122.152935485057,47.5636614037148],[-122.152950235394,47.5636853572054],[-122.152986343177,47.5637091015611],[-122.153030083945,47.5637568684658],[-122.153059072579,47.563780682497],[-122.153088164519,47.5638093148439],[-122.153117050746,47.5638283099207],[-122.153153057019,47.5638472364952],[-122.153196181542,47.5638660927489],[-122.153232084509,47.563880200384],[-122.153275208135,47.5638990566258],[-122.153311110203,47.563913164252],[-122.153354132319,47.5639272027728],[-122.153389932878,47.5639364914708],[-122.153425834947,47.5639505990869],[-122.153468754654,47.5639598186793],[-122.153576155433,47.5639876865694],[-122.153626295799,47.5640016547566],[-122.153697690304,47.5640105955097],[-122.153740506706,47.5640149967843],[-122.153776204857,47.5640194677661],[-122.15426029259,47.5640147367448],[-122.154295681721,47.5640047521973],[-122.154338293306,47.5639995162494],[-122.154387817428,47.5639845739738],[-122.154451578949,47.5639694916726],[-122.154486967181,47.5639595071165],[-122.154536594609,47.5639493837493],[-122.154571983739,47.5639393991894],[-122.154607476176,47.5639342323364],[-122.154649777843,47.5639145414335],[-122.15468527028,47.563909374578],[-122.154720556104,47.563894571086],[-122.154762858669,47.5638748801682],[-122.154798144494,47.5638600766664],[-122.154833327012,47.5638404548372],[-122.154868612836,47.5638256513257],[-122.154911121115,47.5638155976404],[-122.154939185383,47.5637960448963],[-122.154974367901,47.5637764236492],[-122.155009653726,47.5637616201196],[-122.155051852984,47.5637371102128],[-122.155122218919,47.5636978664549],[-122.155150283187,47.5636783142729],[-122.155185467501,47.5636586923756],[-122.155213529973,47.563639140179],[-122.155248713389,47.5636195188732],[-122.155290912648,47.5635950088999],[-122.155326095166,47.5635753869714],[-122.155382222803,47.5635362819025],[-122.155410184663,47.5635119113068],[-122.155586097254,47.5634138020412],[-122.155621177364,47.5633893622862],[-122.155663478132,47.5633696705723],[-122.155734049781,47.563340063279],[-122.155783469698,47.563320301838],[-122.15581885793,47.5633103171582],[-122.155861262903,47.5632954431822],[-122.1558657967,47.5632948867264],[-122.155981036178,47.5633340489546],[-122.156110013592,47.563399142069],[-122.156315399907,47.5635103504487],[-122.156505716085,47.5637118310824],[-122.156684863508,47.5639291097322],[-122.156887466843,47.5641892053731],[-122.156899143145,47.5642154244124],[-122.156913897973,47.5642393770435],[-122.156914276164,47.5642405693407],[-122.156921663011,47.5642514824649],[-122.156987596658,47.5643408113081],[-122.157047942783,47.5644380387109],[-122.157067789263,47.5645357381215],[-122.157081550555,47.5646217563187],[-122.157090221992,47.5647352545407],[-122.157069660454,47.5649509414602],[-122.157065107792,47.5649838137332],[-122.157065440169,47.5649993588343],[-122.157073178256,47.5650281990277],[-122.157081122058,47.5650666762335],[-122.15708875684,47.5650906987877],[-122.157089477289,47.5651244274485],[-122.15709711207,47.5651484499762],[-122.157097833418,47.5651821779937],[-122.157136521162,47.565326381329],[-122.157151274194,47.5653503340582],[-122.157159217996,47.5653888110274],[-122.157159940241,47.5654225401025],[-122.157167574125,47.5654465624934],[-122.157170769432,47.5655959330027],[-122.15718624471,47.5656536139287],[-122.157188099731,47.5657403455269],[-122.157195940226,47.5657740040642],[-122.157196559166,47.5658029147485],[-122.157204193049,47.565826936965],[-122.157207904888,47.5660003994436],[-122.157215538771,47.5660244209634],[-122.157219148202,47.5661930652874],[-122.157212646196,47.5662220448389],[-122.157213883176,47.5662798656968],[-122.157207278762,47.5663040277097],[-122.157204713174,47.5663154653092],[-122.157212137749,47.5663438113916],[-122.157206450515,47.5663477942434],[-122.157237764888,47.5665550427432],[-122.157295415169,47.5667737351958],[-122.157294009306,47.5669461095866],[-122.157277446169,47.5669776398737],[-122.157139263719,47.5672338679085],[-122.157169787574,47.5672961880513],[-122.157252883534,47.567377481908],[-122.157382669431,47.5674739005752],[-122.157453596813,47.5675318327881],[-122.157571412659,47.5676127226092],[-122.157723646557,47.5676814597966],[-122.157863711876,47.5677268344007],[-122.158020637675,47.5677524267705],[-122.158165592524,47.5677624887917],[-122.158304262759,47.5677530383349],[-122.158413285895,47.5677230977343],[-122.158433651601,47.5677089093093],[-122.158475851758,47.5676843976129],[-122.158503916925,47.5676648451005],[-122.158546323694,47.5676499699365],[-122.158581508009,47.5676303471024],[-122.158665702609,47.5675716876648],[-122.158700886025,47.5675520654075],[-122.158728848783,47.5675276942556],[-122.158778065681,47.5674982947844],[-122.158965311417,47.5673678374252],[-122.158968689083,47.567365323871],[-122.159082818243,47.5673013175996],[-122.159209117779,47.5672606727493],[-122.159364646697,47.5672314379918],[-122.159606969042,47.5672011910046],[-122.159803399153,47.5671871485122],[-122.160074949982,47.5671683110313],[-122.160196658228,47.5671747255583],[-122.16040037188,47.567219353867],[-122.160522779016,47.567253179954],[-122.160421922464,47.5673836260827],[-122.16036615595,47.5674665381246],[-122.160287344055,47.5675536370552],[-122.160190267614,47.567695273653],[-122.160169169781,47.5677407100683],[-122.160145557564,47.5677915541485],[-122.160147275142,47.5678589606939],[-122.160147704537,47.5678758117105],[-122.160150709402,47.5679937723121],[-122.160151512496,47.5680252886342],[-122.160143088095,47.5680253868235],[-122.160149772459,47.5680605633999],[-122.160158052231,47.5681583972763],[-122.160206439085,47.5682400940661],[-122.160254126152,47.5682943791152],[-122.160301313756,47.5683290833569],[-122.160463629446,47.5684525396707],[-122.16051131831,47.5685068244997],[-122.160547832131,47.5685769078738],[-122.160712443915,47.5686768336447],[-122.16080662329,47.5687384102067],[-122.160888431066,47.568768792072],[-122.160981410291,47.5687833753854],[-122.161051248914,47.568798228408],[-122.16126753359,47.5686546831566],[-122.161600543558,47.5685489454491],[-122.161770338621,47.5683981081088],[-122.162031538163,47.5683412732937],[-122.162232858703,47.5683161394254],[-122.16223226312,47.5683207076226],[-122.162207508246,47.5685183501088],[-122.162225011021,47.5687808685662],[-122.162250225833,47.568877542241],[-122.162290724581,47.5690340294267],[-122.162314873092,47.5692294521355],[-122.162308751972,47.56937682388],[-122.162306644524,47.569528860882],[-122.162315022212,47.5696480238747],[-122.162329263205,47.5697611257351],[-122.16240436865,47.5699964478553],[-122.162495716535,47.570184127922],[-122.162570263229,47.5702922054337],[-122.162662825636,47.5704169268548],[-122.162771872128,47.5705951318337],[-122.162849721927,47.5707306497595],[-122.162953721684,47.570831743568],[-122.163099389796,47.5709703112428],[-122.163206320756,47.5710993135446],[-122.163278191368,47.5712467600287],[-122.163323675766,47.5714045346949],[-122.16332587574,47.571490676159],[-122.163316286225,47.5715789587096],[-122.163276940015,47.571661578048],[-122.163202584663,47.5717646452187],[-122.163160432116,47.5718533097325],[-122.163127467538,47.5719538886465],[-122.163091798133,47.5720645194711],[-122.163064313279,47.572179386409],[-122.163103286688,47.5723727161854],[-122.163147911398,47.5725425752074],[-122.163151588202,47.5726007909013],[-122.163112198874,47.5726503054323],[-122.163092188901,47.5726908042839],[-122.163030783661,47.5727653062347],[-122.162941096761,47.5728341881726],[-122.162855863709,47.5728708869475],[-122.162754493321,47.5729322204011],[-122.162553923772,47.573165574984],[-122.162567335619,47.5739430708445],[-122.162609687592,47.5743859328854],[-122.162674607939,47.5745591318786],[-122.162743524891,47.5746216372348],[-122.162889854163,47.5747543533747],[-122.162943409025,47.5748029247082],[-122.163150465308,47.5748660588295],[-122.163318698201,47.5749097424554],[-122.163470851251,47.5749712929024],[-122.163583709295,47.57505208639],[-122.163714305473,47.5752076466978],[-122.163801248917,47.5753065950305],[-122.163916845026,47.5754944621142],[-122.164054450758,47.5757177738773],[-122.164094473399,47.5758386911423],[-122.164119036932,47.5759740706604],[-122.16406032574,47.5760862765041],[-122.163741115692,47.5762569670481],[-122.16360452326,47.5763104547622],[-122.163191900999,47.5764350788273],[-122.162958962456,47.5765131242342],[-122.162793282575,47.5765971247564],[-122.162712047924,47.5766873276156],[-122.162640211447,47.576801223896],[-122.162607856825,47.5769116826773],[-122.162580429463,47.5770429101265],[-122.162566188471,47.5771739833227],[-122.16258256386,47.5772987483484],[-122.162585713354,47.5773661262957],[-122.162508995432,47.5776893531954],[-122.162486418972,47.5778383748857],[-122.162415717966,47.5779968835454],[-122.162361233347,47.57810165138],[-122.162315387827,47.5782003669983],[-122.16225294683,47.5783379528685],[-122.162216954031,47.5784782059245],[-122.162153221257,47.5785652301857],[-122.162066524849,47.578613845857],[-122.16203295301,47.5786767160227],[-122.161999231152,47.5787336383968],[-122.161965962944,47.578808405048],[-122.161978625596,47.5789599898773],[-122.161979336164,47.5791211856831],[-122.162075406492,47.5793308111755],[-122.162176380723,47.5796449394008],[-122.162483191325,47.5801233295081],[-122.162610380193,47.5804550592187],[-122.162707348836,47.5808341957914],[-122.162733986579,47.5810014508414],[-122.162972748002,47.5812964579056],[-122.163202274744,47.5814717300241],[-122.163468742006,47.5817661860561],[-122.164123074859,47.5819698766355],[-122.164316730973,47.5823567249489],[-122.164335382694,47.5827038391712],[-122.164460197314,47.5827578777603],[-122.164589611309,47.5828341189635],[-122.164512397517,47.5835366296717],[-122.164461480108,47.5842352433785],[-122.16444764246,47.5849758409819],[-122.164458544414,47.585075056238],[-122.164420180962,47.5851199989069],[-122.164342727319,47.5850724635536],[-122.164348533131,47.5850079881366],[-122.164349945283,47.5848881796575],[-122.164351058295,47.584793830734],[-122.164352296174,47.5846888296843],[-122.164353314863,47.5846024021268],[-122.164354928238,47.5844655592123],[-122.164356554188,47.5843275810565],[-122.164358829621,47.5841346474572],[-122.164359978566,47.5840371409336],[-122.164360401673,47.5840013067572],[-122.164360551691,47.5839885539291],[-122.164350627104,47.5839786252985],[-122.164348371434,47.5839729393297],[-122.164341846072,47.5839653992399],[-122.164331138154,47.5839593363864],[-122.164316269239,47.583955702067],[-122.164286618547,47.5839517647866],[-122.164267494313,47.5839467532061],[-122.164273900199,47.5839510885777],[-122.16423437792,47.5839463145186],[-122.164194806233,47.5839396372579],[-122.164159516816,47.5839352903728],[-122.164113615599,47.5839286864273],[-122.164062063082,47.5839211972285],[-122.164026020876,47.5839149550169],[-122.163664284583,47.5838758336258],[-122.16366152406,47.5838734450781],[-122.16365811675,47.5838708674823],[-122.163653453595,47.5838673513118],[-122.163650037302,47.5838644162212],[-122.163645562794,47.5838601281044],[-122.163640850232,47.5838559557186],[-122.163636165518,47.5838516070088],[-122.16363164789,47.5838468989863],[-122.163626605646,47.5838423176013],[-122.163623679833,47.583837948289],[-122.16362237548,47.5838351071148],[-122.163622326971,47.5838332033038],[-122.163622191325,47.5838310989322],[-122.163656384798,47.5837650071985],[-122.163668003608,47.583682757181],[-122.163672440387,47.5836154667388],[-122.163664656485,47.5835173775582],[-122.163660197248,47.5834805383986],[-122.163654962765,47.583413361005],[-122.163650017539,47.5833574865222],[-122.163647347746,47.5833218154816],[-122.163647433984,47.5832563605433],[-122.163651581506,47.5831777689433],[-122.163653050252,47.5830942388809],[-122.163649044664,47.5830423201907],[-122.16364120866,47.5830152204609],[-122.163628783163,47.5829833399048],[-122.16360774911,47.5829513763164],[-122.163581516507,47.5829159813049],[-122.163538147642,47.5828707907343],[-122.163507817823,47.5828431128539],[-122.163471167458,47.582810166353],[-122.163403061684,47.5827881139451],[-122.163351764288,47.582763008218],[-122.16327263439,47.5827225195801],[-122.16320394561,47.5826776245396],[-122.163121758745,47.5826000409567],[-122.163044447935,47.5825481066279],[-122.163015521284,47.5824898935097],[-122.162994198873,47.5823987462918],[-122.162958067734,47.5823063440114],[-122.162907166495,47.5822141148673],[-122.162802896345,47.5820982313546],[-122.16275006822,47.5820131647127],[-122.162736747102,47.5820173663307],[-122.162727970562,47.5820180637726],[-122.162673522774,47.5820210801633],[-122.162612874814,47.5820223847613],[-122.16246691475,47.5820234948511],[-122.162313787927,47.5820193350437],[-122.162239026536,47.5820190181348],[-122.162143180787,47.5820195428826],[-122.162068420294,47.5820192259737],[-122.161981322339,47.5820178644169],[-122.1617701365,47.5820131901623],[-122.161607483942,47.5820079505612],[-122.16150398275,47.5820048741813],[-122.16136337395,47.5819536773031],[-122.161216070904,47.5818882788249],[-122.160998483671,47.5817979940338],[-122.160813164821,47.5817316100903],[-122.160726107291,47.5817112041943],[-122.160643781186,47.5817107376144],[-122.160585101435,47.5817271309253],[-122.16052201994,47.581736435251],[-122.160435763706,47.5817474386516],[-122.16030308703,47.581758983161],[-122.160195586538,47.581764522125],[-122.160125955426,47.5817653340942],[-122.160011978081,47.5817652353248],[-122.159866204866,47.5817597957363],[-122.159777548334,47.5817594012646],[-122.159606272847,47.5817471181054],[-122.159502447363,47.5817311919865],[-122.159400328679,47.5816995378789],[-122.159238550181,47.5816457290637],[-122.159121444902,47.5816056806926],[-122.159023112616,47.5815568442039],[-122.158899096598,47.5814940259727],[-122.158796036478,47.5814252523784],[-122.158735429841,47.5813659800196],[-122.15865586965,47.5813083557847],[-122.158553757253,47.5811938718382],[-122.158427960774,47.5810610986992],[-122.158362626303,47.5809818881519],[-122.158307988971,47.5809082650159],[-122.158243965143,47.5807976207592],[-122.158188963993,47.5807097215675],[-122.158110315591,47.5806049601635],[-122.158036106664,47.5805087159493],[-122.157864331714,47.5803936145957],[-122.157699038108,47.5803484206358],[-122.157655853397,47.5803377574927],[-122.157512707755,47.5803145321088],[-122.156563712218,47.5802477905829],[-122.156149334648,47.5802277198132],[-122.155702775833,47.5802080210984],[-122.155297514367,47.5801847290008],[-122.155048793323,47.580168951474],[-122.15499102087,47.5800669437136],[-122.154802221947,47.5800566913588],[-122.154038415902,47.5800423196373],[-122.153558037312,47.5800141554875],[-122.152771541619,47.579962891218],[-122.152013360825,47.5799616956429],[-122.150898942324,47.5799671329945],[-122.15050163005,47.5799324734289],[-122.150143945159,47.5799009454872],[-122.149840815853,47.5798791627219],[-122.149550656423,47.5798660137976],[-122.149321842045,47.5798511917886],[-122.148951396585,47.5798284339974],[-122.1486116241,47.5798048387459],[-122.148412661638,47.579803245651],[-122.148075874254,47.5797809720092],[-122.147783657682,47.5797611337531],[-122.147546919266,47.579745680899],[-122.147349912436,47.5797420650722],[-122.147150022912,47.5797458317856],[-122.146934076901,47.5797309339962],[-122.146787401778,47.5797149896907],[-122.146666458896,47.579698904795],[-122.146605009639,47.5796918718935],[-122.14645133664,47.5796699363363],[-122.146148519049,47.5796742617606],[-122.145918164959,47.5796962742742],[-122.145698410092,47.5796941194407],[-122.145535987502,47.5796856249357],[-122.145372639647,47.5796824938819],[-122.145149798168,47.5796703077969],[-122.14491408922,47.5796581926077],[-122.144698040801,47.5796345851601],[-122.144496813686,47.5796088864918],[-122.144287868246,47.5795999732461],[-122.144052263503,47.579596561016],[-122.143912693156,47.5795953078652],[-122.14376745893,47.5796175252306],[-122.143547808267,47.5796240715467],[-122.143354097356,47.5796478898772],[-122.143229655536,47.5796706641081],[-122.143009592546,47.5797261001671],[-122.142851595057,47.5797570919302],[-122.142700597241,47.5797940718712],[-122.14254877567,47.5798451205809],[-122.142410847443,47.5798994426845],[-122.142261083912,47.5799571775446],[-122.14210740732,47.58001895172],[-122.141928512322,47.5801243923728],[-122.141724706144,47.5802159028879],[-122.141334068353,47.580372780974],[-122.141344671168,47.580405905344],[-122.14139855661,47.5804864704819],[-122.141444158688,47.5806367124925],[-122.141458938669,47.5806889735119],[-122.141295474033,47.5806173356966],[-122.141013098505,47.5805789311169],[-122.140582312309,47.5805838836356],[-122.139826088943,47.5805866243967],[-122.139052430176,47.5805955096002],[-122.138250310086,47.5805214114529],[-122.137380095002,47.5801862778487],[-122.136485908375,47.5795955502541],[-122.135932804875,47.5792805721542],[-122.135896608159,47.5788882697068],[-122.136021036504,47.5785893307804],[-122.137072260321,47.5784285272281],[-122.137735176576,47.5782126655333],[-122.138282435637,47.5778155538023],[-122.138424155653,47.577633535021],[-122.138752698298,47.5774096036146],[-122.13901523633,47.577358987637],[-122.139253222507,47.5773562545849],[-122.139287609118,47.5773499097827],[-122.13987065167,47.5774562678364],[-122.140432979071,47.5774379055149],[-122.140998505373,47.5774638161358],[-122.1413053564,47.5774550509942],[-122.141750140145,47.5774342246871],[-122.142059749897,47.5774092418341],[-122.14217638356,47.5773765421908],[-122.142212332341,47.5773503630695],[-122.142475364447,47.5771516903823],[-122.142704853459,47.5769619712398],[-122.142728699238,47.5769031453006],[-122.142731123791,47.5768317144068],[-122.142718134152,47.576734755442],[-122.14266541652,47.5766525349814],[-122.142602472466,47.5765832841596],[-122.14247244582,47.5765319419918],[-122.142374604913,47.5765016512892],[-122.142355365694,47.5764918763767],[-122.142328469236,47.5764293514367],[-122.142329673877,47.5763093790938],[-122.142352120081,47.5761948757318],[-122.142401411539,47.5759729580183],[-122.142491282593,47.5756863106656],[-122.142651573481,47.5755145250022],[-122.143055181148,47.5753256562365],[-122.143279197624,47.575212400343],[-122.143753597926,47.5749855842023],[-122.143997809427,47.5748363925835],[-122.144210075041,47.5745918417658],[-122.1443551844,47.5744321289149],[-122.144452232993,47.5742634505158],[-122.144660803836,47.57394126667],[-122.144748626732,47.5738279974797],[-122.144889823928,47.5736509992206],[-122.145080033206,47.5734945731014],[-122.1452756728,47.5733304685333],[-122.145354177471,47.5732077006714],[-122.145363799326,47.5731428518619],[-122.145382992731,47.5730112473731],[-122.145296474189,47.572766159555],[-122.145221121706,47.5726170646419],[-122.145112457896,47.5725478666643],[-122.144953757925,47.5725205881707],[-122.144516246042,47.5725630622518],[-122.144191611967,47.5726289378271],[-122.143968067106,47.5726905412572],[-122.143236793549,47.5729255538566],[-122.143124661344,47.5729420790067],[-122.143003850515,47.5729491825107],[-122.142942199137,47.5729509073269],[-122.142608247735,47.5728299724845],[-122.14248588821,47.5728313809462],[-122.142391966652,47.5728448395107],[-122.1423370203,47.5728416632001],[-122.14227835043,47.5728348057382],[-122.141830146799,47.572647670921],[-122.14162461316,47.5725618549927],[-122.141495068011,47.572507766486],[-122.141295620459,47.5724637687381],[-122.141267018998,47.5724386319997]]]},"properties":{"OBJECTID":4,"SD_BASIN_ID":25,"BASIN":"SUNSET CREEK","TYPE":"BASIN","BASIN_NO":79,"SYMBOL":82,"SysChangeUser":"gisdba_cobgis","SysCreateDate":"Fri, 02 Oct 2026 19:14:30 GMT","SysChangeDate":"Fri, 02 Oct 2026 19:14:30 GMT","SysCreateUser":"gisdba_cobgis"}},{"type":"Feature","id":5,"geometry":{"type":"Polygon","coordinates":[[[-122.119666604885,47.564243435218],[-122.119501538553,47.5642762515631],[-122.119457666632,47.5642938844528],[-122.119410420637,47.5643458290082],[-122.119413376095,47.5643800685257],[-122.119420908468,47.5644008685049],[-122.119526026628,47.5646423852689],[-122.119580827454,47.5648450538321],[-122.119583466704,47.5648664458281],[-122.119562864741,47.5648866715972],[-122.119284147153,47.5649577684351],[-122.119213035617,47.5649891641434],[-122.119125148043,47.565018720195],[-122.119037965646,47.5650768284795],[-122.11898375681,47.5651031464814],[-122.118987861213,47.5655258056349],[-122.118992718403,47.5656371392124],[-122.118952817035,47.5656447298265],[-122.118825391012,47.5656634532961],[-122.118653342974,47.5656566197456],[-122.118438659096,47.5656480914444],[-122.118330604343,47.565643798805],[-122.118278101408,47.5656417130985],[-122.118223182005,47.5656615463997],[-122.118204832119,47.5656874592109],[-122.118203015725,47.5659559549661],[-122.118203419069,47.5663143930723],[-122.118203575376,47.5666628380175],[-122.118214579738,47.5666812786703],[-122.118272002746,47.5667113356357],[-122.118552036366,47.5667203874526],[-122.118594038894,47.5667225385773],[-122.118630238305,47.5667359338567],[-122.118662315347,47.5667531840623],[-122.118677398061,47.5667731211955],[-122.118694533425,47.5667955003806],[-122.118696421683,47.5668242019957],[-122.118695754235,47.5668541982671],[-122.118693808484,47.5668748833133],[-122.11868073081,47.5671999145247],[-122.118619473793,47.5672827201813],[-122.118694889158,47.5673461306652],[-122.118649365234,47.5674251884929],[-122.118616060195,47.5675719410193],[-122.118559460044,47.5676297034128],[-122.118417603484,47.5679215976932],[-122.11836561169,47.5686415247465],[-122.118379098996,47.5688317801256],[-122.118394750343,47.5689672686729],[-122.118406326034,47.5690087892181],[-122.118446498693,47.5690562324845],[-122.118476882411,47.5690889161103],[-122.118502916486,47.5691133865413],[-122.118986452654,47.5691136277665],[-122.119144490567,47.5691047006124],[-122.119144151004,47.5693046323781],[-122.119142666089,47.569458166025],[-122.119045900465,47.5695984955955],[-122.118951059032,47.5696031388358],[-122.118902801535,47.5695715525508],[-122.118786953898,47.56958000324],[-122.118682621764,47.5696275938743],[-122.11856387706,47.5697324705797],[-122.118491981294,47.5698118266361],[-122.118394419763,47.569920034012],[-122.118345820906,47.5700883797224],[-122.118238766877,47.5702395358419],[-122.117643893513,47.5709317256441],[-122.117588782768,47.571050162402],[-122.11736297595,47.5713061935422],[-122.116841811152,47.5711371396138],[-122.116536976843,47.5713976309837],[-122.116234775497,47.5715509875845],[-122.11581918071,47.5720269346776],[-122.115343192187,47.571978750466],[-122.114943320613,47.5724509470394],[-122.114962920955,47.5726042417687],[-122.115107694344,47.5726990041703],[-122.11516447865,47.5728625913321],[-122.115223373098,47.5728976282985],[-122.115406737214,47.5730597875969],[-122.11540181265,47.573288333248],[-122.115214446539,47.5736310465242],[-122.115002719915,47.5739021893392],[-122.114840247019,47.5741240837088],[-122.114661580194,47.5743398295382],[-122.114588970268,47.5744350318086],[-122.114456380729,47.5745943683059],[-122.114454606556,47.5748877230812],[-122.114384528981,47.5749922492725],[-122.113715317332,47.5760574175531],[-122.113549107445,47.5759876078052],[-122.113068373122,47.5758739127702],[-122.11285958848,47.5758606077001],[-122.112637880675,47.575870996624],[-122.112369123607,47.5759191457414],[-122.112348871089,47.5759227460758],[-122.112121229012,47.5759472957316],[-122.111821763036,47.5760554910368],[-122.111732878332,47.5761057483029],[-122.111516772421,47.5762402205378],[-122.111508761245,47.5762513147833],[-122.111508569005,47.5763299076912],[-122.111417476242,47.5764068491061],[-122.111270174095,47.576502754224],[-122.11122964211,47.5765071047562],[-122.111217512159,47.576461877141],[-122.110930192303,47.5761578338595],[-122.110753261921,47.5760341072465],[-122.110593025831,47.575952352317],[-122.110400160234,47.5758141450717],[-122.110096098477,47.57541276149],[-122.110014443414,47.5753593104322],[-122.109811372956,47.5752691646754],[-122.109692442301,47.5751699187144],[-122.109534282217,47.575109169665],[-122.109437430354,47.5750912283135],[-122.109250757743,47.575014489196],[-122.109141059074,47.5749640708916],[-122.1090164331,47.5748674484496],[-122.108669138123,47.5747219896314],[-122.108575371075,47.5746659549713],[-122.10833439261,47.5744214336593],[-122.108190677436,47.5742444755861],[-122.10814858867,47.5741553405952],[-122.107981334941,47.5740289426889],[-122.107902998255,47.5739040026055],[-122.107749140203,47.5738431248193],[-122.107644204401,47.5737281924422],[-122.107495892548,47.573620614733],[-122.107001811955,47.5733810265886],[-122.106586738191,47.573232472807],[-122.106504665412,47.5732573715944],[-122.106195821922,47.5731862254173],[-122.106011083384,47.5731989505746],[-122.105811607086,47.5730919438871],[-122.104701634347,47.5728719238994],[-122.104064368587,47.572677314165],[-122.103653543854,47.5726252506006],[-122.10256371943,47.5723403679398],[-122.102303954497,47.572287416167],[-122.101585463068,47.5722045972108],[-122.101342801161,47.5722208068324],[-122.10127008703,47.572214252318],[-122.099722693139,47.5719418437931],[-122.099364449495,47.571900354058],[-122.097475338267,47.5717394590537],[-122.096808304134,47.5716535234546],[-122.096526755056,47.5715656949726],[-122.09641957167,47.571521407946],[-122.096283230766,47.5714415399294],[-122.095972987701,47.5712187541803],[-122.095845979395,47.5710509927196],[-122.095799065777,47.5710223770586],[-122.095917364019,47.5708385394728],[-122.095964622589,47.5706195439837],[-122.096009576981,47.570527880329],[-122.096117222101,47.5703802572702],[-122.096195713298,47.5702301470462],[-122.096263979869,47.5699712844772],[-122.096320929465,47.5698853605227],[-122.09650474184,47.569698255774],[-122.096682424112,47.5694552143683],[-122.097121885339,47.56892914708],[-122.097617449948,47.5684385199396],[-122.097804962484,47.5682782579816],[-122.098180909227,47.5680061459772],[-122.098224708385,47.5678865767932],[-122.098306082275,47.5677619069268],[-122.0983872244,47.5676277190059],[-122.09845431328,47.5675180661655],[-122.098605760254,47.5673587172293],[-122.098728164695,47.5671859890124],[-122.098878926254,47.5670224647325],[-122.098904276711,47.5669079386392],[-122.098871525034,47.5667178962938],[-122.098780441254,47.5664428189013],[-122.098702957968,47.5661485506625],[-122.09862547558,47.5658542819827],[-122.098547764121,47.565550495333],[-122.098484808389,47.5652751063161],[-122.098452522938,47.5651040981213],[-122.098448130176,47.5649232613804],[-122.098458493141,47.5647708200465],[-122.098512198022,47.5646654981938],[-122.098621922743,47.5645500334816],[-122.09884437615,47.5644428333394],[-122.09920652477,47.5642959962774],[-122.099499748354,47.5642070474142],[-122.099904544492,47.5640787743092],[-122.100281675215,47.5639698480907],[-122.100631144115,47.5638802700917],[-122.101131781511,47.5637764200123],[-122.102206602273,47.5636152497077],[-122.102509669596,47.5636213058247],[-122.102749420064,47.5636471899434],[-122.102933385152,47.563692737766],[-122.103103987801,47.563766995507],[-122.103218339744,47.5638418805129],[-122.10353755608,47.5640454850416],[-122.103951382982,47.564255247868],[-122.104362483497,47.5644818140775],[-122.104740167582,47.5646509628317],[-122.104999248896,47.5647708703565],[-122.105289634701,47.5648615318282],[-122.105525614042,47.5649094570974],[-122.105878233334,47.5649204610036],[-122.106335664459,47.5648642709877],[-122.10689480913,47.5647850419991],[-122.107307311017,47.5647103129084],[-122.107623958171,47.5646258726535],[-122.107852587496,47.5645262379845],[-122.108048693316,47.5644000035314],[-122.108189170063,47.5642797854153],[-122.108269246786,47.5641332794609],[-122.108351921436,47.5634420672562],[-122.108354226513,47.562739519694],[-122.108408521588,47.5623416020102],[-122.108498359404,47.5620877608019],[-122.10863585105,47.5618596360604],[-122.10889407627,47.5616860095373],[-122.109258424864,47.5615265604184],[-122.109504979172,47.5614347632506],[-122.109747597062,47.561376260544],[-122.109932460466,47.5613538044831],[-122.110131899036,47.56134405584],[-122.110401441232,47.5613496102997],[-122.110725839949,47.5613905882878],[-122.111037300231,47.5614672364375],[-122.111334582403,47.5615686148455],[-122.111647578804,47.5617025739984],[-122.112125354974,47.5618824052982],[-122.112333162249,47.5619732087649],[-122.11278278432,47.5622154841335],[-122.1129144459,47.5623457791414],[-122.112994256721,47.5624598666432],[-122.113112532505,47.5626668316847],[-122.113122777791,47.5626809723757],[-122.113121955832,47.5626817070514],[-122.113197484385,47.5630586107031],[-122.113205619528,47.5632368304136],[-122.113262185543,47.5634481888584],[-122.113278478287,47.5634672840824],[-122.1132933481,47.5634714011141],[-122.1133028927,47.5634734353835],[-122.113623363983,47.5634879995618],[-122.113814834496,47.5635283630514],[-122.113936627184,47.5635476976785],[-122.114053798938,47.5635506623975],[-122.114156512307,47.5635448638895],[-122.114222208799,47.5635351986978],[-122.114262944702,47.5635186736102],[-122.114286122135,47.5634959202376],[-122.114307540666,47.5634660469119],[-122.114332533594,47.5634323996209],[-122.114333753506,47.5634309448383],[-122.114383459087,47.5633181936111],[-122.114526053164,47.5631030291493],[-122.114627188194,47.5630434687313],[-122.114686160795,47.5630392340701],[-122.11479700302,47.5630422685267],[-122.114951155719,47.5630476712653],[-122.11505888618,47.5630528830619],[-122.115218347923,47.5630596539109],[-122.115255541769,47.5630706588118],[-122.115266259568,47.563087196164],[-122.115264681228,47.5631092762669],[-122.115262087792,47.5631599908809],[-122.115261249664,47.5632640973763],[-122.115264159307,47.563335466764],[-122.115266581165,47.5633699391012],[-122.115310994771,47.5633949171352],[-122.115360965355,47.5634105966691],[-122.115438166571,47.5634184737131],[-122.115512045816,47.5634197824116],[-122.115603763807,47.5634173201915],[-122.115652411173,47.5634137874934],[-122.115829661355,47.5633662397059],[-122.115935424505,47.5633343435486],[-122.115986802749,47.5632787834512],[-122.116051768911,47.5632180721315],[-122.116189114131,47.5631605533997],[-122.116578434992,47.562971500055],[-122.116628934684,47.5629659324316],[-122.116931441458,47.562966625278],[-122.117205803115,47.5629761105437],[-122.117230139374,47.5629749606493],[-122.117316821409,47.5629688759678],[-122.117367109099,47.5629547414161],[-122.117426643148,47.5629305057246],[-122.117480022839,47.5628706389966],[-122.117555268422,47.5628011693082],[-122.117935518993,47.5625756166189],[-122.118003970618,47.5625569726662],[-122.118084525244,47.5625417553843],[-122.118315706683,47.5625496804463],[-122.118809906752,47.5625666204594],[-122.119456237412,47.5625887710974],[-122.119836414322,47.562601797671],[-122.120225972338,47.5626151455107],[-122.120530273945,47.5626043811632],[-122.120722637384,47.5625907787296],[-122.120837175277,47.5625763240185],[-122.120899958533,47.5625661603769],[-122.12094861578,47.5625429974259],[-122.120992671856,47.5625115572134],[-122.121048691696,47.5624586488463],[-122.121204729061,47.5623055414308],[-122.121337884539,47.5622238208366],[-122.121373609639,47.5622031860846],[-122.121480163307,47.5621395002333],[-122.121539350606,47.5621156236262],[-122.12157877946,47.5621084083291],[-122.121781034248,47.5621128849291],[-122.121884944174,47.5621200377897],[-122.121934528482,47.5621343507819],[-122.121964030055,47.5621542478471],[-122.121999219759,47.5623329513286],[-122.122036100093,47.5625434393237],[-122.122036094703,47.5625467714383],[-122.122103534825,47.5627158233922],[-122.122116484938,47.5627531384555],[-122.122117252099,47.5627557486116],[-122.122117844987,47.562759835997],[-122.122118436977,47.5627666838672],[-122.122118498063,47.562777679131],[-122.122124682065,47.562932569717],[-122.12212900386,47.563259171709],[-122.12209641388,47.563259074117],[-122.121616463786,47.5632609435187],[-122.121547735481,47.5632545812485],[-122.121477489022,47.5632180497036],[-122.120475245846,47.5631846156224],[-122.120468406073,47.563187617944],[-122.120264787643,47.5631947742948],[-122.119993820719,47.5632435388042],[-122.119740184093,47.5633106723684],[-122.119646076584,47.5633445815989],[-122.119596723143,47.5633965501298],[-122.119574444025,47.5635196161865],[-122.119546167755,47.563663883502],[-122.119549112433,47.5638244420467],[-122.119564069382,47.5638741776354],[-122.119592622333,47.5639623942246],[-122.119645537595,47.5640546197559],[-122.119721453321,47.5641720531257],[-122.11971656469,47.5642008264919],[-122.119666604885,47.564243435218]]]},"properties":{"OBJECTID":5,"SD_BASIN_ID":26,"BASIN":"SOUTH SAMMAMISH","TYPE":"AREA","BASIN_NO":94,"SYMBOL":94,"SysChangeUser":"gisdba_cobgis","SysCreateDate":"Fri, 02 Oct 2026 19:14:30 GMT","SysChangeDate":"Fri, 02 Oct 2026 19:14:30 GMT","SysCreateUser":"gisdba_cobgis"}},{"type":"Feature","id":6,"geometry":{"type":"Polygon","coordinates":[[[-122.110399508956,47.5923020909337],[-122.110361252403,47.5922895873046],[-122.110486528757,47.5921738557435],[-122.110539433239,47.5920826720748],[-122.110550200446,47.5920399212127],[-122.110578719262,47.5919983026097],[-122.110604337417,47.5917582199901],[-122.110580532062,47.5915906309613],[-122.110586527418,47.5913534332813],[-122.110569078542,47.5912843545756],[-122.110596093578,47.5911814718337],[-122.1105428136,47.591096809507],[-122.110560627192,47.5909974105845],[-122.110493081069,47.5909961213561],[-122.110529082851,47.5909384332034],[-122.110529914691,47.5904908056313],[-122.110564829511,47.5904690981563],[-122.110562149836,47.5903598887617],[-122.110529408041,47.5903096324555],[-122.110501601589,47.5901394239382],[-122.110507124432,47.5900434444402],[-122.110513797118,47.5899141452906],[-122.110452056807,47.5898055993599],[-122.110440130773,47.5896405407978],[-122.110384436124,47.5894573235425],[-122.110368336517,47.5893629180278],[-122.110336853261,47.5892034077579],[-122.110343046247,47.5889742015076],[-122.110340045874,47.5888379631644],[-122.110304123144,47.5887521616531],[-122.110314759197,47.5887040831064],[-122.11030570867,47.5886562250512],[-122.110272511429,47.5885873245458],[-122.110297605867,47.5883259323305],[-122.110306144353,47.5879514898107],[-122.110283386434,47.587826518726],[-122.110234114739,47.5877444750299],[-122.110169503412,47.5875187280279],[-122.110125977342,47.5874039674454],[-122.110072276952,47.5870069236133],[-122.110032579502,47.5869940479164],[-122.11000653824,47.5868957578531],[-122.110023087902,47.5867676814884],[-122.110033635022,47.5866356750024],[-122.10998621206,47.5864683507046],[-122.109948426224,47.5863728576722],[-122.109943527711,47.5861730831668],[-122.109900432832,47.5860216967503],[-122.109932578146,47.5858068521626],[-122.109922613134,47.5857217036914],[-122.109958456812,47.5855774238193],[-122.10995308309,47.5855188680986],[-122.109962966355,47.5852871875505],[-122.109988268303,47.5851068246389],[-122.109968273602,47.5849338635155],[-122.110033255933,47.5844522120935],[-122.109982157963,47.5842955861753],[-122.110216576031,47.583657497372],[-122.110218684377,47.5835828703435],[-122.110267843783,47.5834377847513],[-122.110380392806,47.5830364953617],[-122.110423013375,47.5829224732804],[-122.110424859413,47.5828371910532],[-122.110510767999,47.5826470550256],[-122.110538799927,47.5825055279414],[-122.110573756968,47.5823599073478],[-122.110652754814,47.5821604926054],[-122.11068110295,47.5820286435591],[-122.110758476642,47.5818289688157],[-122.110876103841,47.581643165295],[-122.110984109186,47.5815061213466],[-122.111015538543,47.5814998733935],[-122.111073047789,47.5814469096745],[-122.111204966287,47.5812652119475],[-122.111330253422,47.5810399187365],[-122.111370375775,47.5810414439268],[-122.111842869852,47.5812749477938],[-122.111895189531,47.5813193223122],[-122.112099143033,47.5814030194194],[-122.112279389096,47.5815889389229],[-122.112575950819,47.5816013099817],[-122.112816129784,47.5816010245796],[-122.113158029479,47.581601092446],[-122.113684753053,47.5816054989079],[-122.114211396676,47.5816372675966],[-122.114645498554,47.5818499636456],[-122.114685130428,47.5818714662499],[-122.114785884572,47.5820414604888],[-122.114856452627,47.5821636459309],[-122.114863029193,47.5821772220735],[-122.114962297524,47.5822489498574],[-122.11507638087,47.5823104983425],[-122.115238311183,47.5823677972964],[-122.115431523529,47.5824495628107],[-122.115878897117,47.5825623522324],[-122.116096759235,47.5826055525646],[-122.116322723258,47.5826391814793],[-122.116606617837,47.5826794490148],[-122.116950105754,47.5827426911907],[-122.117293964675,47.5827769889701],[-122.117638236821,47.5827823308974],[-122.117982559273,47.5827842226278],[-122.118326756859,47.5827939890943],[-122.118671184414,47.5827896481735],[-122.119015598494,47.5827857756404],[-122.11936001437,47.5827818503906],[-122.119704515587,47.5827778130424],[-122.120048877564,47.5827742125735],[-122.120393246729,47.5827700110162],[-122.120533498897,47.5827820097516],[-122.120652509503,47.5828149362743],[-122.120796970279,47.582857071165],[-122.121231136835,47.5829476837575],[-122.121656273526,47.583152029599],[-122.122015743371,47.5832463281598],[-122.122432686528,47.5834078773549],[-122.122779781181,47.5835540846],[-122.12306749899,47.5836317485688],[-122.123424837132,47.5838320950702],[-122.12347304073,47.5838644925675],[-122.123513420002,47.583904020541],[-122.123531244374,47.5839419003768],[-122.12354596866,47.5839962267124],[-122.123548748047,47.5841342027121],[-122.123537109475,47.584381111423],[-122.123528767719,47.5844097609864],[-122.123513905991,47.5844346817252],[-122.1234393575,47.5845825759984],[-122.1233030678,47.5847146924851],[-122.123268850073,47.5847483182272],[-122.123120440303,47.5848963533974],[-122.123101486749,47.5849155219939],[-122.12293155065,47.5850901482151],[-122.122821997508,47.5852054561579],[-122.122657372249,47.5853829830927],[-122.122647025453,47.585394317763],[-122.122569689491,47.5854802605013],[-122.122502052638,47.5855554240788],[-122.122486101253,47.5855734169819],[-122.122411734223,47.5856587135345],[-122.122410124442,47.5856796141254],[-122.122409875608,47.5856979438672],[-122.122411755782,47.5857312436087],[-122.122414406711,47.5857531105829],[-122.12241868359,47.5857893119476],[-122.122408000824,47.5860247280577],[-122.122375152129,47.5862901306717],[-122.122403017869,47.5863225890549],[-122.122456769463,47.5863741391377],[-122.122517925869,47.5864276771056],[-122.122576136699,47.5864268652087],[-122.122549305818,47.5864456369907],[-122.122456959906,47.5865928003303],[-122.122343035561,47.5868376186408],[-122.122134756671,47.5871484451924],[-122.12180219137,47.5873520118296],[-122.121716905317,47.5875784423773],[-122.12169584701,47.5878153463515],[-122.121636950765,47.587896354494],[-122.121605096505,47.5879626361035],[-122.121585316501,47.588024660147],[-122.121568682396,47.5880907695256],[-122.121555500518,47.588173318583],[-122.121549088343,47.5882650234484],[-122.121534386516,47.5884239997773],[-122.121517098438,47.588526282071],[-122.121500523623,47.5886210847263],[-122.121497622962,47.5886716764869],[-122.121487628307,47.5886872381859],[-122.121462984823,47.588693919082],[-122.121329970381,47.5886918318701],[-122.121311501019,47.5887004678984],[-122.121305098726,47.5887188644393],[-122.121297629234,47.5888167560548],[-122.121267624605,47.5888568540429],[-122.121226779108,47.5888833818415],[-122.121202090709,47.5889010331047],[-122.121195098223,47.588927337317],[-122.121047677498,47.5890585364669],[-122.120815936409,47.5890575561809],[-122.12069602659,47.5890553096415],[-122.120530763527,47.5890499725954],[-122.120344330766,47.5890502803738],[-122.119987710378,47.5890615221588],[-122.11992838384,47.5891396717338],[-122.119753945385,47.5893020079291],[-122.119766821837,47.5893919544319],[-122.119739409746,47.5895760504085],[-122.119724535441,47.5896108114319],[-122.119723838349,47.5896079851117],[-122.119736748037,47.5895756650836],[-122.119675324832,47.5896421566159],[-122.119513747556,47.5897436119606],[-122.119395484349,47.5898323617489],[-122.119270038213,47.589881381967],[-122.119053730181,47.5899552299775],[-122.118929261412,47.5899986889659],[-122.11875977447,47.5900463858487],[-122.118547442382,47.590105327884],[-122.118355776036,47.590154207895],[-122.118288149065,47.5901760324295],[-122.118238249447,47.5902166703998],[-122.118211191293,47.5902579784075],[-122.118191905362,47.590337334257],[-122.118185029657,47.5904038890415],[-122.118172840417,47.5904801899926],[-122.118174348688,47.5905590250839],[-122.118170085284,47.5906400623013],[-122.118192411113,47.590713674174],[-122.118204992019,47.590735878339],[-122.118223120021,47.590767926233],[-122.118243748934,47.5908043307216],[-122.118244992202,47.5908900701019],[-122.118264806342,47.5910047242888],[-122.118289457012,47.5910322445763],[-122.118315458748,47.5910612739958],[-122.118393781061,47.5910984707181],[-122.118492536453,47.591134780466],[-122.118523105224,47.5911548664409],[-122.118552936478,47.5911744683432],[-122.118574437654,47.5912003727714],[-122.118578813348,47.5912304641312],[-122.118574114261,47.591277320807],[-122.118542206102,47.591324325265],[-122.118462371026,47.5913701676873],[-122.118359949609,47.5914260972299],[-122.118269808162,47.5914748657453],[-122.118199332633,47.5915130187861],[-122.118115382374,47.5915603120151],[-122.118031327013,47.5916033934483],[-122.11793080733,47.5916522787242],[-122.117818426291,47.5917067672964],[-122.117699892691,47.5917509475875],[-122.117618486462,47.5917836061436],[-122.117525804579,47.5918219825109],[-122.117407560236,47.5918620036796],[-122.117257087935,47.5919309319829],[-122.117111835743,47.5920003824198],[-122.117059405571,47.5920446757529],[-122.117031629663,47.5920969526457],[-122.11693597795,47.5921907346798],[-122.116846834531,47.59224994571],[-122.116739859554,47.5922873112185],[-122.116643446967,47.5923130400125],[-122.116560328549,47.5923314698156],[-122.11640841535,47.5923502867343],[-122.116293141736,47.5923569538347],[-122.116115195359,47.5923558894008],[-122.115956735238,47.5923505351224],[-122.115888209952,47.5923530935201],[-122.11583045816,47.5923662399138],[-122.115587020108,47.5923814194507],[-122.1154347386,47.5923790325027],[-122.115153225454,47.5923774446371],[-122.11467450246,47.5923685571925],[-122.114018533775,47.5923621184894],[-122.113256341104,47.5923922006996],[-122.110399508956,47.5923020909337]]]},"properties":{"OBJECTID":6,"SD_BASIN_ID":23,"BASIN":"SPIRIT RIDGE","TYPE":"AREA","BASIN_NO":92,"SYMBOL":82,"SysChangeUser":"gisdba_cobgis","SysCreateDate":"Fri, 02 Oct 2026 19:14:30 GMT","SysChangeDate":"Fri, 02 Oct 2026 19:14:30 GMT","SysCreateUser":"gisdba_cobgis"}},{"type":"Feature","id":7,"geometry":{"type":"Polygon","coordinates":[[[-122.123750868986,47.5981317499082],[-122.123808409673,47.5980081170241],[-122.122117495543,47.5982527492772],[-122.121998853247,47.5983565776333],[-122.121804824332,47.5982707105563],[-122.121519332548,47.5981781333659],[-122.121515843491,47.5981757715184],[-122.121133197113,47.5980109010933],[-122.120722679605,47.5979051857134],[-122.12006205585,47.5978362561927],[-122.119514464412,47.5977702887573],[-122.118722656981,47.5976397287201],[-122.11802719656,47.5975032312542],[-122.11732599231,47.5972564680398],[-122.117148398073,47.5971017468132],[-122.116965007906,47.5967120010143],[-122.116785484987,47.5964789385611],[-122.116608860931,47.5963633864887],[-122.116463148802,47.5962844729089],[-122.116338396165,47.5962488930637],[-122.116201077894,47.5962290822507],[-122.115558459971,47.5962263562416],[-122.115578539114,47.5961076614243],[-122.115603624568,47.5959767416439],[-122.115620934205,47.5958347156924],[-122.115616640258,47.5957137301165],[-122.115637412901,47.5955413122995],[-122.115625365595,47.5952999228877],[-122.115659097333,47.5951427030401],[-122.115694550245,47.5950100313126],[-122.115739520806,47.5948136513374],[-122.115736091038,47.5946850673043],[-122.115704142455,47.5945786897304],[-122.115657511807,47.5944524392687],[-122.115599647726,47.5943256026921],[-122.115559059147,47.5942256537751],[-122.115488234173,47.5941034922474],[-122.115407042641,47.593973146603],[-122.115363860625,47.5938860564779],[-122.115324990523,47.59383052758],[-122.115264522226,47.5937662289427],[-122.115198865261,47.5937276468146],[-122.115099513387,47.593677372539],[-122.115026079706,47.5936376211324],[-122.114973382734,47.5936043003712],[-122.114888164055,47.593638530453],[-122.114837238562,47.593654832186],[-122.114742774421,47.5936833639931],[-122.114680075608,47.5936938984094],[-122.114621200922,47.593703790666],[-122.114535902293,47.5937058286076],[-122.114466893713,47.5936915539279],[-122.114428005644,47.593681728308],[-122.114390415641,47.5936840649144],[-122.114348510131,47.5936890755625],[-122.114301601904,47.5936908736042],[-122.114271210101,47.5936896226082],[-122.114245326943,47.5936826200593],[-122.114223650595,47.5936523671467],[-122.114188959455,47.5936192923537],[-122.114138894548,47.5935865343787],[-122.114081911714,47.5935586143877],[-122.114002974954,47.5935379695661],[-122.113940913944,47.5935298183791],[-122.113764397686,47.5935241080038],[-122.113632494459,47.5935180020332],[-122.113513580872,47.5935091759693],[-122.113442137857,47.593506168722],[-122.113316795926,47.5935031257317],[-122.113237293226,47.5935008509099],[-122.11314174482,47.5934997434868],[-122.11307760421,47.5934988359812],[-122.112912221671,47.5934956148819],[-122.112799625935,47.593498152626],[-122.112679428655,47.5934982331989],[-122.112583640398,47.5934980405508],[-122.112470922491,47.5934967665294],[-122.11237129753,47.5934884226879],[-122.112293177338,47.5934784377014],[-122.112253373886,47.5934636401441],[-122.112228434857,47.5934423228336],[-122.112201368617,47.5934108654271],[-122.112184223372,47.5933657566145],[-122.112162065527,47.5933231631005],[-122.112146825608,47.5932757333388],[-122.112138738974,47.5932329822398],[-122.112116348465,47.5931808718693],[-122.112087155914,47.5931383581724],[-122.112056532346,47.5930914171369],[-122.11201523769,47.5930545217104],[-122.111969890735,47.5930332490637],[-122.111925341483,47.5930188021486],[-122.111891184841,47.5930122871926],[-122.111855511843,47.5930078071753],[-122.111814687007,47.5930119964004],[-122.111780785486,47.5930158269814],[-122.111746436605,47.5930184223013],[-122.111722306958,47.5930226636258],[-122.111695958472,47.5930204184682],[-122.111682888883,47.593009616751],[-122.111670559506,47.5929910145286],[-122.111660965498,47.5929765415517],[-122.111640351858,47.5929576909325],[-122.111626263579,47.5929482680435],[-122.111614335749,47.5929412405568],[-122.111580621976,47.5929336817668],[-122.111532618702,47.592922918804],[-122.111496261188,47.592869597699],[-122.111503766612,47.5928203852062],[-122.111488716238,47.5927989379883],[-122.111444912588,47.5927896053379],[-122.111282132468,47.5927855384707],[-122.111191435862,47.592770422662],[-122.111120671076,47.5927335257975],[-122.11105916792,47.5926865922746],[-122.110927990532,47.5926395902518],[-122.110151594599,47.5926343365687],[-122.110117349922,47.5926341033275],[-122.110085459729,47.592634243878],[-122.110084059255,47.5926259907722],[-122.110028018755,47.5925893185658],[-122.110101067957,47.5925165599066],[-122.110305514634,47.5923410794096],[-122.110349574304,47.5923003752365],[-122.110399508956,47.5923020909337],[-122.113256341104,47.5923922006996],[-122.114018533775,47.5923621184894],[-122.11467450246,47.5923685571925],[-122.115153225454,47.5923774446371],[-122.1154347386,47.5923790325027],[-122.115587020108,47.5923814194507],[-122.11583045816,47.5923662399138],[-122.115888209952,47.5923530935201],[-122.115956735238,47.5923505351224],[-122.116115195359,47.5923558894008],[-122.116293141736,47.5923569538347],[-122.11640841535,47.5923502867343],[-122.116560328549,47.5923314698156],[-122.116643446967,47.5923130400125],[-122.116739859554,47.5922873112185],[-122.116846834531,47.59224994571],[-122.11693597795,47.5921907346798],[-122.117031629663,47.5920969526457],[-122.117059405571,47.5920446757529],[-122.117111835743,47.5920003824198],[-122.117257087935,47.5919309319829],[-122.117407560236,47.5918620036796],[-122.117525804579,47.5918219825109],[-122.117618486462,47.5917836061436],[-122.117699892691,47.5917509475875],[-122.117818426291,47.5917067672964],[-122.11793080733,47.5916522787242],[-122.118031327013,47.5916033934483],[-122.118115382374,47.5915603120151],[-122.118199332633,47.5915130187861],[-122.118269808162,47.5914748657453],[-122.118359949609,47.5914260972299],[-122.118462371026,47.5913701676873],[-122.118542206102,47.591324325265],[-122.118574114261,47.591277320807],[-122.118578813348,47.5912304641312],[-122.118574437654,47.5912003727714],[-122.118552936478,47.5911744683432],[-122.118523105224,47.5911548664409],[-122.118492536453,47.591134780466],[-122.118393781061,47.5910984707181],[-122.118315458748,47.5910612739958],[-122.118289457012,47.5910322445763],[-122.118264806342,47.5910047242888],[-122.118244992202,47.5908900701019],[-122.118243748934,47.5908043307216],[-122.118223120021,47.590767926233],[-122.118204992019,47.590735878339],[-122.118192411113,47.590713674174],[-122.118170085284,47.5906400623013],[-122.118174348688,47.5905590250839],[-122.118172840417,47.5904801899926],[-122.118185029657,47.5904038890415],[-122.118191905362,47.590337334257],[-122.118211191293,47.5902579784075],[-122.118238249447,47.5902166703998],[-122.118288149065,47.5901760324295],[-122.118355776036,47.590154207895],[-122.118547442382,47.590105327884],[-122.11875977447,47.5900463858487],[-122.118929261412,47.5899986889659],[-122.119053730181,47.5899552299775],[-122.119270038213,47.589881381967],[-122.119395484349,47.5898323617489],[-122.119513747556,47.5897436119606],[-122.119675324832,47.5896421566159],[-122.119736748037,47.5895756650836],[-122.119723838349,47.5896079851117],[-122.119724535441,47.5896108114319],[-122.119739409746,47.5895760504085],[-122.119766821837,47.5893919544319],[-122.119753945385,47.5893020079291],[-122.11992838384,47.5891396717338],[-122.119987710378,47.5890615221588],[-122.120344330766,47.5890502803738],[-122.120530763527,47.5890499725954],[-122.12069602659,47.5890553096415],[-122.120815936409,47.5890575561809],[-122.121047677498,47.5890585364669],[-122.121195098223,47.588927337317],[-122.121202090709,47.5889010331047],[-122.121226779108,47.5888833818415],[-122.121267624605,47.5888568540429],[-122.121297629234,47.5888167560548],[-122.121305098726,47.5887188644393],[-122.121311501019,47.5887004678984],[-122.121329970381,47.5886918318701],[-122.121462984823,47.588693919082],[-122.121487628307,47.5886872381859],[-122.121497622962,47.5886716764869],[-122.121500523623,47.5886210847263],[-122.121517098438,47.588526282071],[-122.121534386516,47.5884239997773],[-122.121549088343,47.5882650234484],[-122.121555500518,47.588173318583],[-122.121568682396,47.5880907695256],[-122.121585316501,47.588024660147],[-122.121605096505,47.5879626361035],[-122.121636950765,47.587896354494],[-122.12169584701,47.5878153463515],[-122.121716905317,47.5875784423773],[-122.12180219137,47.5873520118296],[-122.122134756671,47.5871484451924],[-122.122343035561,47.5868376186408],[-122.122456959906,47.5865928003303],[-122.122549305818,47.5864456369907],[-122.122576136699,47.5864268652087],[-122.122616445903,47.5864263017279],[-122.122639776947,47.586307428361],[-122.122742230704,47.5861627889891],[-122.12287497116,47.5860178062793],[-122.122993075365,47.5858934861608],[-122.123110927144,47.5857589205679],[-122.123273191631,47.5855828569522],[-122.123345610215,47.5854488061856],[-122.123419803871,47.5853864743192],[-122.123508635575,47.5853034791611],[-122.123597465482,47.5852204844772],[-122.123686548714,47.5851477343566],[-122.123775125296,47.5850544935029],[-122.123849317155,47.5849921611671],[-122.123982560668,47.5848676689574],[-122.124115804181,47.5847431758458],[-122.12426291858,47.584567283317],[-122.124352256933,47.5845047783209],[-122.124486513745,47.5844212673418],[-122.124589466965,47.5842971179358],[-122.124827437871,47.5841201920264],[-122.124916265082,47.5840371960724],[-122.124975058021,47.5839647890766],[-122.125079026337,47.5838816214001],[-122.125228170929,47.5837876911736],[-122.125346773699,47.5836838599646],[-122.12545073932,47.5836006918417],[-122.125540073182,47.5835381862974],[-122.125688959957,47.5834340098205],[-122.125777275129,47.5833305226837],[-122.125926416128,47.5832365908624],[-122.126075302005,47.5831324156031],[-122.126179266728,47.5830492459981],[-122.126253709217,47.5829971576022],[-122.126298120128,47.5829556590542],[-122.126328150808,47.5829450697601],[-122.126357928163,47.5829242335182],[-122.126387450396,47.5828931533457],[-122.126477035786,47.582840892103],[-122.126596650958,47.5827780420861],[-122.126685217658,47.5826847994352],[-122.126775310597,47.5826530289584],[-122.126938572213,47.5825179430172],[-122.12701352225,47.5824863451317],[-122.127133135625,47.5824234940833],[-122.127281762788,47.5823090707457],[-122.127370837036,47.5822363159729],[-122.127489940168,47.5821529734624],[-122.12760828063,47.5820388943158],[-122.127712495085,47.581965968897],[-122.127830579527,47.581841644609],[-122.127874478398,47.5817796538372],[-122.127963549952,47.5817069007525],[-122.128067254164,47.5816134853161],[-122.128156072392,47.5815304865997],[-122.128275936397,47.5814778798166],[-122.128335487514,47.5814362079743],[-122.128485382199,47.5813730102726],[-122.128589340634,47.5812898390843],[-122.128678920634,47.5812375768469],[-122.128737704589,47.5811651690086],[-122.128795215632,47.5810415323963],[-122.128838093119,47.5809385592289],[-122.128850686601,47.580835931861],[-122.128846098006,47.5806515124646],[-122.12883564521,47.5802314452861],[-122.128826978264,47.5798830978848],[-122.128918338725,47.5799025543344],[-122.128930677085,47.5797896804062],[-122.128959686381,47.5797381080837],[-122.129194138585,47.5796281994279],[-122.129414154863,47.5795642851018],[-122.129693888446,47.579525395577],[-122.129875769443,47.5795404588556],[-122.130113363056,47.5795891602754],[-122.130289909857,47.579644269196],[-122.130366865832,47.5796810734851],[-122.13048369443,47.5797347043462],[-122.130586608124,47.5797992214045],[-122.130598225137,47.5798419307576],[-122.130622289207,47.5798759292709],[-122.130660446047,47.5798826349245],[-122.130748957052,47.5798773405729],[-122.130847483374,47.5798505112849],[-122.130924911863,47.5798239231591],[-122.131025297698,47.5797870765526],[-122.131170921792,47.5797333912077],[-122.131352367106,47.5797210724269],[-122.131579496245,47.5797184794774],[-122.131670092239,47.5797071969036],[-122.131776596499,47.579726477081],[-122.132117092128,47.579868269215],[-122.133800206187,47.5807299721223],[-122.134069154597,47.5805126868167],[-122.134407496065,47.58024032752],[-122.135070305421,47.5806111839851],[-122.135369792059,47.5810791840404],[-122.135526340565,47.5812823610211],[-122.135554662649,47.581379770876],[-122.135516578573,47.5814976895485],[-122.135546014568,47.5816058642951],[-122.135536590342,47.5816921804579],[-122.135526745705,47.5817539483446],[-122.135525213179,47.581753160613],[-122.13548185689,47.5817930458716],[-122.135438991082,47.5818935008656],[-122.13537861621,47.5820534218227],[-122.135360652599,47.5821271899865],[-122.135370852071,47.5821649008381],[-122.135392558961,47.5821889288806],[-122.135416054398,47.5822000848836],[-122.135438388312,47.5822069695984],[-122.135458400082,47.5822049542348],[-122.135526564246,47.5821881090406],[-122.13562080201,47.5821584687569],[-122.135774645689,47.5821210033077],[-122.135908460531,47.5821266113109],[-122.136049545438,47.5821416580864],[-122.136123814552,47.5821574683455],[-122.136170243079,47.5823259237782],[-122.13621548044,47.5824467912443],[-122.136244865232,47.5824964370429],[-122.136312099639,47.5825123265728],[-122.136371885216,47.5825116418622],[-122.136550644568,47.5824857931214],[-122.136834845473,47.582456354784],[-122.137094251977,47.5824200596174],[-122.137333331403,47.5824149382152],[-122.137422143344,47.5824496221928],[-122.137452125515,47.5825230619855],[-122.137472055538,47.5825996095292],[-122.137477807451,47.5827739489915],[-122.137484044454,47.5828510033357],[-122.137489273547,47.5829706971085],[-122.137491444775,47.5830663757034],[-122.13749848577,47.5831946738062],[-122.137499529612,47.5833039666217],[-122.137489950877,47.5834196850767],[-122.137486810366,47.5835185760817],[-122.137484394797,47.5835782325842],[-122.137478034724,47.583685537165],[-122.137479360638,47.5837914260878],[-122.13746531458,47.5839001468785],[-122.137434768267,47.5840253133556],[-122.137398987471,47.584244170377],[-122.137360832428,47.5844612311543],[-122.137340466722,47.5846158031337],[-122.137314385934,47.5847479667978],[-122.137273333824,47.5849085831034],[-122.13725618768,47.5850547425315],[-122.137248135182,47.5851824680257],[-122.137245960361,47.5853001739422],[-122.13725774985,47.5854320656449],[-122.137267889135,47.5855229252302],[-122.137273076906,47.5857040719567],[-122.137302734785,47.5858639546134],[-122.137325711893,47.5859826138935],[-122.137343659334,47.5861010826529],[-122.137356857382,47.5862159569709],[-122.137369089742,47.5863120161951],[-122.13738816367,47.5864168703923],[-122.137402762192,47.5864868970797],[-122.138362670463,47.5868762488668],[-122.138429410797,47.5871214457417],[-122.138408883395,47.5875111230136],[-122.138444822294,47.587736176318],[-122.138450986534,47.5879820683446],[-122.138399142064,47.5883311095004],[-122.13840273802,47.588474546894],[-122.13828062643,47.5887576126324],[-122.138281867902,47.588812755524],[-122.138298304377,47.5889068542518],[-122.138317330694,47.5889980301249],[-122.138357098214,47.5891055695756],[-122.138395134679,47.589208432164],[-122.138431438295,47.5892867487371],[-122.138485051548,47.5894913085409],[-122.138507540871,47.5896117080994],[-122.138526569884,47.5897028839563],[-122.138544737412,47.5898115942865],[-122.138556854787,47.5899039396975],[-122.138583665905,47.5900260916414],[-122.138608753156,47.5901634404442],[-122.138635558884,47.5902657211562],[-122.138649401024,47.5903428704958],[-122.138662383476,47.5904375535382],[-122.138673627689,47.5904977528695],[-122.138662422104,47.5906064657896],[-122.138634801604,47.5907204420529],[-122.138591622283,47.5908022726742],[-122.138531158478,47.5908671553498],[-122.138460326318,47.5909238572716],[-122.138386898925,47.5909735453154],[-122.138341113591,47.5909986828492],[-122.138160562101,47.591086372108],[-122.138022340125,47.5911495096162],[-122.13790571275,47.5912015396155],[-122.137810684467,47.5912424621389],[-122.137658637419,47.5913079379888],[-122.137564472418,47.5913511983513],[-122.137438340867,47.5913973836531],[-122.137269013826,47.5914657836745],[-122.137148065554,47.5915160600747],[-122.136979602692,47.591586796641],[-122.136860380983,47.5916318124771],[-122.136727335998,47.5916791667879],[-122.136626260257,47.5917335323482],[-122.136525183618,47.5917878972463],[-122.136437930254,47.59183992237],[-122.136334263772,47.5919071465032],[-122.136235778772,47.5919585880949],[-122.136113966322,47.5920164617183],[-122.135834923543,47.5921655256251],[-122.135651768735,47.592246198071],[-122.135488484661,47.5923110880438],[-122.135246580931,47.5924116361427],[-122.135090208495,47.592485292172],[-122.134949388591,47.5925513474506],[-122.134850031327,47.5925805789779],[-122.134761042418,47.5925981193404],[-122.134625395912,47.5926185864212],[-122.134414582874,47.5926443180814],[-122.134207222961,47.5926495923614],[-122.134067252863,47.5926484334253],[-122.13390654875,47.5926507815885],[-122.133725971209,47.5926490392465],[-122.133553169484,47.5926484661397],[-122.133389873732,47.5926537361785],[-122.133202384552,47.5926531624658],[-122.133056366097,47.5926455733431],[-122.132896525266,47.5926403220839],[-122.132799756048,47.5926368204365],[-122.132721996081,47.5926350714301],[-122.132614859407,47.5926333242411],[-122.132467974078,47.5926134599585],[-122.132336646672,47.5926058684069],[-122.132260613266,47.5926087951316],[-122.132192359271,47.5926228259605],[-122.132154343466,47.5926391922271],[-122.132131017812,47.5926555584886],[-122.132108556336,47.5926841992823],[-122.132080915175,47.5927385571346],[-122.132067962367,47.592812785203],[-122.132052418817,47.592889936846],[-122.132055017644,47.5929665031556],[-122.132078357671,47.5930693690603],[-122.132093063991,47.5932283453355],[-122.132091344615,47.5933130938743],[-122.132101720157,47.5933808928488],[-122.132095684376,47.593493696277],[-122.132063723217,47.5935761083808],[-122.132036945337,47.5936228678443],[-122.13200152207,47.5936462490749],[-122.131961777907,47.5936579399892],[-122.131916850465,47.5936655404754],[-122.131854641233,47.5936760639908],[-122.131801072896,47.5936801580503],[-122.131763054396,47.5936766528375],[-122.131665420101,47.5936708122292],[-122.131553962531,47.5936673106507],[-122.131490024941,47.5936632220425],[-122.131382017799,47.5936591352514],[-122.131277471866,47.5936544638538],[-122.131172060856,47.5936474546362],[-122.131032088962,47.5936462914816],[-122.130917174674,47.593643373902],[-122.130813491124,47.5936410397171],[-122.130688207583,47.5936398753506],[-122.130553419866,47.5936428026234],[-122.130395304698,47.5936521599598],[-122.130295079661,47.593669112328],[-122.130192262986,47.593688988326],[-122.130079941236,47.5937030194711],[-122.129976258584,47.5937205570342],[-122.129877761906,47.5937421856169],[-122.129766304336,47.5937684898193],[-122.129666943479,47.593797716426],[-122.12954943845,47.5938473999238],[-122.129399102692,47.5939274766925],[-122.129298016171,47.5939917714968],[-122.129190015318,47.5940472984062],[-122.129094975358,47.5941180230698],[-122.12901462375,47.5941788094319],[-122.128917855431,47.5942547934967],[-122.128822816369,47.5943255172741],[-122.12873295879,47.5944003307184],[-122.128662974639,47.5944693005076],[-122.128576575573,47.5945534660753],[-122.128520416495,47.5946499055839],[-122.128479810848,47.5947685546383],[-122.128434884304,47.5948457064269],[-122.128436616256,47.5949497420619],[-122.128446123126,47.5950251392048],[-122.128465135071,47.5950865078917],[-122.12847896194,47.5951338505954],[-122.128376427335,47.5952182392369],[-122.128199946111,47.5952529656175],[-122.128008701075,47.5953423869711],[-122.127848879108,47.5953987338978],[-122.127689327534,47.5954659837488],[-122.12756282408,47.5955655746995],[-122.127390134645,47.5957529347392],[-122.127294239489,47.5957867430007],[-122.127135227802,47.5958757969429],[-122.127024568833,47.5959643012884],[-122.126884111849,47.5961512940089],[-122.126822892561,47.5962828579016],[-122.126675441293,47.5963153137225],[-122.126526010139,47.5963990007853],[-122.126468985983,47.5965431266427],[-122.126502334141,47.5966657283252],[-122.126506915549,47.5968501476401],[-122.12642010775,47.5970151089538],[-122.126446070858,47.5980601529252],[-122.126399226411,47.5986141004826],[-122.126413990223,47.5992083406088],[-122.126392349808,47.5995570330981],[-122.12642824469,47.5997820897253],[-122.126400494833,47.5998848901387],[-122.126528402353,47.6000983485602],[-122.126456227211,47.600053968155],[-122.126385369,47.6000113019451],[-122.12633896832,47.5999756222647],[-122.125138032177,47.5998519652679],[-122.123746182475,47.5997893979617],[-122.123661695025,47.5994240612114],[-122.123714664185,47.5991160091932],[-122.123737847906,47.5988287895206],[-122.123733783928,47.5986648612797],[-122.1237574734,47.5983981342387],[-122.123694343395,47.5982963661408],[-122.123750868986,47.5981317499082]]]},"properties":{"OBJECTID":7,"SD_BASIN_ID":19,"BASIN":"PHANTOM CREEK","TYPE":"BASIN","BASIN_NO":91,"SYMBOL":23,"SysChangeUser":"gisdba_cobgis","SysCreateDate":"Fri, 02 Oct 2026 19:14:30 GMT","SysChangeDate":"Fri, 02 Oct 2026 19:14:30 GMT","SysCreateUser":"gisdba_cobgis"}},{"type":"Feature","id":8,"geometry":{"type":"Polygon","coordinates":[[[-122.214046267648,47.6086657661503],[-122.213952587737,47.6086521787092],[-122.213890506964,47.6086571382619],[-122.213828064171,47.6086484298225],[-122.213800523621,47.6086655923328],[-122.213621581911,47.6086625048013],[-122.213546550127,47.6086776142021],[-122.213427938373,47.6086622243919],[-122.213234360413,47.6086351215753],[-122.21316697419,47.6086159543987],[-122.213089792737,47.6086035757953],[-122.213008930887,47.6085786175082],[-122.212951482726,47.6085641942656],[-122.212881011689,47.608554230325],[-122.212795359123,47.6085458355886],[-122.212728272938,47.6085239835886],[-122.212648448642,47.608504967175],[-122.212604773451,47.6085002377503],[-122.212506152806,47.6084761896878],[-122.212403852661,47.6084600760807],[-122.212347937026,47.6084628571712],[-122.21224690171,47.6084651331593],[-122.212183628873,47.6084837807539],[-122.212149087752,47.6084715771486],[-122.212047887145,47.6084675448103],[-122.211988040483,47.6084689353553],[-122.211917855109,47.6084597896139],[-122.211914212441,47.6084412922091],[-122.211804959336,47.6084268392522],[-122.211751733257,47.6084138101481],[-122.211708171254,47.6084132862706],[-122.211626875517,47.6083974427591],[-122.211565764925,47.6083803019639],[-122.211524019316,47.608360298306],[-122.211456690585,47.6083432332035],[-122.211364315926,47.6083201607546],[-122.211316975609,47.6082944392258],[-122.211280659417,47.6082738432188],[-122.211239427644,47.6082438416046],[-122.21119539133,47.6082254422373],[-122.211152910899,47.6082070246943],[-122.211099574327,47.6081897905679],[-122.211087855804,47.6081583789717],[-122.211087020371,47.6081268353267],[-122.211083243854,47.6081016375834],[-122.211011482835,47.6080734322067],[-122.210982816696,47.6080443032091],[-122.210948983448,47.6080175949516],[-122.21090982858,47.6079874145256],[-122.210884648802,47.6079582436907],[-122.210870081722,47.6079348391789],[-122.210850067257,47.6079032469476],[-122.210828933492,47.6078742656326],[-122.210803961225,47.6078498908395],[-122.210779206351,47.6078337388839],[-122.210764129925,47.607818218006],[-122.210741005493,47.6078008123537],[-122.210679755662,47.6077526846866],[-122.210655001686,47.6077365327009],[-122.210605710228,47.6077124521881],[-122.210568797555,47.6076964473622],[-122.210519506097,47.6076723668309],[-122.2105000423,47.6076551700784],[-122.210471500128,47.6076307564219],[-122.21042381935,47.6076077520969],[-122.210372839059,47.6075918629178],[-122.21033237804,47.607578204337],[-122.210281272884,47.6075576001745],[-122.21022316536,47.6075359009907],[-122.210179032028,47.607515213232],[-122.210137561303,47.6074877954889],[-122.210112808225,47.6074716434214],[-122.210063517666,47.6074475627866],[-122.210002285801,47.60743185162],[-122.209937545117,47.6074155584187],[-122.209883047922,47.6073985317696],[-122.209823260548,47.6073792115158],[-122.209765308432,47.6073634064528],[-122.209707358113,47.6073476007793],[-122.209638917268,47.6073307436905],[-122.20957047822,47.6073138859905],[-122.209524913872,47.6073050047168],[-122.209480718557,47.607281957853],[-122.209445362664,47.6072635212025],[-122.209385295016,47.6072335928984],[-122.209316637677,47.6072084843614],[-122.209241665182,47.6071860521927],[-122.209219720238,47.6071695693455],[-122.209201511387,47.6071403138686],[-122.209187039528,47.6071204454029],[-122.209161984616,47.6070959878896],[-122.209126628723,47.607077550568],[-122.209075369056,47.6070510525846],[-122.209018849754,47.6070234395774],[-122.208985544715,47.6070109800449],[-122.208957003441,47.6070003017412],[-122.20890771378,47.6069762202837],[-122.208830716482,47.6069366897487],[-122.208789597897,47.6069108918325],[-122.208783766932,47.606866787935],[-122.208700669175,47.6068414975248],[-122.208685734683,47.6068648177339],[-122.208593307922,47.6068396405807],[-122.208603774194,47.6068237372382],[-122.208546886582,47.6067897150434],[-122.208468230994,47.6067559574989],[-122.208404542237,47.6067588301343],[-122.208352604342,47.6067497028692],[-122.208301594407,47.606732634213],[-122.20826676852,47.6067342337563],[-122.208228519153,47.606738232917],[-122.208162851408,47.6067602491908],[-122.208101129961,47.6067830067802],[-122.208117474808,47.606824465238],[-122.208082897754,47.6068354948587],[-122.208039358209,47.6068371991775],[-122.207986915461,47.6068319378351],[-122.207955420527,47.6068276025418],[-122.207922119081,47.606820930623],[-122.207897313901,47.6068059030552],[-122.207870486614,47.6067802879831],[-122.207845120885,47.6067440442064],[-122.207830749637,47.6067260095233],[-122.207798218946,47.6066844801254],[-122.207787915269,47.6066797353946],[-122.207725860548,47.6066511622216],[-122.207657141225,47.6066236949672],[-122.207586555203,47.6065915350463],[-122.207495087843,47.6065608062806],[-122.207560606468,47.6064744784361],[-122.207636533873,47.6063936952861],[-122.207659874799,47.6063426567207],[-122.207696477553,47.6062600394175],[-122.207759753983,47.6061190928148],[-122.207831878819,47.606031124097],[-122.207907958937,47.60595516743],[-122.208026930017,47.6058809913167],[-122.208175377516,47.6058353499697],[-122.208249055539,47.6057956386887],[-122.208363369752,47.6056877356103],[-122.208399658995,47.6055954665062],[-122.208381497755,47.6054750328585],[-122.208359924713,47.6053594770328],[-122.20832889331,47.6052826847703],[-122.20826450746,47.6051677608458],[-122.208189184622,47.6050457550853],[-122.208126122889,47.6049718496322],[-122.208027683703,47.6047970765477],[-122.207956863221,47.6047039736659],[-122.207910705985,47.604600850202],[-122.20790782958,47.6045115730763],[-122.207915110425,47.6044052481873],[-122.207940385424,47.6043034851117],[-122.207972872098,47.6042040307187],[-122.207983798307,47.6041000667847],[-122.207964939076,47.6039579163064],[-122.207938866373,47.6038134577555],[-122.207912717313,47.6036665869334],[-122.207903859925,47.6035025630084],[-122.207865530608,47.6033100047584],[-122.207796645996,47.6031661779798],[-122.207706825247,47.6030371444486],[-122.20766480655,47.6029832757988],[-122.207628950295,47.6029465587607],[-122.207522380458,47.602851568243],[-122.207432637863,47.6027249470629],[-122.207328003895,47.6025792337179],[-122.207245706537,47.6024621584375],[-122.207156042993,47.6023379500656],[-122.207069870303,47.6022112761569],[-122.206987186669,47.6020821366936],[-122.206906750621,47.6019119258838],[-122.206864165086,47.6018087502757],[-122.206824836843,47.601695867858],[-122.206762472203,47.6015326318506],[-122.206707320136,47.601371703734],[-122.206661245545,47.6012709935582],[-122.206617808408,47.6011412745198],[-122.206593139772,47.6010402501352],[-122.206578700252,47.6008135428634],[-122.206585593923,47.600695152836],[-122.206585198665,47.6005720433022],[-122.206591704264,47.6004415889905],[-122.206587819949,47.6003209447968],[-122.206581150856,47.6002081288282],[-122.206164641585,47.5994716955927],[-122.20614494692,47.599388335094],[-122.205944627104,47.5988007039282],[-122.205742710082,47.5980968867196],[-122.205598970654,47.5975508716246],[-122.205494396873,47.5971836916389],[-122.205428041916,47.5971104583865],[-122.205343044222,47.5970199763211],[-122.205224547453,47.5968865351766],[-122.205139318892,47.5967888137333],[-122.20505409123,47.5966910927134],[-122.204935595359,47.5965576513358],[-122.204778632729,47.5963378698912],[-122.204688287365,47.5961919436954],[-122.204591273805,47.5960605994729],[-122.204506281502,47.5959701168036],[-122.204351729052,47.5958251358175],[-122.204233856612,47.5957109962053],[-122.204138086321,47.595618257587],[-122.203988034431,47.5955021771839],[-122.203871017187,47.5954145801348],[-122.203775945786,47.5953435573574],[-122.203507662129,47.5951396783187],[-122.203936375912,47.5945950668955],[-122.204028150497,47.5943666657418],[-122.204262954841,47.5934921072336],[-122.204267628775,47.5931157370138],[-122.204182340925,47.5927487282491],[-122.203979383655,47.5922351199373],[-122.203102949534,47.5910512715827],[-122.202997832273,47.5909226365015],[-122.202816501943,47.5907614812745],[-122.202469702836,47.5905207095867],[-122.202282162453,47.5904190624833],[-122.202180595333,47.5903351828907],[-122.201961906766,47.5899303548826],[-122.201203268728,47.5899037876283],[-122.201141066683,47.5899480591077],[-122.201084199732,47.5899846834851],[-122.201035317906,47.589987886625],[-122.201000423747,47.5899839473748],[-122.20097174054,47.589971217209],[-122.200910500591,47.5899313066772],[-122.200874430537,47.5898922697552],[-122.200705593976,47.5898863554163],[-122.1986555837,47.5897967332894],[-122.198394002375,47.5897875370267],[-122.198270206444,47.5897847373736],[-122.198184298756,47.5898155905],[-122.198074826463,47.5898358914534],[-122.197976714264,47.5898686790396],[-122.197856094776,47.5898991528525],[-122.197039035702,47.5900617193389],[-122.196096189133,47.5897747238111],[-122.195881477407,47.5897753266363],[-122.195859262968,47.5897639129419],[-122.195839977936,47.5897506374533],[-122.195804410939,47.5897187555466],[-122.195754105283,47.5896705936738],[-122.195656568006,47.5895526091971],[-122.195367525182,47.5895529163666],[-122.195334644147,47.5895529515064],[-122.195284035759,47.5895199050212],[-122.195275171184,47.5894527062969],[-122.195286487262,47.5893419983083],[-122.195355642267,47.5892690582231],[-122.196131112936,47.5887597907217],[-122.196246627299,47.5886721745099],[-122.196268944145,47.5885060345319],[-122.196470398534,47.5880234417328],[-122.196534701739,47.5878574535883],[-122.196563786493,47.5876946669859],[-122.196561775165,47.5876725463536],[-122.196581983666,47.5875747737741],[-122.196586974705,47.5875204838699],[-122.196595304783,47.5871038896082],[-122.196595687465,47.5867479846286],[-122.196592849687,47.5865203950519],[-122.196588556638,47.5863564512746],[-122.196639784864,47.586353668403],[-122.196671724464,47.5863489466699],[-122.196670986049,47.5863207556182],[-122.196673340533,47.5862881887786],[-122.196669339437,47.5862578679725],[-122.196652346905,47.5862211943332],[-122.196638334085,47.5861758084878],[-122.196630560065,47.586123839535],[-122.196626049623,47.5860740008658],[-122.196615012922,47.5860199032923],[-122.19660741048,47.5859744397173],[-122.19660301143,47.5859289385372],[-122.196605188048,47.5856447426405],[-122.196594493604,47.5856036551759],[-122.196584139622,47.5855755788443],[-122.19655764561,47.5855433581179],[-122.196537165818,47.58549588071],[-122.196502491746,47.5852737327899],[-122.196489462581,47.5851937512372],[-122.196464735555,47.5850893962824],[-122.196451202435,47.5850292228435],[-122.196446102699,47.5850027912489],[-122.196436833882,47.5849846151648],[-122.196434973471,47.5849809675868],[-122.196406584013,47.583817780736],[-122.196313696416,47.5833364098906],[-122.196120129235,47.5833387299929],[-122.196099040386,47.5831007974868],[-122.195382268332,47.583100458165],[-122.195086851063,47.5829522621912],[-122.195106929308,47.5813662539099],[-122.195105012303,47.5806373590521],[-122.194187025711,47.5806273425276],[-122.19418523986,47.5806220040162],[-122.193983479145,47.5806269813752],[-122.19393649007,47.5805115124628],[-122.19395835686,47.5803386900709],[-122.194035045138,47.5801729344865],[-122.193989988338,47.5798771103047],[-122.193947807045,47.5797509898071],[-122.193650428754,47.579433036703],[-122.193534859594,47.5793413551465],[-122.193191266574,47.5792171942991],[-122.192928898324,47.5791601433775],[-122.192239417089,47.5788414607199],[-122.191463278074,47.5785614542975],[-122.191304394846,47.578506232736],[-122.190789985378,47.578377305643],[-122.190771364201,47.5783533346317],[-122.190793719675,47.5783502568251],[-122.190933461601,47.5783443811772],[-122.191070042355,47.5783364403252],[-122.191175549485,47.578332926207],[-122.191186906885,47.5783308997866],[-122.191240148235,47.5783213991218],[-122.191294086678,47.578307311738],[-122.191363725876,47.5782858676627],[-122.191404118622,47.5782602907419],[-122.191454824927,47.5782238351093],[-122.191488809991,47.5782064008254],[-122.191542560686,47.5781851451712],[-122.191605695182,47.5781682586882],[-122.191672920607,47.5781558044036],[-122.191740123573,47.5781424544641],[-122.191790298973,47.5781364781986],[-122.191881652248,47.5781315430221],[-122.191995997902,47.5781264024148],[-122.192201744441,47.5781181185397],[-122.19224404521,47.5781149243692],[-122.192298263029,47.5781115883971],[-122.192347207737,47.5781092104942],[-122.19239357428,47.5781095522722],[-122.192449303964,47.5781133681883],[-122.192494487426,47.5781191020606],[-122.192560973537,47.5781290614959],[-122.192634242826,47.5781452141387],[-122.192727608327,47.5781700893805],[-122.192785986244,47.5781738725688],[-122.192848147865,47.5781704402481],[-122.192904874679,47.5781616964344],[-122.192932517637,47.5781550923665],[-122.192967893293,47.5781403292601],[-122.193008191716,47.5781111678403],[-122.193051765397,47.5780806229295],[-122.193101543742,47.5780594144914],[-122.193160660074,47.5780407827159],[-122.193226537127,47.5780274478967],[-122.193288606222,47.5780204317383],[-122.193365286415,47.57801503418],[-122.193459462196,47.5780201802522],[-122.193549734797,47.5780280629771],[-122.193676594881,47.5780422298207],[-122.194130085996,47.5781376313961],[-122.194513498638,47.5782629970834],[-122.194892268786,47.5783879691853],[-122.195002918771,47.5784153240066],[-122.195116125361,47.578439062897],[-122.1951628674,47.5784537392633],[-122.195199015608,47.5784685428824],[-122.195227266725,47.5784852323233],[-122.195266347033,47.5785107552015],[-122.195318455608,47.5785280560675],[-122.195474466023,47.5785624323562],[-122.195870369738,47.5786171751313],[-122.196080945621,47.5786451527838],[-122.196092029035,47.5785934835885],[-122.196140200294,47.5785929060859],[-122.196374471038,47.578635324945],[-122.196412509301,47.5786632668348],[-122.196434842317,47.5786850870709],[-122.196476042649,47.5787150947286],[-122.19654004402,47.5787311829565],[-122.196538906753,47.5787324276442],[-122.196784740612,47.5787926925525],[-122.196907870891,47.578822458362],[-122.197043750959,47.5788471236127],[-122.19722147635,47.5788670797754],[-122.197275918748,47.5788685298874],[-122.197317791918,47.5788648727934],[-122.197313682126,47.578885957891],[-122.197344925531,47.5788918940763],[-122.197370929064,47.5788758052919],[-122.197438971057,47.5788623676687],[-122.197433234415,47.5788214166802],[-122.197443671042,47.5788044631385],[-122.197463762762,47.5788000146281],[-122.197485572959,47.578801857418],[-122.197504660362,47.5788184570674],[-122.19752035393,47.5788834788246],[-122.197547613307,47.5789746570079],[-122.197556402424,47.5790134675585],[-122.19756870575,47.5790289678951],[-122.197585182649,47.5790511764112],[-122.197688767384,47.5791373168105],[-122.197806080174,47.5792165707491],[-122.198012882234,47.5793243266322],[-122.198243875026,47.5794452355687],[-122.198488602161,47.5795847996977],[-122.198768063554,47.5797888902211],[-122.199056640152,47.5799812871941],[-122.19923226618,47.5801373642901],[-122.199295561475,47.5801895215819],[-122.199375493569,47.5802449849659],[-122.199445368125,47.5802708129983],[-122.199485376393,47.5803145078702],[-122.199517586386,47.5803572440715],[-122.199534228575,47.5803991149225],[-122.199543158727,47.5804431829603],[-122.199555001217,47.5804798527702],[-122.199552688954,47.5805112803795],[-122.199551616365,47.5805713408493],[-122.199556903849,47.5806214665293],[-122.199571415234,47.5806696888412],[-122.199606053373,47.5807074770936],[-122.199656324893,47.5807868074299],[-122.1996930597,47.580824230811],[-122.199740056861,47.5808972911308],[-122.199692600661,47.5809252075751],[-122.199763329515,47.5809548588583],[-122.199805333839,47.5809774246777],[-122.199827550075,47.5810029954234],[-122.199868671355,47.581029847753],[-122.199908293347,47.5810588221248],[-122.199952247914,47.5810751223228],[-122.199994618751,47.5810903899682],[-122.200023353162,47.581108343807],[-122.200038461029,47.5811287759941],[-122.200060941369,47.5811777983041],[-122.200078822334,47.5812282221384],[-122.200082827024,47.5812546126162],[-122.200087480297,47.5812805480102],[-122.200102988812,47.5813162107465],[-122.200130200579,47.5813436670499],[-122.200159780304,47.5813603398195],[-122.200197374799,47.5813796060572],[-122.200217589588,47.5813928079251],[-122.200233902993,47.5814087444482],[-122.200249199506,47.5814363437074],[-122.200280510285,47.5814937751092],[-122.200318340139,47.58152200027],[-122.200370806243,47.581552737683],[-122.200472903368,47.5816070767993],[-122.200560223207,47.5816535282277],[-122.200613920003,47.5816806662313],[-122.200679322746,47.5816995972618],[-122.200751182578,47.5817121761347],[-122.200853545605,47.5817261814053],[-122.200975144257,47.5817412997978],[-122.201104014771,47.5817558819225],[-122.20117970502,47.5817630381601],[-122.201243430608,47.5817685456145],[-122.201311128546,47.5817740045924],[-122.201392046092,47.581778409222],[-122.201550483755,47.5817783365083],[-122.201735891538,47.5817769900939],[-122.201896401615,47.5817724073158],[-122.202066667396,47.581766382383],[-122.202398537401,47.5817321651383],[-122.202401248516,47.5817304854515],[-122.202485171825,47.5817214816749],[-122.202526908452,47.5817125645472],[-122.202535203495,47.5817324487218],[-122.202512197641,47.5817442949963],[-122.202507950406,47.5817601229478],[-122.20249909661,47.58177811049],[-122.202617367004,47.581782997453],[-122.202809742121,47.5817662727065],[-122.20310688685,47.5817927362327],[-122.203233986785,47.581808877444],[-122.203270820406,47.5818190373518],[-122.203300099197,47.5818398916061],[-122.203320427173,47.5818679220716],[-122.203331729776,47.5819004795423],[-122.203340447028,47.5819339513643],[-122.20334652952,47.5819665712062],[-122.203346794523,47.5820014693792],[-122.203342335286,47.5820730495537],[-122.203341285156,47.5820898959968],[-122.203341705567,47.5822016130698],[-122.203349255907,47.5822687302123],[-122.203350103018,47.582325711699],[-122.203357221269,47.5823728987072],[-122.203376029296,47.582442476956],[-122.20339150637,47.5824847042492],[-122.203411128271,47.582529807292],[-122.203507619909,47.5827263357658],[-122.203529496581,47.5828152762038],[-122.20356107416,47.5829730608541],[-122.203532815856,47.5829910734288],[-122.203512345047,47.5830072245715],[-122.203490871718,47.5830348757041],[-122.203479888916,47.5830641670806],[-122.203479583489,47.5831021656808],[-122.203488339368,47.5831540340193],[-122.203529426512,47.5832840285103],[-122.20359222414,47.5833875375525],[-122.20368953055,47.5834623557267],[-122.203740002394,47.5834944401885],[-122.203772990328,47.5835072967506],[-122.203807145174,47.5835148375124],[-122.203862165188,47.583521243372],[-122.203957702815,47.5835289277365],[-122.204037528908,47.5835350348725],[-122.204098049307,47.5835437547636],[-122.204199661342,47.5835670999001],[-122.204276825727,47.5836209527909],[-122.204363317319,47.5836817622521],[-122.204418074127,47.5837388912581],[-122.204448405743,47.5837885370432],[-122.204483431056,47.5838539434482],[-122.204528818435,47.583940872127],[-122.204564904659,47.5840217287264],[-122.204617006047,47.5841156464146],[-122.204667940523,47.5842148790549],[-122.204715066143,47.5842933939641],[-122.204779713403,47.5843677206566],[-122.204872752815,47.5844788166522],[-122.204869952766,47.584521262856],[-122.204888238872,47.5845957073783],[-122.204946216141,47.5847142944001],[-122.204975240707,47.5847749135467],[-122.205001652075,47.5848355635245],[-122.205018552979,47.584882190832],[-122.205032748157,47.5849253165406],[-122.205037736502,47.5849659016322],[-122.205034163902,47.585078162127],[-122.205028904266,47.5851511232003],[-122.205029668732,47.585229755463],[-122.205037674518,47.5853105082793],[-122.20505191551,47.5854048817195],[-122.205055364143,47.5854366499203],[-122.205066646983,47.5854683241866],[-122.205082103395,47.585509666843],[-122.205101218646,47.5855412453324],[-122.205126910463,47.5855745136666],[-122.205177150542,47.5856472468348],[-122.205236808559,47.5857304698727],[-122.205270729842,47.5857786583953],[-122.205308229115,47.5858387328169],[-122.205337079409,47.5858679850586],[-122.205391157091,47.5859128391914],[-122.205484621406,47.5859903518215],[-122.205557606828,47.5860588346468],[-122.205596166113,47.5861343597197],[-122.205631461819,47.5862346639978],[-122.205676106292,47.5863428089615],[-122.205706494502,47.5864303612127],[-122.205737361513,47.5865112794031],[-122.20576445021,47.586597546277],[-122.205795504071,47.5866855319195],[-122.205827396061,47.5867558351389],[-122.205874897176,47.5868484828267],[-122.205927330043,47.5869547658429],[-122.206007159729,47.5870598350537],[-122.206079374396,47.5871981313676],[-122.206191812029,47.5872272586434],[-122.206222237069,47.587241912552],[-122.206234430801,47.587258553149],[-122.206242044023,47.5872748083987],[-122.206247639629,47.5872888788284],[-122.206254703082,47.5873091159324],[-122.206259272812,47.587333802026],[-122.206258829044,47.5873665009032],[-122.206262325287,47.5874000352713],[-122.206272303773,47.5874317253142],[-122.20629342586,47.5874897875255],[-122.206325623277,47.5875715747277],[-122.206359824835,47.5876798453756],[-122.206374185303,47.5877786350274],[-122.206387589963,47.5878906913683],[-122.20640334821,47.5879929989392],[-122.206422326019,47.5880687593299],[-122.206442574944,47.5881679214655],[-122.206458170595,47.588264045571],[-122.206462763681,47.588289615181],[-122.206474665461,47.5883199554098],[-122.206495613275,47.5883466519127],[-122.206522636395,47.5883807866765],[-122.206567669838,47.5884292829648],[-122.206616679225,47.5885046816259],[-122.206662003723,47.5885889603901],[-122.206692780005,47.5886663460662],[-122.206724640553,47.5887600645733],[-122.206766491265,47.5888611738613],[-122.20678805712,47.5889360205638],[-122.206811348639,47.589026749865],[-122.206828509156,47.5891325752733],[-122.206840772058,47.5892013484359],[-122.206858246985,47.5892943577344],[-122.206882320038,47.5893672584036],[-122.206959075689,47.5895268536001],[-122.20698847665,47.589601604837],[-122.207012865012,47.5896843690136],[-122.207025420765,47.5897889244332],[-122.207033324142,47.5898904437138],[-122.207055055287,47.5899714728786],[-122.207077928191,47.5900463022413],[-122.207104368305,47.5901078355],[-122.207138456675,47.5901622075394],[-122.207171624272,47.5902064285147],[-122.207230989438,47.5902781677132],[-122.207290376163,47.5903507895337],[-122.207372171363,47.590431092787],[-122.207406749314,47.5904545329991],[-122.2074410425,47.5905019719819],[-122.207472905744,47.5905310368347],[-122.207529608303,47.5905587506359],[-122.207579623803,47.590568664084],[-122.207655782074,47.5905677438049],[-122.207714761862,47.5905638754823],[-122.207781789657,47.5905704276997],[-122.207845747011,47.5905830947118],[-122.207892381252,47.5906178756651],[-122.207913373084,47.5906413266987],[-122.207926026753,47.590655464078],[-122.207986500439,47.5907444195185],[-122.208028962006,47.5908190121033],[-122.208059554133,47.5908893309751],[-122.208080563931,47.590942977011],[-122.20808800288,47.5909773475711],[-122.20809157009,47.5910135319941],[-122.208101865681,47.591081887685],[-122.20810236784,47.5911256189712],[-122.208110634137,47.5911666063788],[-122.208123959746,47.5912013481706],[-122.208142463244,47.591234259704],[-122.208211622741,47.5913306211184],[-122.208264297254,47.5913962543753],[-122.208308903998,47.5914531489852],[-122.208335428554,47.5914930329114],[-122.208363852147,47.5915306837025],[-122.208391169017,47.5915511184857],[-122.208428837173,47.5915678940253],[-122.20846648377,47.5915837850423],[-122.208509283104,47.5915969637385],[-122.208585741412,47.5916234313824],[-122.208631910327,47.5916405449535],[-122.208671667066,47.5916621544035],[-122.208697989501,47.5916758250159],[-122.208749393796,47.5916794103326],[-122.208816394642,47.5916849112911],[-122.208867715394,47.5916853426438],[-122.208890808385,47.5917355485566],[-122.208931221793,47.5917939597989],[-122.208979046302,47.5918386089293],[-122.209011243718,47.5918802900598],[-122.209020015767,47.5919180484099],[-122.208981227411,47.5919505972066],[-122.208953862033,47.5919740676355],[-122.208885944007,47.5919927695751],[-122.208880449013,47.5920201827173],[-122.208909455613,47.5920587479295],[-122.208936352071,47.5920763024009],[-122.208967631409,47.5920832875958],[-122.209000383086,47.5920870976467],[-122.209039852365,47.5921097604462],[-122.209052704562,47.5921253817057],[-122.209065173178,47.5921447039582],[-122.209089704372,47.5921832854359],[-122.209131908122,47.5922101441472],[-122.209168740845,47.5922507181379],[-122.209166938825,47.5923001741025],[-122.209147289975,47.5923803477474],[-122.209147049226,47.5924298605369],[-122.20916910646,47.5924583651439],[-122.20920544511,47.5924810980582],[-122.209240298844,47.5924942601711],[-122.209278400887,47.592502635674],[-122.209355926394,47.5925127953236],[-122.209455209098,47.5925219014457],[-122.209605443346,47.5925372626843],[-122.209714970437,47.5925496802273],[-122.209753747115,47.5925575740926],[-122.209791675783,47.5925693670282],[-122.209826946335,47.5925878542942],[-122.209848570581,47.5926081899157],[-122.209883650691,47.5926623079418],[-122.209911217292,47.5927444323786],[-122.209923088529,47.592833187983],[-122.209922433657,47.5929044886033],[-122.209920783452,47.5929861080143],[-122.209918135218,47.5930780455618],[-122.209908903232,47.5931850962177],[-122.209905926215,47.5932405325051],[-122.209905372853,47.5932916462525],[-122.209912718377,47.5933293508786],[-122.209922875628,47.5933773282463],[-122.209940672152,47.5934260731342],[-122.210007056753,47.5935115931564],[-122.210078214104,47.5936095097328],[-122.210120855334,47.5936854388897],[-122.210149488235,47.5937598200962],[-122.210180808896,47.5938638021558],[-122.210200805394,47.5939477360677],[-122.210213865101,47.5940094222487],[-122.21022953172,47.5940736521312],[-122.210250749927,47.5941077534754],[-122.210275663803,47.5941375148176],[-122.210299128697,47.5941518905449],[-122.210338907894,47.5941762596047],[-122.210444883046,47.5942057985782],[-122.210565599553,47.5942432529548],[-122.210679849087,47.5942713191847],[-122.210765398347,47.5943312875363],[-122.210798513841,47.5943487667318],[-122.210836069708,47.5943577780294],[-122.210880344075,47.5943856400428],[-122.210915375676,47.594416769731],[-122.210922149872,47.5944377231642],[-122.2109386115,47.5944722325804],[-122.210987609208,47.5945610409879],[-122.210971816826,47.5946377823513],[-122.210985161299,47.5946728180739],[-122.211000722815,47.5947136724568],[-122.211024347609,47.5947906910511],[-122.21103472315,47.5948708766312],[-122.211015280014,47.5949518520445],[-122.21098157792,47.5950218352056],[-122.210931239026,47.5951349652535],[-122.210878873533,47.5952433959346],[-122.210825474079,47.59533680825],[-122.21078055023,47.59541465707],[-122.21074276709,47.5954743805843],[-122.210687461411,47.5955437657399],[-122.210652466641,47.5955798155497],[-122.210634308095,47.5955985222586],[-122.210586560841,47.5956818433615],[-122.210552895578,47.5957611346485],[-122.210509792614,47.5958363331366],[-122.210456114682,47.5959232304057],[-122.210412843733,47.5959921200417],[-122.21038350835,47.5960587379055],[-122.210367593796,47.596133081209],[-122.210354330171,47.5962194885152],[-122.21032052477,47.5962935232487],[-122.2102896892,47.5963622615585],[-122.21026675521,47.5964168167083],[-122.210242050642,47.5964909844335],[-122.210214334022,47.5965959618073],[-122.21020456664,47.5966580719377],[-122.210197315439,47.596720003291],[-122.210194370761,47.5967526787366],[-122.210192672047,47.5967844806366],[-122.210192128566,47.5968119730479],[-122.210196327292,47.5968347264846],[-122.21020657168,47.5968779362396],[-122.210218679173,47.5969035573722],[-122.21022697781,47.5969292251367],[-122.210239423968,47.5969677267598],[-122.210247881606,47.5969994049518],[-122.210254841753,47.5970225126827],[-122.210262029174,47.5970542065916],[-122.210266588124,47.5970824960545],[-122.210272369681,47.5971090536067],[-122.210273051502,47.5971348127416],[-122.210281349241,47.5971604809984],[-122.21029099535,47.5971955144262],[-122.210296643957,47.5972345943619],[-122.210332982606,47.597264217628],[-122.210353838792,47.5972845786918],[-122.210363271103,47.59730507968],[-122.210375514242,47.5973358526519],[-122.210386782709,47.5973778038161],[-122.210406498933,47.5974244381236],[-122.210426843079,47.5974520471115],[-122.210448063083,47.5974861480713],[-122.210469893941,47.5975223800896],[-122.210483139599,47.5975633485545],[-122.210489859896,47.5976020284114],[-122.210491132809,47.5976501133222],[-122.21048485628,47.5977008665739],[-122.210478306663,47.5977413163665],[-122.210476637593,47.5977772962111],[-122.210476544169,47.5978186424716],[-122.210481601684,47.5978658227824],[-122.210494991073,47.597915908277],[-122.210510363942,47.5979689764843],[-122.210521973769,47.5980238073966],[-122.210542946736,47.5980965638505],[-122.210572760922,47.5981674944505],[-122.210604785862,47.5982499942972],[-122.21061963681,47.5982833133117],[-122.210634464402,47.5983157733436],[-122.210652171993,47.5983610832401],[-122.210672531411,47.5984106551865],[-122.210686067225,47.5984422719295],[-122.210705883162,47.5984712360574],[-122.210729505261,47.598500154132],[-122.210759407482,47.5985264183859],[-122.21079706396,47.5985577442976],[-122.210834856983,47.5985942202979],[-122.210865564094,47.5986269175916],[-122.210891908986,47.5986626745164],[-122.210917165121,47.5987053151731],[-122.210938430938,47.5987411326195],[-122.210962600111,47.5987906587745],[-122.210976385657,47.5988317207433],[-122.210990468546,47.5988839454248],[-122.211005626718,47.5989529062756],[-122.211005630311,47.5990010069059],[-122.211003026994,47.5990465627481],[-122.211001350737,47.5990792228086],[-122.211000673408,47.5991015639574],[-122.210997592186,47.5991290866501],[-122.210992176243,47.599164368327],[-122.210986896844,47.599204803056],[-122.210981618344,47.5992452365424],[-122.210975521478,47.5992783156541],[-122.210972734006,47.5992934447264],[-122.210987964043,47.5993329937582],[-122.210980998506,47.5993635801799],[-122.210960069557,47.5993953871561],[-122.210955133314,47.5994438296242],[-122.210954718293,47.5994869578724],[-122.210946282214,47.5995207164734],[-122.210934625675,47.5995503075523],[-122.210924494475,47.5995788288759],[-122.210904898625,47.599602205628],[-122.210865314362,47.5996342384003],[-122.210841896181,47.5996519181417],[-122.210838743095,47.5996766874572],[-122.210836640138,47.5996932114329],[-122.210835101324,47.5997310229023],[-122.210841020324,47.5997627321312],[-122.210849433046,47.5997926931795],[-122.210862695773,47.5998140066915],[-122.210881082491,47.5998369750711],[-122.210910407993,47.5998653938687],[-122.21094797464,47.5998932838422],[-122.210982933477,47.5999186290993],[-122.211006489101,47.5999449707813],[-122.211040178619,47.5999703311568],[-122.211086630502,47.5999981132532],[-122.211125262551,47.6000182606398],[-122.2111561628,47.6000342054243],[-122.211210141667,47.6000584615008],[-122.211267925798,47.6000345700772],[-122.21149583108,47.6000746461442],[-122.211584448985,47.6000942980101],[-122.211705158305,47.600120750453],[-122.21176345717,47.6001402296672],[-122.211810351024,47.6001607053071],[-122.211889903131,47.6001915220295],[-122.211951295794,47.6002079561941],[-122.21199223831,47.6002194857287],[-122.212071677229,47.6002460089791],[-122.212158359264,47.6002823226774],[-122.212231053631,47.6003179464212],[-122.212299965194,47.6003544744987],[-122.212414049438,47.6004424218707],[-122.212527407844,47.600541065074],[-122.212613397278,47.6006284506216],[-122.212635152677,47.6006600212006],[-122.212655571384,47.6007069348518],[-122.212684515102,47.6007466711963],[-122.212745297809,47.600803707072],[-122.212841400477,47.6008780000214],[-122.212901462735,47.6009079265104],[-122.212912606336,47.6009337310215],[-122.212937565128,47.6009546503473],[-122.212956890584,47.600960310848],[-122.212972824901,47.6009695505766],[-122.212990813664,47.6009905546896],[-122.213044643411,47.6010398370314],[-122.213128282852,47.6010272537174],[-122.213171868212,47.6010288286004],[-122.213178727747,47.6010529358135],[-122.213241496629,47.601074262138],[-122.213280032558,47.6011200723958],[-122.213366119909,47.6011411158204],[-122.213384112266,47.6011745553497],[-122.213424893983,47.6011877334477],[-122.213434786231,47.601267549426],[-122.213545424538,47.601329285127],[-122.213656995296,47.6013951366227],[-122.213805099639,47.601458186584],[-122.213857879255,47.6014764108561],[-122.21388448915,47.6014937737897],[-122.213922147425,47.6015334035359],[-122.214029302964,47.6016299634378],[-122.214156255575,47.6017498656395],[-122.214297336888,47.6018766684711],[-122.214379283005,47.601942878466],[-122.214481181603,47.6020383224952],[-122.214561854807,47.6021222342091],[-122.214642873862,47.6022191104164],[-122.214725257459,47.6023018207184],[-122.214778822203,47.6023495112333],[-122.214829150316,47.602406673166],[-122.214849259104,47.6024417999943],[-122.214892648631,47.6025002253313],[-122.214917734983,47.6025258588534],[-122.214941453202,47.6025656580213],[-122.214954962965,47.60260203492],[-122.214969441113,47.6026348811355],[-122.214984888542,47.6026612868659],[-122.214987093906,47.6027443514115],[-122.215075641742,47.602760928326],[-122.215094308734,47.6027797475513],[-122.215111464759,47.6027970434249],[-122.215150462422,47.6028213285057],[-122.215198641766,47.6028631892618],[-122.215211561336,47.6028901503064],[-122.215215985539,47.6029254676062],[-122.215211664643,47.6029597121842],[-122.215200280293,47.6029905054526],[-122.215193966035,47.6030153422374],[-122.215176110222,47.6030650787645],[-122.215166718336,47.603105279707],[-122.215166039209,47.603145375227],[-122.215179083645,47.6031770508901],[-122.215188391988,47.6031993394103],[-122.215207008674,47.6032439170278],[-122.215229110824,47.6032884516028],[-122.215253236877,47.603343573732],[-122.215261241765,47.603382384386],[-122.215263766031,47.6034118303364],[-122.215262900055,47.6034448535124],[-122.215271529271,47.6035072383724],[-122.215291825807,47.6035494365575],[-122.215317413419,47.6035939296851],[-122.215339485026,47.6036372858873],[-122.215372137888,47.6036852289703],[-122.215380174217,47.6037252186552],[-122.215384628962,47.6037617152805],[-122.215390765354,47.6037958321156],[-122.215400543516,47.6038358017281],[-122.215406898198,47.6038781692417],[-122.215414621015,47.603906372641],[-122.215419420713,47.6039360430075],[-122.215430722418,47.6039875303146],[-122.215435584998,47.6040393488831],[-122.215445707215,47.6040922824734],[-122.215461496903,47.6041616543837],[-122.215463102192,47.6042069628516],[-122.215464412834,47.6042563021265],[-122.215477880377,47.6043054929617],[-122.215495914056,47.604341628799],[-122.215507654139,47.6043898268358],[-122.215517557166,47.604434510645],[-122.215539942285,47.6044896527656],[-122.215560615215,47.6045459952927],[-122.215581632199,47.6046153036103],[-122.215582853009,47.6046612706675],[-122.215575298178,47.6047049869714],[-122.215576268358,47.6047415253107],[-122.215578824065,47.604772149151],[-122.215590126668,47.6048038462393],[-122.215599717082,47.604836742555],[-122.215616309864,47.6048707333134],[-122.215625774514,47.6048989149787],[-122.215638789306,47.6049294115343],[-122.215650373081,47.6049717169886],[-122.215665254572,47.605006906902],[-122.215683935039,47.6050538414879],[-122.215706821417,47.6051278425222],[-122.21572201642,47.605174819397],[-122.215738640643,47.6052099891865],[-122.215753741323,47.6052534300552],[-122.215772358907,47.6052980065279],[-122.215796863151,47.6053672726634],[-122.215806140053,47.6053883828206],[-122.21581582479,47.6054248152954],[-122.21582753433,47.6054718343006],[-122.215840881498,47.6055384582646],[-122.215853665423,47.605602389935],[-122.215858624124,47.6056577440205],[-122.215855399172,47.6057332420217],[-122.215851329803,47.6057769156385],[-122.21585441911,47.6058275768186],[-122.215859251148,47.6058782167513],[-122.215863894539,47.6059217848608],[-122.215882889416,47.6059805061163],[-122.215923828338,47.6060429479133],[-122.215970759922,47.6061117957589],[-122.216007328541,47.6061418537115],[-122.216016442848,47.6061922286646],[-122.215976801991,47.6062221605929],[-122.215952495376,47.6063023922487],[-122.215950328639,47.6063534417553],[-122.215953669474,47.6064135319277],[-122.215955173254,47.6064371854415],[-122.215956664457,47.6064606572462],[-122.215954963946,47.606527882583],[-122.215942462092,47.6065822702671],[-122.21592136965,47.6066414783368],[-122.215900122696,47.6066947926758],[-122.21588553226,47.6067362366678],[-122.215870723532,47.6067694303576],[-122.215854015766,47.606796751572],[-122.215837150795,47.6068181785167],[-122.215800749263,47.6068917216014],[-122.215791607108,47.606941352087],[-122.215785762669,47.6069838678935],[-122.21575555053,47.6070278596461],[-122.215721382209,47.6070542128897],[-122.21570625997,47.6070756197423],[-122.215686529373,47.6071243972931],[-122.215665537541,47.607183407912],[-122.215642296328,47.6072273134941],[-122.215622476798,47.6072688206576],[-122.215587504486,47.6073305559386],[-122.215576526175,47.6073766714168],[-122.215563928201,47.6074275230386],[-122.215525407544,47.6074869433401],[-122.215488629618,47.6075463411652],[-122.215479205392,47.6075853649175],[-122.215468132758,47.6076279443991],[-122.215452738329,47.607704768346],[-122.2154418229,47.6077532418813],[-122.215426114959,47.6078182797819],[-122.215416739242,47.6078691697356],[-122.215412400379,47.6078927256879],[-122.215382614939,47.6079464227299],[-122.215350253131,47.6080162340711],[-122.215358957806,47.6081097368377],[-122.215342757589,47.6081588550061],[-122.215314098636,47.6081957531062],[-122.215297857994,47.6082407540483],[-122.215281995543,47.6082998978598],[-122.215255422478,47.6083497408],[-122.215221909928,47.6084008464497],[-122.215195182354,47.6084447958271],[-122.215157903168,47.6084853354264],[-122.215136371449,47.6085280419649],[-122.2151214675,47.6085576994142],[-122.215106813283,47.6085967853981],[-122.215090542996,47.6086406074273],[-122.215065181759,47.608670390785],[-122.215027651045,47.6087015016786],[-122.21495241175,47.608731022156],[-122.214844524983,47.6087680924584],[-122.214760322298,47.6088185490653],[-122.214701686564,47.6088360894352],[-122.214574155438,47.6087776857099],[-122.214409289431,47.608777582752],[-122.214342068498,47.6087647263411],[-122.214260576929,47.6087415238666],[-122.214208208741,47.6087021914973],[-122.214157785406,47.6086775603005],[-122.214046267648,47.6086657661503]]]},"properties":{"OBJECTID":8,"SD_BASIN_ID":17,"BASIN":"BEAUX ARTS","TYPE":"AREA","BASIN_NO":73,"SYMBOL":52,"SysChangeUser":"gisdba_cobgis","SysCreateDate":"Fri, 02 Oct 2026 19:14:30 GMT","SysChangeDate":"Fri, 02 Oct 2026 19:14:30 GMT","SysCreateUser":"gisdba_cobgis"}},{"type":"Feature","id":9,"geometry":{"type":"Polygon","coordinates":[[[-122.194408926654,47.6085662189099],[-122.194159336939,47.6083525152342],[-122.194069271848,47.6082591316072],[-122.193995770793,47.6081908322709],[-122.193891426083,47.6081084710454],[-122.193794091826,47.6080128848634],[-122.193710800931,47.6079250919393],[-122.193644550179,47.6078247480766],[-122.193566202713,47.6076345550447],[-122.193529488567,47.6074711352814],[-122.193511643534,47.6074031571221],[-122.193501780931,47.6072809252166],[-122.193497695393,47.6071710677313],[-122.193491112538,47.6070781647013],[-122.193480753166,47.6069593237076],[-122.193456349533,47.6068326882441],[-122.193410629777,47.6066960585023],[-122.193348586734,47.6065155228666],[-122.193307383706,47.6063826201475],[-122.193276207674,47.6062503924058],[-122.193236739294,47.6060884982294],[-122.193186269247,47.6059669579518],[-122.193149820104,47.6058189648151],[-122.193133448308,47.6057065689244],[-122.193079438898,47.6055402722522],[-122.193042513648,47.605429916276],[-122.193019869815,47.6053085361833],[-122.192985202031,47.6052000439886],[-122.192904104822,47.6050113768067],[-122.192834341658,47.6049005230575],[-122.192794186066,47.6048293308467],[-122.192711877928,47.6047005091666],[-122.192638337347,47.6045637169833],[-122.192561543069,47.6044318426035],[-122.192545282664,47.6044070488892],[-122.192544761641,47.6042611070402],[-122.19257199317,47.6041179739671],[-122.192581361701,47.6040455063209],[-122.19261862831,47.6039631839948],[-122.192681293886,47.6038908281871],[-122.192782676851,47.6037922651942],[-122.192884677856,47.6036553797818],[-122.192901311062,47.6034838100639],[-122.192842386071,47.6032488807275],[-122.192775704127,47.6031211502609],[-122.192688099523,47.6030008102515],[-122.192549029537,47.6029310673234],[-122.192347379315,47.6028906342628],[-122.191871877679,47.6028748914423],[-122.191349867566,47.6027827706197],[-122.191283005061,47.6027294195854],[-122.191156102756,47.602628414016],[-122.191068334657,47.6025711372415],[-122.190962008264,47.6025023380379],[-122.190832872747,47.6024337143993],[-122.19075439233,47.6023993216842],[-122.19064633129,47.6023595126984],[-122.19054729742,47.602327159963],[-122.190455036847,47.6023004003296],[-122.190404880311,47.6022627784872],[-122.190355983213,47.6022338013156],[-122.190305067601,47.6021841421349],[-122.19025512756,47.6020934562388],[-122.190219470731,47.6019917449972],[-122.190189325067,47.6018869789408],[-122.190176997486,47.6018159467774],[-122.190175717387,47.6017730554668],[-122.190171660595,47.6016974439323],[-122.190184661014,47.6016435284742],[-122.190030503823,47.6016417070828],[-122.189945774725,47.601632576502],[-122.189750251912,47.6016194088133],[-122.189633444874,47.6016218153284],[-122.189480546223,47.6016286393398],[-122.189296569456,47.6016402194415],[-122.189120859885,47.6016472197142],[-122.188921082651,47.6016457490331],[-122.188695739363,47.6016459810227],[-122.188468898584,47.6016563842126],[-122.188258854505,47.6016730559636],[-122.188024502912,47.6017000751647],[-122.187821728897,47.6017189480747],[-122.187666333828,47.6017427242487],[-122.187494160026,47.6017944778065],[-122.187388158822,47.6018438411625],[-122.187289667534,47.601876586094],[-122.187134550044,47.6019500355779],[-122.18697491852,47.6020197580083],[-122.186835578141,47.6020720103988],[-122.186703010162,47.6021298558772],[-122.18659976499,47.6021776919196],[-122.186473208536,47.6022290931293],[-122.186378730022,47.6022689579397],[-122.186296277256,47.6022959344332],[-122.186205717193,47.6023363685592],[-122.185910185838,47.6021671852568],[-122.185763278051,47.6021333150954],[-122.185647211225,47.6021135077218],[-122.18545442468,47.6020645601388],[-122.185323317361,47.6020437393822],[-122.185167143452,47.6020212292846],[-122.185041049631,47.6020007446814],[-122.184915954736,47.6019734797161],[-122.18484800527,47.6019363676496],[-122.184785569663,47.6018962027573],[-122.184715845125,47.6018195901537],[-122.184613286266,47.6017424759052],[-122.184472615482,47.6016490956199],[-122.18435201935,47.6015913126046],[-122.184289842458,47.6015665756928],[-122.184132911269,47.6015320267379],[-122.184063223563,47.601523905265],[-122.183951931282,47.6015232535119],[-122.183835125142,47.6015256539743],[-122.183700280832,47.6015473853316],[-122.18349175221,47.6015881216835],[-122.183299263007,47.6016230897577],[-122.183103258697,47.6016475474071],[-122.18292179362,47.6016764092116],[-122.182730303344,47.6017045950206],[-122.182584432213,47.6017324307106],[-122.182416009776,47.6017758684101],[-122.18225961039,47.6018064194835],[-122.182149574852,47.6018144112896],[-122.181953311827,47.6018234388672],[-122.181848788353,47.6018283778673],[-122.181730464958,47.6018067023526],[-122.181583063997,47.6017762179079],[-122.181426874816,47.6017194568763],[-122.18126040352,47.6016465915856],[-122.18106559307,47.6015427073695],[-122.18091390445,47.6014554275327],[-122.180786025676,47.6013611938807],[-122.180687728424,47.6012723770259],[-122.180616254867,47.6011905064447],[-122.180549794807,47.601108973729],[-122.18047756397,47.6010150659384],[-122.180368482444,47.6009135361351],[-122.180247120049,47.6008094663225],[-122.180130269892,47.6007091245583],[-122.18008687767,47.6006428445547],[-122.180006864728,47.6005158788197],[-122.179918095008,47.6004311286203],[-122.179813031646,47.6003367186725],[-122.179722749163,47.6002278951276],[-122.179563267657,47.6000733104979],[-122.179378723155,47.5999170335878],[-122.179223257119,47.5997695691056],[-122.179076318789,47.5996329518078],[-122.178893274474,47.5994665019584],[-122.178655588335,47.5992929431701],[-122.178466792106,47.5991483645201],[-122.178290035099,47.5990251453407],[-122.178163681665,47.5989549803576],[-122.177981683887,47.5988844863587],[-122.17778741602,47.598845698415],[-122.177615216166,47.5988289451983],[-122.177441758672,47.5988035455015],[-122.177332214512,47.5987738958482],[-122.177131909967,47.598673057704],[-122.176941863284,47.5985198308195],[-122.176859111378,47.598454408213],[-122.176728752356,47.5983513487544],[-122.176574312196,47.5982313442658],[-122.176289972052,47.5979279235306],[-122.176203458002,47.5978107893802],[-122.176129727877,47.5976928044767],[-122.176078805078,47.59757464727],[-122.176100320627,47.5974630902179],[-122.176105028698,47.5973110161996],[-122.17612101871,47.5971682645239],[-122.176144765674,47.5969900803198],[-122.176170025402,47.5968359683188],[-122.17620229648,47.5966686318035],[-122.17621451806,47.5964999420538],[-122.176229956506,47.5962235981259],[-122.176257703669,47.5960182862063],[-122.176286975272,47.5958712947569],[-122.17627387514,47.5956854859534],[-122.176262044328,47.5955425699149],[-122.176236186323,47.595426104062],[-122.17613262674,47.5952872715562],[-122.176010017483,47.595140304708],[-122.175885163337,47.5950257195552],[-122.175748783806,47.5949206293823],[-122.175591612767,47.5948363959503],[-122.175427681906,47.5947808147506],[-122.175286071484,47.5947626965838],[-122.17509883563,47.5947106780005],[-122.174957457872,47.5946394949428],[-122.174786493202,47.5945286452646],[-122.174595980293,47.5944130513256],[-122.174376147272,47.5943074637704],[-122.174165339624,47.5942093340457],[-122.173931727344,47.5941113773969],[-122.173774314659,47.594045959577],[-122.17362642681,47.5939846090555],[-122.173544970275,47.593970549513],[-122.173357994034,47.5939339551863],[-122.173219143237,47.593914308882],[-122.173034924823,47.5938761890937],[-122.172782551229,47.5938882604034],[-122.172634164815,47.5938302991905],[-122.172498561428,47.5937714885702],[-122.172384762848,47.5937192860472],[-122.172240881486,47.593630808195],[-122.17213208742,47.5935446983079],[-122.172041842667,47.5934701150604],[-122.171983683938,47.5934182448277],[-122.171941818853,47.5933760354417],[-122.171928018035,47.593315174238],[-122.171923996278,47.5932738080619],[-122.171950295356,47.5932156541252],[-122.172033477555,47.5931322321649],[-122.17211340336,47.5930537274849],[-122.17221311456,47.5929269020577],[-122.172286980331,47.5928153775039],[-122.172167805334,47.5923948645086],[-122.171605909124,47.5919748279509],[-122.172277758226,47.5909562200877],[-122.172744149149,47.5909962934148],[-122.173790846355,47.590983944569],[-122.173818218022,47.5909547775806],[-122.173932178299,47.5907936357811],[-122.174042070106,47.590650979618],[-122.174142483788,47.5904930702844],[-122.174216757394,47.5903784913134],[-122.174299558707,47.5902423014584],[-122.174311216145,47.5902160179],[-122.174283968445,47.5901886328937],[-122.174222141896,47.5899863641187],[-122.174278556096,47.5899052665156],[-122.174365066553,47.5898199883943],[-122.174482463784,47.5897115301174],[-122.174506169426,47.5896221809322],[-122.174554965014,47.5894003455777],[-122.174623088753,47.5892010315704],[-122.1747127505,47.5890392815374],[-122.174778852132,47.5888656663507],[-122.174805110786,47.5887047737946],[-122.174871932867,47.5884404582375],[-122.174913961446,47.588224125861],[-122.174950221044,47.5879954169868],[-122.17499851627,47.5877880685411],[-122.175040530476,47.5875374891184],[-122.175056009347,47.5873638822794],[-122.175053416809,47.587106867535],[-122.175064837091,47.5867891572312],[-122.175068012635,47.5865445174321],[-122.175081477483,47.586350228742],[-122.175083397183,47.5860969425583],[-122.1750599799,47.5857580462528],[-122.175062187959,47.585622925305],[-122.175071666084,47.5854900088935],[-122.175076398409,47.5854064273834],[-122.175061573512,47.5852838556708],[-122.175047770897,47.5852229947508],[-122.175000130543,47.5851341662552],[-122.174924919994,47.5850263532563],[-122.174802849727,47.5849102402695],[-122.174690557621,47.5848136228516],[-122.174548196208,47.5847149748405],[-122.174353962477,47.5846076881237],[-122.174132925714,47.5845276994942],[-122.173936704909,47.584468221607],[-122.173662308218,47.5844240121433],[-122.173453575678,47.5844150560915],[-122.17317993447,47.5843828831241],[-122.172923339692,47.5843724074252],[-122.172743675737,47.5843722620051],[-122.172463779559,47.584365348491],[-122.172306663317,47.5843496025201],[-122.172141022962,47.5843230063786],[-122.171908979141,47.5842833648089],[-122.171734818265,47.5842459196638],[-122.171604005594,47.5842062647055],[-122.171425578619,47.5841462720274],[-122.171313305378,47.5840838968016],[-122.171207543126,47.5840116874008],[-122.171108039437,47.5839142170034],[-122.171024571574,47.5838109804564],[-122.170997738897,47.5837355398902],[-122.17095160861,47.5836365365929],[-122.170916745892,47.5835126113366],[-122.170923987212,47.5834120764372],[-122.170937485297,47.5832862795389],[-122.170951721798,47.5831040277091],[-122.170934879285,47.5828922808005],[-122.170976917745,47.5826759491246],[-122.171015210231,47.5825021704352],[-122.171040977506,47.5823446697636],[-122.171059477411,47.5821849660177],[-122.171082216466,47.5819450710649],[-122.171107966674,47.5817190760623],[-122.171114197388,47.5815910761059],[-122.171087104199,47.5814659625857],[-122.171054489965,47.5813096549469],[-122.171021367284,47.5811224934565],[-122.171010799503,47.5809539765855],[-122.170944336748,47.5807012078365],[-122.170885657895,47.5805157432876],[-122.170832006913,47.5803991094689],[-122.170797876322,47.5801844823728],[-122.1707730406,47.5800612330813],[-122.170735416461,47.5799045867536],[-122.170716584179,47.5797406483128],[-122.170712283944,47.5795811165969],[-122.170712485166,47.5795628859108],[-122.170752050565,47.5795624211297],[-122.171465202408,47.5794895243778],[-122.171923671088,47.5793578097968],[-122.172550923328,47.5790985118055],[-122.172977336525,47.5788551922492],[-122.17322303384,47.5786276174409],[-122.17339691534,47.5783464209288],[-122.173537024677,47.5779260480154],[-122.174030820503,47.5767832097976],[-122.174722671494,47.5751273976598],[-122.174843018793,47.5748558121227],[-122.176853653215,47.5748320746379],[-122.176946156333,47.5742655764833],[-122.17694129465,47.5740771656185],[-122.176980763031,47.5739462204226],[-122.177259560569,47.5739574230288],[-122.177454185965,47.5740276112261],[-122.177693143221,47.5741552648408],[-122.177911432038,47.5743121568442],[-122.178086513687,47.5744550629827],[-122.178461840592,47.5748855510809],[-122.178657969768,47.5750137086354],[-122.178874766484,47.5751126276394],[-122.179091938696,47.5752260376784],[-122.179307240615,47.5752669823887],[-122.179521791542,47.5752789398161],[-122.179607462074,47.5752779259407],[-122.179865223764,47.5753038691436],[-122.179862560259,47.5753189021235],[-122.179866446371,47.5753331363626],[-122.179874911196,47.5753544568068],[-122.179885072938,47.5753733780044],[-122.179893414694,47.5753899405615],[-122.179906182449,47.5754076400084],[-122.179917024216,47.5754188168491],[-122.179936532929,47.5754251321902],[-122.179955979658,47.5754290670819],[-122.179981518762,47.5754305494081],[-122.180454591353,47.5754057855846],[-122.180570350956,47.5753937039519],[-122.180679813368,47.5753908235341],[-122.180776327464,47.5754019737134],[-122.180846095121,47.5754475597962],[-122.18097443473,47.5755138723191],[-122.181057281857,47.575552433937],[-122.181132616374,47.5756731334175],[-122.181172835746,47.5757050256974],[-122.181230476146,47.5757576576737],[-122.181357554521,47.5757751927657],[-122.181461932469,47.5757853799031],[-122.181524065344,47.5757941635047],[-122.181614278656,47.5758007109048],[-122.181684209806,47.5757846478353],[-122.181727540942,47.5757193943673],[-122.181745606062,47.5756563449053],[-122.181755231511,47.5755933953605],[-122.181767521362,47.5755247018879],[-122.18178257533,47.5754540714845],[-122.181800541635,47.5753872152849],[-122.181801974448,47.5753338829813],[-122.181817521591,47.5752822880892],[-122.181830305516,47.5752347122897],[-122.181830442958,47.575234639567],[-122.181830536383,47.5752346141141],[-122.181830690893,47.5752346153261],[-122.181830957692,47.5752346419911],[-122.181909511771,47.5752488265592],[-122.181996070737,47.5753315813109],[-122.182102617217,47.5754255224675],[-122.18215675329,47.5754515383196],[-122.182275984881,47.5754920144002],[-122.182369800438,47.5755289834152],[-122.182495741545,47.575611269878],[-122.182548101648,47.5756772919111],[-122.182611714947,47.5757431817492],[-122.182638067924,47.5757828552385],[-122.182675919337,47.5758319122489],[-122.182751753317,47.5759248489473],[-122.182893174193,47.5759529219706],[-122.183103227256,47.5759147278927],[-122.183277961257,47.5758710002601],[-122.183496031784,47.5758029586191],[-122.1836795558,47.5757591272643],[-122.183845188969,47.5757036064047],[-122.184045985791,47.5756476685458],[-122.184229046276,47.575585991024],[-122.184464849547,47.5755236861993],[-122.184805985674,47.575454178144],[-122.18491054598,47.575417233923],[-122.185094068199,47.5753734004272],[-122.185348377663,47.5753465748915],[-122.185522681371,47.575342875736],[-122.185734201382,47.5753405183121],[-122.185691970683,47.5762619896668],[-122.185686577198,47.5763535596556],[-122.185837407927,47.5763826978139],[-122.186097648068,47.5763950179862],[-122.186261852017,47.5764063291501],[-122.186691033822,47.5764083913996],[-122.187316176818,47.5764081193015],[-122.187978672662,47.5764181542074],[-122.188100766286,47.5764274546285],[-122.188033698965,47.5765200357552],[-122.187890223641,47.5766122264498],[-122.187807939758,47.5767201416184],[-122.187751883087,47.5769017751267],[-122.187696466916,47.577108077711],[-122.187642662322,47.5772484867733],[-122.187598165173,47.5773709045908],[-122.18754810835,47.5774800011016],[-122.187496712139,47.5775441900643],[-122.187456205307,47.5776163714203],[-122.187441807109,47.5776739027598],[-122.187445579135,47.5777444447239],[-122.187531115818,47.5778485010224],[-122.187670097769,47.5779638661237],[-122.187793724817,47.5780658476822],[-122.187948169469,47.5781984435907],[-122.187963135401,47.5782645865892],[-122.188300438417,47.5783480346716],[-122.188792289392,47.5784599900039],[-122.188825942977,47.5784691088728],[-122.188870053851,47.5784745342595],[-122.188943592744,47.5784757377528],[-122.189017021752,47.5784727641236],[-122.189089823566,47.5784656343213],[-122.189161485295,47.5784543985756],[-122.189210561158,47.578447863627],[-122.189331957689,47.5784353669899],[-122.189357532725,47.5784303506394],[-122.189426876376,47.5784483447796],[-122.189504399189,47.5784752038733],[-122.189572419622,47.5784932137537],[-122.18965072846,47.578499449946],[-122.189744623069,47.5784938488261],[-122.189829226402,47.5784874617428],[-122.189870203952,47.5784842851685],[-122.189907279221,47.5784838427992],[-122.189951090955,47.5784878010945],[-122.189996344486,47.5784962236816],[-122.190087315078,47.5785054449556],[-122.190244884071,47.5785035645842],[-122.190384935915,47.5784902420026],[-122.190488507176,47.578469679711],[-122.190558134695,47.5784527739283],[-122.190602640828,47.5784325261285],[-122.190626171298,47.5784205936607],[-122.190651417551,47.5783771983834],[-122.19071008203,47.5783617729962],[-122.190771364201,47.5783533346317],[-122.190789985378,47.578377305643],[-122.191304394846,47.578506232736],[-122.191463278074,47.5785614542975],[-122.192239417089,47.5788414607199],[-122.192928898324,47.5791601433775],[-122.193191266574,47.5792171942991],[-122.193534859594,47.5793413551465],[-122.193650428754,47.579433036703],[-122.193947807045,47.5797509898071],[-122.193989988338,47.5798771103047],[-122.194035045138,47.5801729344865],[-122.19395835686,47.5803386900709],[-122.19393649007,47.5805115124628],[-122.193983479145,47.5806269813752],[-122.19418523986,47.5806220040162],[-122.194187025711,47.5806273425276],[-122.195105012303,47.5806373590521],[-122.195106929308,47.5813662539099],[-122.195086851063,47.5829522621912],[-122.195382268332,47.583100458165],[-122.196099040386,47.5831007974868],[-122.196120129235,47.5833387299929],[-122.196313696416,47.5833364098906],[-122.196406584013,47.583817780736],[-122.196434973471,47.5849809675868],[-122.196436833882,47.5849846151648],[-122.196446102699,47.5850027912489],[-122.196451202435,47.5850292228435],[-122.196464735555,47.5850893962824],[-122.196489462581,47.5851937512372],[-122.196502491746,47.5852737327899],[-122.196537165818,47.58549588071],[-122.19655764561,47.5855433581179],[-122.196584139622,47.5855755788443],[-122.196594493604,47.5856036551759],[-122.196605188048,47.5856447426405],[-122.19660301143,47.5859289385372],[-122.19660741048,47.5859744397173],[-122.196615012922,47.5860199032923],[-122.196626049623,47.5860740008658],[-122.196630560065,47.586123839535],[-122.196638334085,47.5861758084878],[-122.196652346905,47.5862211943332],[-122.196669339437,47.5862578679725],[-122.196673340533,47.5862881887786],[-122.196670986049,47.5863207556182],[-122.196671724464,47.5863489466699],[-122.196639784864,47.586353668403],[-122.196588556638,47.5863564512746],[-122.196592849687,47.5865203950519],[-122.196595687465,47.5867479846286],[-122.196595304783,47.5871038896082],[-122.196586974705,47.5875204838699],[-122.196581983666,47.5875747737741],[-122.196561775165,47.5876725463536],[-122.196563786493,47.5876946669859],[-122.196534701739,47.5878574535883],[-122.196470398534,47.5880234417328],[-122.196268944145,47.5885060345319],[-122.196246627299,47.5886721745099],[-122.196131112936,47.5887597907217],[-122.195355642267,47.5892690582231],[-122.195286487262,47.5893419983083],[-122.195275171184,47.5894527062969],[-122.195284035759,47.5895199050212],[-122.195334644147,47.5895529515064],[-122.195367525182,47.5895529163666],[-122.195656568006,47.5895526091971],[-122.195754105283,47.5896705936738],[-122.195804410939,47.5897187555466],[-122.195839977936,47.5897506374533],[-122.195859262968,47.5897639129419],[-122.195881477407,47.5897753266363],[-122.196096189133,47.5897747238111],[-122.197039035702,47.5900617193389],[-122.197856094776,47.5898991528525],[-122.197976714264,47.5898686790396],[-122.198074826463,47.5898358914534],[-122.198184298756,47.5898155905],[-122.198270206444,47.5897847373736],[-122.198394002375,47.5897875370267],[-122.1986555837,47.5897967332894],[-122.200705593976,47.5898863554163],[-122.200874430537,47.5898922697552],[-122.200910500591,47.5899313066772],[-122.20097174054,47.589971217209],[-122.201000423747,47.5899839473748],[-122.201035317906,47.589987886625],[-122.201084199732,47.5899846834851],[-122.201141066683,47.5899480591077],[-122.201203268728,47.5899037876283],[-122.201961906766,47.5899303548826],[-122.202180595333,47.5903351828907],[-122.202282162453,47.5904190624833],[-122.202469702836,47.5905207095867],[-122.202816501943,47.5907614812745],[-122.202997832273,47.5909226365015],[-122.203102949534,47.5910512715827],[-122.203979383655,47.5922351199373],[-122.204182340925,47.5927487282491],[-122.204267628775,47.5931157370138],[-122.204262954841,47.5934921072336],[-122.204028150497,47.5943666657418],[-122.203936375912,47.5945950668955],[-122.203507662129,47.5951396783187],[-122.203437689657,47.5952327224981],[-122.203193791667,47.5954800029074],[-122.202979179655,47.5956830222213],[-122.202799625294,47.5958541547032],[-122.202616815439,47.5960302055763],[-122.202400203776,47.5962467873739],[-122.202241664603,47.5963782389575],[-122.201963219204,47.5965456963452],[-122.201714202614,47.5967089382198],[-122.201708768705,47.5970644089731],[-122.201703665376,47.5972974027899],[-122.201698562945,47.597530411319],[-122.201694515136,47.5977151758998],[-122.201690468226,47.5978999404339],[-122.201686865982,47.5980644162541],[-122.201682816376,47.5982492631492],[-122.201678767669,47.5984341093913],[-122.201673663442,47.5986671298194],[-122.201668559215,47.5989001492097],[-122.201664955174,47.5990646261259],[-122.20166121908,47.5992352072235],[-122.201655342302,47.59927202742],[-122.201646794832,47.5992881971631],[-122.201632847589,47.599299789292],[-122.201618843752,47.5993092407187],[-122.201604210196,47.5993147717681],[-122.20158693739,47.5993203349214],[-122.201562796065,47.5993256230663],[-122.201538069038,47.5993287765693],[-122.201517008935,47.5993308148975],[-122.201490145714,47.5993329234919],[-122.201444821217,47.599337016503],[-122.201248008423,47.599336288399],[-122.200948259477,47.5993351786763],[-122.200710496083,47.5993342979247],[-122.200664540968,47.5993341277107],[-122.200380820662,47.5993330755336],[-122.200097101254,47.5993320227507],[-122.199813380948,47.5993309693622],[-122.199607130453,47.5993302030961],[-122.199564784769,47.5993300456027],[-122.199287974304,47.5992883843381],[-122.198599041042,47.5992993095426],[-122.197985655196,47.5993254201421],[-122.197631639922,47.5993231177094],[-122.197388048258,47.599352040159],[-122.197271235294,47.5993944151757],[-122.197156341824,47.5994391267297],[-122.197043469978,47.5994861350786],[-122.196932720088,47.5995353984384],[-122.196931228885,47.5996357775866],[-122.196923432407,47.6001605478162],[-122.196914805885,47.6002701801548],[-122.196898330783,47.6014192061123],[-122.197300904489,47.6015972874037],[-122.197298766499,47.6017520825595],[-122.197285020478,47.6027473187571],[-122.197581354928,47.6027543721836],[-122.197593213588,47.6032067440812],[-122.197593832527,47.603555488662],[-122.197090944851,47.6035568732807],[-122.19710160965,47.6039620222809],[-122.197104689973,47.6046345933895],[-122.197383347374,47.6046302100652],[-122.197383160525,47.6047431358171],[-122.197360600235,47.6049481203516],[-122.197374310323,47.6054711686662],[-122.197436904033,47.6063057246074],[-122.197432800073,47.6063260129776],[-122.197434872635,47.6063464422824],[-122.197443035388,47.6063661614806],[-122.197456948295,47.6063843491116],[-122.19747603178,47.6064002475157],[-122.197499490865,47.6064131943974],[-122.197526348296,47.6064226504149],[-122.197555485244,47.606428221649],[-122.197796583185,47.6064317762774],[-122.197870748186,47.6064463140102],[-122.197942094773,47.6064662869059],[-122.198009755026,47.6064914519986],[-122.198072905864,47.60652150316],[-122.198085108938,47.6065260876348],[-122.198095755022,47.6065321940577],[-122.198104434989,47.6065395877598],[-122.198110815269,47.6065479846024],[-122.198114650666,47.606557061896],[-122.198115793787,47.6065664708012],[-122.198114200699,47.6065758497348],[-122.198109932624,47.6065848382652],[-122.198120841765,47.6067760429286],[-122.198124362338,47.6068038704374],[-122.198131937157,47.6068313257987],[-122.198143491882,47.6068581395412],[-122.198158913112,47.6068840484903],[-122.198178049493,47.606908798352],[-122.198200713208,47.6069321462078],[-122.198226681819,47.6069538628999],[-122.198255700448,47.6069737352797],[-122.198277800653,47.6069723695818],[-122.198299892952,47.6069737925821],[-122.198321214579,47.6069779551497],[-122.198341029378,47.6069847135665],[-122.198358653217,47.6069938344895],[-122.198373477609,47.6070050030069],[-122.198384990719,47.6070178335107],[-122.198392795039,47.6070318830105],[-122.19840349577,47.6072151192861],[-122.198369384044,47.607937026766],[-122.198378429306,47.6079523902304],[-122.198391131611,47.6079665204612],[-122.198407136202,47.6079790228174],[-122.198425996091,47.6079895481226],[-122.198447184544,47.6079978024166],[-122.198470109792,47.6080035551664],[-122.198494131558,47.6080066457038],[-122.198518578942,47.6080069877137],[-122.198539666938,47.6080077258096],[-122.198560211821,47.6080110251636],[-122.198579539087,47.6080167774554],[-122.198597014207,47.608024793833],[-122.198612063458,47.6080348111126],[-122.19862419276,47.608046500419],[-122.198633003897,47.6080594779829],[-122.198638207588,47.6080733177401],[-122.1986488876,47.6080913313941],[-122.198656955205,47.6081099563837],[-122.198662335544,47.6081290198936],[-122.198664978692,47.608148345039],[-122.19866486012,47.6081677525077],[-122.198661980926,47.6081870622231],[-122.198656367822,47.6082060950155],[-122.198648072886,47.6082246742846],[-122.198636504163,47.6082543112942],[-122.198619141739,47.6082826255242],[-122.198596301619,47.608309101628],[-122.198568399507,47.6083332577138],[-122.198504417001,47.6083659143993],[-122.1983695143,47.6083914499618],[-122.198163483893,47.6084018935993],[-122.198057312009,47.6083991809428],[-122.198038500649,47.6083986821171],[-122.198020130604,47.608401466535],[-122.198003433718,47.6084073474814],[-122.197989529637,47.6084159305965],[-122.197979350733,47.6084266403205],[-122.197973579576,47.6084387584888],[-122.197972603169,47.6084514724898],[-122.19797648699,47.6084639297564],[-122.197963130791,47.6085001107317],[-122.197946475935,47.6085356605516],[-122.197926586782,47.6085704418228],[-122.197903540196,47.6086043201225],[-122.197851447791,47.6086408206112],[-122.197706013241,47.6087143157105],[-122.19756563441,47.6087558604546],[-122.197415786437,47.6088048387203],[-122.197308969564,47.6088585917554],[-122.197199320302,47.6089181503323],[-122.197190901291,47.6089314784935],[-122.196999756866,47.6091120996631],[-122.196884035892,47.6092447162518],[-122.196764534806,47.6093513952862],[-122.196636499725,47.6094472267233],[-122.19650969893,47.609517457577],[-122.196323252694,47.6096144957201],[-122.196183902434,47.6096667599044],[-122.195955581231,47.6097558429107],[-122.195758343534,47.609840168603],[-122.195600692795,47.6098963376097],[-122.195454069775,47.6099463994745],[-122.195264576454,47.6099952882048],[-122.195061037973,47.6100363837726],[-122.194902364053,47.6100650871213],[-122.194713997219,47.6100981309275],[-122.194712059553,47.6100334465158],[-122.194742260913,47.6098454223753],[-122.194757729004,47.6097403050401],[-122.194768183597,47.6096348507663],[-122.194775618953,47.6095154959545],[-122.194778538478,47.6093924126284],[-122.194759881367,47.6092439059201],[-122.194744503108,47.6091247270603],[-122.194696522292,47.6089862331139],[-122.194657594698,47.608889441509],[-122.194574277752,47.6087674032462],[-122.194510042819,47.608687742852],[-122.194408926654,47.6085662189099]]]},"properties":{"OBJECTID":9,"SD_BASIN_ID":16,"BASIN":"MERCER SLOUGH","TYPE":"BASIN","BASIN_NO":74,"SYMBOL":82,"SysChangeUser":"gisdba_cobgis","SysCreateDate":"Fri, 02 Oct 2026 19:14:30 GMT","SysChangeDate":"Fri, 02 Oct 2026 19:14:30 GMT","SysCreateUser":"gisdba_cobgis"}},{"type":"Feature","id":10,"geometry":{"type":"Polygon","coordinates":[[[-122.104806855813,47.6127487966838],[-122.104833324673,47.6127349050869],[-122.10507586441,47.6126724397882],[-122.105170102175,47.6126543138885],[-122.105537840113,47.6125491882703],[-122.105735275439,47.6124922045643],[-122.106119629515,47.6123783544509],[-122.106236343128,47.6123329446598],[-122.106662857835,47.6121794949558],[-122.106834632786,47.6121057243349],[-122.106939480552,47.6120483525638],[-122.1069710213,47.612004605456],[-122.107106839385,47.6119660937029],[-122.107162238488,47.6119085637175],[-122.107277393524,47.6118425395377],[-122.107295278982,47.6117996570537],[-122.107403090291,47.6117344266783],[-122.107444147791,47.6116927068592],[-122.107638802831,47.6115653252477],[-122.107738779034,47.6114809750848],[-122.10782906511,47.6113874850068],[-122.107900732704,47.6113070086138],[-122.107951714791,47.6112409909418],[-122.10802639174,47.6111974720777],[-122.108067030626,47.6111386840063],[-122.108062231825,47.6111145511608],[-122.10815042303,47.6110644783019],[-122.108221636076,47.6109655109559],[-122.10831093131,47.6109175594053],[-122.10838270221,47.6108413500273],[-122.108388886212,47.6107502249306],[-122.108374533829,47.6107226417345],[-122.108425619222,47.6106608922889],[-122.108469419279,47.6105593860514],[-122.108481807047,47.6104639224436],[-122.10850148105,47.6104082143144],[-122.10858310557,47.6101761037378],[-122.108581537111,47.6101120977159],[-122.108626416943,47.6100546849981],[-122.108618130883,47.6100170741832],[-122.108604499847,47.609975967699],[-122.108643709512,47.6098588629459],[-122.108653145416,47.6098146513109],[-122.108612287342,47.6096927532891],[-122.108633434582,47.6096495323153],[-122.108618738144,47.609587908784],[-122.108662453759,47.6095506276992],[-122.108693339635,47.6095232497832],[-122.108688936093,47.609429396463],[-122.108670959008,47.6093826480971],[-122.108732977797,47.6093378479947],[-122.108757729976,47.6091888929655],[-122.108804362421,47.6091172329881],[-122.108857514838,47.6090540366107],[-122.108878977387,47.6089855039328],[-122.108929131227,47.6089287428504],[-122.108926539588,47.6089088538668],[-122.108991682717,47.6088199123475],[-122.10899691181,47.6087757494963],[-122.109046240998,47.6087282453192],[-122.109062194179,47.6086924970908],[-122.109090873793,47.6086608750353],[-122.109138691115,47.6086375756129],[-122.109128442236,47.6086056791708],[-122.109167288084,47.6085597149743],[-122.109197407697,47.6085010444597],[-122.109241726082,47.6084208743177],[-122.109326391399,47.6083559013642],[-122.10935924189,47.6083228092174],[-122.10941673856,47.6082652546324],[-122.109455072368,47.6082413487875],[-122.109455920378,47.6081901200367],[-122.109554993774,47.6081121812097],[-122.109570598409,47.6080622090413],[-122.109581159003,47.6079781493881],[-122.109571979119,47.6079469520629],[-122.10963199736,47.6079064417229],[-122.109678012662,47.6078525714254],[-122.109677314671,47.607824125473],[-122.109761279303,47.6077307045638],[-122.1098398765,47.60767575785],[-122.10990315832,47.6075967971338],[-122.110061326489,47.6073979721486],[-122.110057862585,47.6073425230005],[-122.110236144033,47.6071918458684],[-122.110285644798,47.607151453046],[-122.110350085445,47.6070340639732],[-122.110397900971,47.6070107644318],[-122.110530587529,47.6069310232325],[-122.11062417132,47.6068438971375],[-122.110654357409,47.6067880706832],[-122.110803099555,47.6066768488247],[-122.11096494902,47.6065853991062],[-122.110976486083,47.6065411641117],[-122.11095789455,47.6065122062685],[-122.111086300635,47.6064296673635],[-122.111208294545,47.6063429322972],[-122.111282401065,47.6062766533747],[-122.111318442372,47.6062022657348],[-122.111331788642,47.6061032352838],[-122.111406874325,47.6060767822319],[-122.111463911956,47.6060007353868],[-122.111664775254,47.6058704314932],[-122.111686512687,47.6058132775851],[-122.111796757532,47.6057622426931],[-122.111845310575,47.6056834462531],[-122.111851257422,47.6056257579388],[-122.111895431178,47.6055398967356],[-122.111865888283,47.6054505951687],[-122.111877038172,47.6053907140588],[-122.111828337806,47.6053350629103],[-122.111801569807,47.6051873974737],[-122.111791441302,47.60492015918],[-122.111743798253,47.6048977635822],[-122.111716635893,47.6048655820069],[-122.111713487298,47.6046847335782],[-122.111706871206,47.6045866390629],[-122.111578062676,47.6044813791193],[-122.111587991755,47.6043717162361],[-122.11153338766,47.60428981053],[-122.111496434563,47.604198457788],[-122.111425632945,47.604142343231],[-122.111365454804,47.6040903775822],[-122.111326907197,47.6039769900967],[-122.111280975438,47.6039483403417],[-122.111263137592,47.6039072805716],[-122.111250596212,47.6038249023043],[-122.111254845243,47.603740911553],[-122.11118310309,47.6036463937076],[-122.111142292626,47.6035693124366],[-122.111115404253,47.6035480464873],[-122.111094633407,47.6034692933506],[-122.111014161426,47.6034057128],[-122.111040836898,47.6033783813346],[-122.111026689331,47.6032305740921],[-122.110967912562,47.6031413963854],[-122.110907428994,47.6028953926628],[-122.110903774647,47.6028306302931],[-122.110893264358,47.6027861589273],[-122.110879519236,47.6027633814279],[-122.110826507855,47.6027455289008],[-122.110779752341,47.6027261348495],[-122.110763809939,47.6026765173242],[-122.110682253691,47.6026105644715],[-122.110678054966,47.6025252464837],[-122.110622909187,47.6024639761661],[-122.110580753047,47.6023748159296],[-122.110582702392,47.6023257098952],[-122.110546890154,47.6022379013682],[-122.110477674064,47.6021604273382],[-122.1104130825,47.6020999743042],[-122.110416450284,47.6020657909461],[-122.110405037188,47.6019435629224],[-122.110379033655,47.6019125540092],[-122.110370227471,47.6017365495798],[-122.110337859374,47.6016490962256],[-122.110320556025,47.6015440066352],[-122.110299862435,47.6014298358864],[-122.110270054537,47.6013290264843],[-122.110210831305,47.6012300994716],[-122.110173625781,47.6010934914391],[-122.110131307944,47.6010325180666],[-122.110069589193,47.6010033336614],[-122.109870137149,47.6007000562047],[-122.109759336247,47.6005598887323],[-122.109658341354,47.6004355353143],[-122.109567933107,47.6003588381921],[-122.109468455469,47.600296255743],[-122.109305993354,47.6001999823146],[-122.109137632001,47.6000935832427],[-122.109062836474,47.6000390046684],[-122.108915704109,47.5999698441447],[-122.108749796056,47.5999469666839],[-122.108734270473,47.5998623264129],[-122.108710523508,47.5998047231456],[-122.108590841861,47.5996747085049],[-122.108532425316,47.5996084944281],[-122.108538886898,47.5995287480018],[-122.108502184431,47.5993185928016],[-122.108498200402,47.5992418092377],[-122.108524386293,47.5991945647472],[-122.108511608656,47.5991022296728],[-122.108482376579,47.5989823341238],[-122.108440888786,47.5989201988879],[-122.108326752439,47.598811926052],[-122.108260343583,47.5987628742196],[-122.108261993788,47.5987443600592],[-122.108307420694,47.5987097050514],[-122.108499202922,47.5985958697617],[-122.108673089812,47.5984815235739],[-122.108875826097,47.5983426664641],[-122.109002449924,47.5982309838405],[-122.109049246761,47.5981664355866],[-122.109046132301,47.5981252101468],[-122.109099087089,47.5980115086697],[-122.109074955646,47.5978851544249],[-122.109158127963,47.5976256786404],[-122.109204958037,47.5975251635789],[-122.109197254085,47.5974683403874],[-122.109223022259,47.5974040268355],[-122.109286013923,47.5973136870274],[-122.109289416742,47.5972809253074],[-122.109321668057,47.5972236541879],[-122.109382660072,47.597137605338],[-122.109425480965,47.5970396662864],[-122.109481605008,47.596926639703],[-122.109496789232,47.5968596001151],[-122.109562392299,47.5967471783108],[-122.109598752508,47.5966002276785],[-122.10962252193,47.59654020559],[-122.109616782594,47.5964776688527],[-122.10963001388,47.5964597360355],[-122.10963182129,47.5963584996753],[-122.109612618004,47.5963434279091],[-122.109607867713,47.5963033508013],[-122.109604139705,47.5959976411436],[-122.109639799228,47.5959581071583],[-122.10967503295,47.5958510058372],[-122.109684627856,47.5957705128086],[-122.109706778514,47.5956316600141],[-122.10977458964,47.5955056731876],[-122.109788249422,47.5954202594085],[-122.109857628108,47.5953581999067],[-122.10987050456,47.5952408225335],[-122.109942188323,47.5951121268726],[-122.109967334862,47.5950132626172],[-122.10998893665,47.5949304244798],[-122.110029965404,47.5948367097526],[-122.110037205825,47.5946501206422],[-122.110068661233,47.5944872406709],[-122.110042944263,47.5944022686757],[-122.110125980935,47.5942547959199],[-122.110119559777,47.5941536201148],[-122.110163349054,47.5940119163498],[-122.110167625035,47.5939389555118],[-122.110179223183,47.5937759388374],[-122.110148198068,47.5936350749138],[-122.110150697182,47.593576430672],[-122.110126352837,47.5935473953779],[-122.110210630082,47.5934505309806],[-122.110259075327,47.5933380824659],[-122.110270276421,47.593232713864],[-122.110290065408,47.5930954882212],[-122.110311112037,47.5930321900959],[-122.110311213546,47.5929595726021],[-122.110241570756,47.592865350304],[-122.110095569369,47.5926938033592],[-122.110086005006,47.5926374583664],[-122.110085459729,47.592634243878],[-122.110117349922,47.5926341033275],[-122.110151594599,47.5926343365687],[-122.110927990532,47.5926395902518],[-122.11105916792,47.5926865922746],[-122.111120671076,47.5927335257975],[-122.111191435862,47.592770422662],[-122.111282132468,47.5927855384707],[-122.111444912588,47.5927896053379],[-122.111488716238,47.5927989379883],[-122.111503766612,47.5928203852062],[-122.111496261188,47.592869597699],[-122.111532618702,47.592922918804],[-122.111580621976,47.5929336817668],[-122.111614335749,47.5929412405568],[-122.111626263579,47.5929482680435],[-122.111640351858,47.5929576909325],[-122.111660965498,47.5929765415517],[-122.111670559506,47.5929910145286],[-122.111682888883,47.593009616751],[-122.111695958472,47.5930204184682],[-122.111722306958,47.5930226636258],[-122.111746436605,47.5930184223013],[-122.111780785486,47.5930158269814],[-122.111814687007,47.5930119964004],[-122.111855511843,47.5930078071753],[-122.111891184841,47.5930122871926],[-122.111925341483,47.5930188021486],[-122.111969890735,47.5930332490637],[-122.11201523769,47.5930545217104],[-122.112056532346,47.5930914171369],[-122.112087155914,47.5931383581724],[-122.112116348465,47.5931808718693],[-122.112138738974,47.5932329822398],[-122.112146825608,47.5932757333388],[-122.112162065527,47.5933231631005],[-122.112184223372,47.5933657566145],[-122.112201368617,47.5934108654271],[-122.112228434857,47.5934423228336],[-122.112253373886,47.5934636401441],[-122.112293177338,47.5934784377014],[-122.11237129753,47.5934884226879],[-122.112470922491,47.5934967665294],[-122.112583640398,47.5934980405508],[-122.112679428655,47.5934982331989],[-122.112799625935,47.593498152626],[-122.112912221671,47.5934956148819],[-122.11307760421,47.5934988359812],[-122.11314174482,47.5934997434868],[-122.113237293226,47.5935008509099],[-122.113316795926,47.5935031257317],[-122.113442137857,47.593506168722],[-122.113513580872,47.5935091759693],[-122.113632494459,47.5935180020332],[-122.113764397686,47.5935241080038],[-122.113940913944,47.5935298183791],[-122.114002974954,47.5935379695661],[-122.114081911714,47.5935586143877],[-122.114138894548,47.5935865343787],[-122.114188959455,47.5936192923537],[-122.114223650595,47.5936523671467],[-122.114245326943,47.5936826200593],[-122.114271210101,47.5936896226082],[-122.114301601904,47.5936908736042],[-122.114348510131,47.5936890755625],[-122.114390415641,47.5936840649144],[-122.114428005644,47.593681728308],[-122.114466893713,47.5936915539279],[-122.114535902293,47.5937058286076],[-122.114621200922,47.593703790666],[-122.114680075608,47.5936938984094],[-122.114742774421,47.5936833639931],[-122.114837238562,47.593654832186],[-122.114888164055,47.593638530453],[-122.114973382734,47.5936043003712],[-122.115026079706,47.5936376211324],[-122.115099513387,47.593677372539],[-122.115198865261,47.5937276468146],[-122.115264522226,47.5937662289427],[-122.115324990523,47.59383052758],[-122.115363860625,47.5938860564779],[-122.115407042641,47.593973146603],[-122.115488234173,47.5941034922474],[-122.115559059147,47.5942256537751],[-122.115599647726,47.5943256026921],[-122.115657511807,47.5944524392687],[-122.115704142455,47.5945786897304],[-122.115736091038,47.5946850673043],[-122.115739520806,47.5948136513374],[-122.115694550245,47.5950100313126],[-122.115659097333,47.5951427030401],[-122.115625365595,47.5952999228877],[-122.115637412901,47.5955413122995],[-122.115616640258,47.5957137301165],[-122.115620934205,47.5958347156924],[-122.115603624568,47.5959767416439],[-122.115578539114,47.5961076614243],[-122.115558459971,47.5962263562416],[-122.116201077894,47.5962290822507],[-122.116338396165,47.5962488930637],[-122.116463148802,47.5962844729089],[-122.116608860931,47.5963633864887],[-122.116785484987,47.5964789385611],[-122.116965007906,47.5967120010143],[-122.117148398073,47.5971017468132],[-122.11732599231,47.5972564680398],[-122.11802719656,47.5975032312542],[-122.118722656981,47.5976397287201],[-122.119514464412,47.5977702887573],[-122.12006205585,47.5978362561927],[-122.120722679605,47.5979051857134],[-122.121133197113,47.5980109010933],[-122.121515843491,47.5981757715184],[-122.121519332548,47.5981781333659],[-122.121804824332,47.5982707105563],[-122.121998853247,47.5983565776333],[-122.122117495543,47.5982527492772],[-122.123808409673,47.5980081170241],[-122.123750868986,47.5981317499082],[-122.123694343395,47.5982963661408],[-122.1237574734,47.5983981342387],[-122.123733783928,47.5986648612797],[-122.123737847906,47.5988287895206],[-122.123714664185,47.5991160091932],[-122.123661695025,47.5994240612114],[-122.123746182475,47.5997893979617],[-122.125138032177,47.5998519652679],[-122.12633896832,47.5999756222647],[-122.126385369,47.6000113019451],[-122.126456227211,47.600053968155],[-122.126528402353,47.6000983485602],[-122.126532270498,47.6001007266758],[-122.126591896175,47.6001328724153],[-122.126665346924,47.6001726164647],[-122.126730156779,47.6002088538914],[-122.126769042153,47.600234570916],[-122.126865825743,47.6002976931467],[-122.126901256196,47.6003637385636],[-122.12696693023,47.6004818028523],[-122.127015324271,47.6005729803658],[-122.127054211441,47.6006384409069],[-122.127115566375,47.6007448146415],[-122.127157910263,47.6008196279938],[-122.127236548783,47.600942950766],[-122.127316051482,47.6010388036661],[-122.127415429407,47.6011486837221],[-122.127512215692,47.6012416148493],[-122.127612459593,47.601363768798],[-122.127718753647,47.6014824165601],[-122.12779220799,47.6015817761839],[-122.127889861149,47.6016969163533],[-122.127952948035,47.6017880929605],[-122.128029860892,47.6019166764985],[-122.12808689942,47.6020212965187],[-122.128141344513,47.6021288376762],[-122.128175050201,47.6022100798786],[-122.128222581859,47.6022989187641],[-122.128272706055,47.6023947716027],[-122.128297769052,47.6024526342898],[-122.128385919832,47.6026116093141],[-122.128372960736,47.6027057116986],[-122.128365185817,47.6027641597577],[-122.128328894778,47.6028646895881],[-122.128277909996,47.6029552838976],[-122.128236432983,47.6030219147011],[-122.128164708795,47.6031259522504],[-122.128097306403,47.6032218059964],[-122.128034223111,47.6032995407218],[-122.127960769666,47.6033690947869],[-122.127880402788,47.6034497523834],[-122.12781386188,47.6034982649923],[-122.127741272615,47.6035502839248],[-122.127682508422,47.6035999642194],[-122.1276332511,47.6036654264242],[-122.127528687201,47.6037601126179],[-122.127450911064,47.6038676556521],[-122.127402517921,47.6039354554877],[-122.127322150144,47.60403598549],[-122.127257336697,47.6041090449071],[-122.127153634282,47.6042259408524],[-122.127089685013,47.6043112736314],[-122.12702141395,47.6044047896837],[-122.126869315698,47.6045199327249],[-122.12679585866,47.6045994207904],[-122.126727587597,47.6046830001166],[-122.126698204603,47.6047525529479],[-122.126682648477,47.6047998959908],[-122.126696476244,47.6048869818814],[-122.126698205501,47.6049910181442],[-122.126701662218,47.6050798577582],[-122.126715490884,47.6051669449998],[-122.12671722014,47.6052411736081],[-122.126711169987,47.6053241686444],[-122.126642033846,47.6054948347196],[-122.126597094726,47.6056117299909],[-122.126530550224,47.605719857324],[-122.126451905416,47.6058349986819],[-122.126406102117,47.6059296827654],[-122.126313629541,47.6060670346458],[-122.126273009521,47.6061658107862],[-122.126259182652,47.6062873808849],[-122.126253995779,47.6063727139349],[-122.126254860857,47.6064346683118],[-122.126275602059,47.6064907773815],[-122.12628424475,47.6065439646854],[-122.126304985952,47.6066199465407],[-122.12633004805,47.6067374255747],[-122.126355110148,47.6068549055562],[-122.126361160301,47.6069805670721],[-122.12637239553,47.607100383726],[-122.126368937915,47.6072102649802],[-122.126356837608,47.6073265749927],[-122.126344738199,47.6074329490579],[-122.126329182074,47.6075597799038],[-122.126330910432,47.6076439444007],[-122.126320539382,47.6077351221501],[-122.126316216689,47.6078227936584],[-122.126325724458,47.6079180628301],[-122.126355108351,47.6080372953135],[-122.12638708568,47.6081536053037],[-122.126413877934,47.6082856968102],[-122.126432890777,47.6084364907077],[-122.126466598261,47.6085872847759],[-122.126475240952,47.6088391933086],[-122.126497712309,47.6090192115878],[-122.126483018566,47.6091384439834],[-122.126469189901,47.6092600144406],[-122.126460548108,47.6093856762346],[-122.126451040339,47.609459319877],[-122.126425976444,47.6095306257002],[-122.12638189791,47.60961011463],[-122.126349919682,47.6096627161514],[-122.126304112789,47.6097077212819],[-122.126243610356,47.6097626616216],[-122.126201261079,47.609797145184],[-122.126129525214,47.6098316293293],[-122.125992102738,47.6098772175282],[-122.125859865338,47.6099070244065],[-122.125750100194,47.6099380007222],[-122.125674041635,47.6099607950831],[-122.125578968437,47.609981835557],[-122.12548043942,47.6100034598403],[-122.125322273048,47.6100326816178],[-122.125190035648,47.6100624890132],[-122.125050018838,47.6100911263351],[-122.124938524437,47.610107490166],[-122.124781222244,47.6101390495738],[-122.124670592022,47.6101577510772],[-122.124520202365,47.610188141006],[-122.124288568176,47.6102471681536],[-122.124027548297,47.6103260667295],[-122.123884934458,47.6103973701598],[-122.123776030797,47.610440618374],[-122.123675769829,47.6104873730616],[-122.123591930063,47.6105288685538],[-122.123516732989,47.6105738711221],[-122.123444127554,47.6106358241564],[-122.123389674377,47.6106872558143],[-122.123345592249,47.610736934781],[-122.123307559377,47.6107930428691],[-122.123270388887,47.6108614260151],[-122.123247047063,47.6109473426776],[-122.12324012734,47.6110478719216],[-122.123257410028,47.6111045659043],[-122.123272101076,47.6111443100966],[-122.123307532427,47.611230229928],[-122.123357653929,47.6113658285931],[-122.123395678716,47.6114587615546],[-122.123447530373,47.6115891005801],[-122.123489875159,47.611713594025],[-122.123522713074,47.6118123710083],[-122.123552094272,47.6119216682564],[-122.123565354304,47.6119829529313],[-122.123800155054,47.6122523685875],[-122.124051593502,47.6124799595028],[-122.12427392923,47.6128561474341],[-122.124475417755,47.6129941260743],[-122.124597134086,47.6130865971091],[-122.124643038896,47.6131634293889],[-122.124657932065,47.6132316889245],[-122.124657365228,47.6132966515817],[-122.124640572122,47.6134610729402],[-122.124633076579,47.6137311961678],[-122.124599305314,47.6137887023475],[-122.124516033284,47.613837248969],[-122.12439745387,47.6138814360082],[-122.12423586312,47.6139545870437],[-122.123739822403,47.6142747472766],[-122.123544910444,47.6144110380857],[-122.123240663634,47.6145417948617],[-122.12273403178,47.6146810873718],[-122.122228659364,47.6148421083728],[-122.122152508279,47.6148732143839],[-122.121983086017,47.6149316549029],[-122.121839595421,47.6149807454697],[-122.121641649852,47.6150216506068],[-122.121505076284,47.6150397629691],[-122.12135640241,47.6150549528839],[-122.121155865201,47.6150689704269],[-122.121048682713,47.6150672118758],[-122.120853335071,47.6150555136342],[-122.120738627396,47.6150412611294],[-122.120612177841,47.6150192634806],[-122.120486845791,47.6149982153444],[-122.120362377921,47.6149795058829],[-122.12023791005,47.6149607958092],[-122.120080597975,47.6149227961175],[-122.119990705362,47.6148982435459],[-122.1199232868,47.6148748603066],[-122.119840312112,47.6148392022698],[-122.119738322784,47.6147918543858],[-122.119623367174,47.6147491808182],[-122.119504953948,47.6147070915867],[-122.119403826105,47.6146720172013],[-122.119299242443,47.614637525953],[-122.119140205603,47.614584913085],[-122.11900882879,47.6145375619429],[-122.1188558439,47.614481442733],[-122.118721008573,47.6144346758713],[-122.118647541654,47.6144048624899],[-122.118513574099,47.6143504968682],[-122.118394299389,47.6142961330068],[-122.118252553322,47.6142405967029],[-122.118179086403,47.6142107838164],[-122.118052896462,47.6141675235808],[-122.117952633696,47.6141447213642],[-122.117845456598,47.6141230878929],[-122.11771321291,47.6141032057293],[-122.117577512505,47.6140839073306],[-122.117458232405,47.614069285767],[-122.11735278097,47.6140622635394],[-122.117220535486,47.6140523169968],[-122.117077918951,47.6140441223766],[-122.116938758236,47.6140353433765],[-122.116797003185,47.6140294868736],[-122.116649200677,47.6140172009932],[-122.116549801192,47.6140066712743],[-122.116427929453,47.6139949715842],[-122.116344954765,47.6139692467905],[-122.116198887801,47.6139218914575],[-122.11605800771,47.6138686916723],[-122.115962073028,47.6138277686771],[-122.115784900101,47.6137260542121],[-122.11559217015,47.6136219995943],[-122.115449571582,47.6135343147949],[-122.115304377781,47.6134495517741],[-122.11517128788,47.6133577765886],[-122.11501572752,47.613254893646],[-122.114872265671,47.6131648700725],[-122.114771153099,47.613099982344],[-122.114685591263,47.6130573073957],[-122.114546448514,47.6129889095589],[-122.114061444499,47.6127829488373],[-122.113775242148,47.6126753005925],[-122.113508614087,47.6125791692471],[-122.113310475379,47.6125227027486],[-122.113130204163,47.6124869038217],[-122.112965699278,47.6124685501552],[-122.112877540413,47.6124586039151],[-122.112749413704,47.6124546645398],[-122.112642439625,47.6124685113974],[-122.112581067623,47.6124813620531],[-122.112515372928,47.6125023954569],[-122.112459181511,47.6125392105548],[-122.112364088549,47.6125999839935],[-122.112278501561,47.6126666031172],[-122.11216438318,47.6127554284833],[-122.112064963035,47.6128343196416],[-122.111975912142,47.6129213951835],[-122.111865248682,47.6130195721728],[-122.111700115875,47.6131691769836],[-122.111604143464,47.613277291116],[-122.111495200277,47.6134000164846],[-122.111398364585,47.6134958574595],[-122.111286818979,47.6136513120033],[-122.111189107429,47.6137845595986],[-122.111041253717,47.6139511134679],[-122.110947869351,47.6140662427615],[-122.110851025574,47.6141819543618],[-122.11070057573,47.6143514312627],[-122.110388447101,47.6146500533088],[-122.110242318154,47.6148113475151],[-122.110131638525,47.614939331022],[-122.110065050904,47.6150375127007],[-122.109976850716,47.6151467971526],[-122.109884334123,47.6152344544201],[-122.10977452586,47.6153349681563],[-122.109632726792,47.6154582706363],[-122.109334423236,47.6157346819143],[-122.109198668932,47.6158743503225],[-122.10912516608,47.6159637630747],[-122.109051666822,47.6160432410156],[-122.108961738275,47.6161379114636],[-122.108897749481,47.6162033628215],[-122.108832035922,47.6162641374518],[-122.108768054314,47.6163097170157],[-122.108710128249,47.6163418534002],[-122.108652206676,47.6163640539564],[-122.10859082659,47.6163868394609],[-122.108533770993,47.6164014416045],[-122.108427447294,47.6164119454082],[-122.108290001462,47.6164277047431],[-122.108182812686,47.6164358699236],[-122.108059202706,47.6164393566563],[-122.107882004626,47.6164270537812],[-122.107716907752,47.6164176750851],[-122.107569099853,47.6164053764437],[-122.107418705705,47.6163761279497],[-122.107276954248,47.6163503867666],[-122.107212993302,47.6163363489785],[-122.107149033254,47.6163223105811],[-122.10707038575,47.6162883975081],[-122.107018532297,47.6162574116318],[-122.106983966023,47.6162334428298],[-122.106953728731,47.6161913553986],[-122.106937321002,47.6161469323304],[-122.106933900218,47.6160481556622],[-122.106933073768,47.6159464570215],[-122.106945215397,47.6158400851329],[-122.106978103618,47.6157302098982],[-122.106996299892,47.6156103960586],[-122.106993765745,47.6154543411759],[-122.107011095145,47.6153421258582],[-122.107032749035,47.6152217273696],[-122.107037137305,47.6150446328984],[-122.107037199289,47.6148757202074],[-122.107026871358,47.614758238864],[-122.106991490312,47.6146027627824],[-122.106963031684,47.6144262475613],[-122.106919876618,47.6142596649268],[-122.106824860014,47.6140919039223],[-122.106766979763,47.6140048079233],[-122.106665029962,47.6138878950751],[-122.106554441062,47.6137575381614],[-122.1064585486,47.6136271845563],[-122.106402382335,47.6135845070103],[-122.106270179072,47.6134751871977],[-122.106119819958,47.6133763842871],[-122.105944406831,47.6132495221275],[-122.105771573665,47.6131594821941],[-122.10559786554,47.6130969114252],[-122.105429345186,47.6130284966839],[-122.105232313203,47.6129326064056],[-122.105081087215,47.6128513366485],[-122.104838320204,47.6127637244387],[-122.104806855813,47.6127487966838]]]},"properties":{"OBJECTID":10,"SD_BASIN_ID":15,"BASIN":"NORTH SAMMAMISH","TYPE":"AREA","BASIN_NO":90,"SYMBOL":19,"SysChangeUser":"gisdba_cobgis","SysCreateDate":"Fri, 02 Oct 2026 19:14:30 GMT","SysChangeDate":"Fri, 02 Oct 2026 19:14:30 GMT","SysCreateUser":"gisdba_cobgis"}},{"type":"Feature","id":11,"geometry":{"type":"Polygon","coordinates":[[[-122.092578278497,47.6275343939823],[-122.092240884751,47.6271980212428],[-122.092351697331,47.6272314223185],[-122.092578401566,47.6272007044694],[-122.092820798471,47.6272096907347],[-122.092991979635,47.6271961286962],[-122.093271619793,47.6271127058265],[-122.093362428688,47.6270462485933],[-122.093439570615,47.6268725088742],[-122.093511841876,47.6267880768484],[-122.093583537317,47.6267567339389],[-122.093764117554,47.6266348348462],[-122.093878152391,47.62648429927],[-122.094004172551,47.6262258656244],[-122.094250206734,47.6257213145651],[-122.094379980055,47.6254551747227],[-122.094352460166,47.6254049273035],[-122.09432433122,47.6253338362619],[-122.094282132859,47.6252962049531],[-122.094044143089,47.6252244847073],[-122.093950728181,47.6251713684697],[-122.093910051567,47.6251271927875],[-122.093873489236,47.6250490751671],[-122.094119006888,47.624545571684],[-122.094368828369,47.6240332333548],[-122.094470388302,47.6238249851129],[-122.094584743837,47.6236197082575],[-122.094722473537,47.6234208551847],[-122.094877949454,47.6232349710675],[-122.095056444701,47.623050633263],[-122.095199655022,47.6228516841775],[-122.095368355039,47.6226350526797],[-122.095523553378,47.6225047545067],[-122.095755835252,47.6223405844012],[-122.096185574013,47.6219042815939],[-122.096389132256,47.6217233728003],[-122.096615691863,47.6215666011018],[-122.096868626904,47.6214295000306],[-122.097082926303,47.621319574176],[-122.097287668526,47.621233997281],[-122.097408968039,47.6211552980206],[-122.097443223496,47.6211162407983],[-122.097433123737,47.6210628006864],[-122.097431027967,47.6209765464296],[-122.097469392318,47.6209255432875],[-122.097539422283,47.620832308054],[-122.097661380261,47.6207923193386],[-122.097831868823,47.6207254241675],[-122.097859833378,47.6207224100076],[-122.098228484005,47.6205454328628],[-122.098642522011,47.6204315754574],[-122.098966961152,47.620342356234],[-122.099179507938,47.6202839060193],[-122.099256473795,47.6202110774883],[-122.099407661155,47.6200680134946],[-122.099646300407,47.6199516870107],[-122.099859951223,47.619887428953],[-122.100062093721,47.6198762537358],[-122.100131625121,47.6198852890952],[-122.100291356358,47.6198945279031],[-122.10048564309,47.6199221159496],[-122.100604709391,47.6199326911011],[-122.101010663457,47.6199787470269],[-122.101143506322,47.62001296833],[-122.101271661777,47.6200353423182],[-122.101685769851,47.6200454826949],[-122.103111444716,47.620053955512],[-122.104139010502,47.6200763470422],[-122.104219211192,47.6202302610023],[-122.104303088687,47.62039380196],[-122.104405150778,47.6205885969972],[-122.104542715187,47.6207687407381],[-122.104665633464,47.6209152008465],[-122.10484942428,47.6210830471318],[-122.105007818824,47.6212124442455],[-122.105241597292,47.6213848555656],[-122.105410417683,47.6214900839128],[-122.105423970566,47.6214975441211],[-122.105487819173,47.6215206188267],[-122.105553068337,47.6215418272394],[-122.10561959878,47.6215611305895],[-122.105687288883,47.6215784935896],[-122.105756014908,47.6215938844996],[-122.105825651221,47.6216072751842],[-122.105896070524,47.6216186411645],[-122.105967144089,47.6216279616632],[-122.106083670368,47.6216493423235],[-122.106197434991,47.6216766890347],[-122.106307770784,47.6217098414224],[-122.106414030675,47.6217486050646],[-122.106515591492,47.6217927526316],[-122.106611857618,47.6218420252192],[-122.10670226448,47.6218961338664],[-122.106786281864,47.6219547612502],[-122.106962664682,47.6220565724206],[-122.107136728131,47.6221601923806],[-122.107205179755,47.6221849165257],[-122.107412993318,47.6222682364576],[-122.107585305461,47.6223662088055],[-122.107933417905,47.622554901783],[-122.108137830446,47.6226527070884],[-122.108291875348,47.6227121912248],[-122.108474534286,47.622778759926],[-122.108703723261,47.6228595565175],[-122.108914833641,47.6229187437379],[-122.109204406471,47.6229775221989],[-122.109472334395,47.6230147095513],[-122.109750852557,47.6230421966544],[-122.110050688639,47.6230623375871],[-122.110318369526,47.6230778224565],[-122.110525256027,47.6230791550935],[-122.110791149267,47.6230712464584],[-122.11097648788,47.6230821285511],[-122.111112231404,47.6231324653905],[-122.111158235028,47.6231820205228],[-122.111269166186,47.6233015100406],[-122.111413208346,47.6234061762911],[-122.111524790783,47.6234912834229],[-122.111647830332,47.6235474753058],[-122.111751816615,47.6235709824193],[-122.111837055057,47.6235741380934],[-122.111916413128,47.623585583162],[-122.112001450347,47.6235805160418],[-122.11200313918,47.623580159424],[-122.112104324515,47.6235587980767],[-122.112200513421,47.6235124801116],[-122.112314369493,47.6234579047813],[-122.1123689673,47.6234365639699],[-122.112416056089,47.6234127237902],[-122.112418391708,47.6234124107648],[-122.112509454827,47.6234001985338],[-122.112510023461,47.6234000538276],[-122.112569070623,47.6233850552424],[-122.112712359995,47.6233011074055],[-122.11278331253,47.6232180597638],[-122.112817878803,47.623139535443],[-122.112869676561,47.6230196931716],[-122.112940122446,47.6229160899596],[-122.113004890978,47.622829001393],[-122.113130268842,47.6227330055705],[-122.113273920236,47.6226450290743],[-122.113472723696,47.622574241255],[-122.11367559922,47.6225370075731],[-122.113676491247,47.622536900404],[-122.113843002968,47.6225168385861],[-122.114088786521,47.6224890248554],[-122.114324091227,47.6224805560659],[-122.114531251715,47.6225059945206],[-122.114845683624,47.6225549823112],[-122.115128184916,47.6226186061861],[-122.11540734178,47.6227015361075],[-122.115586331999,47.6227584681214],[-122.115765406659,47.6228226342514],[-122.115998257167,47.6229106304293],[-122.116216675342,47.6229842338341],[-122.116435065669,47.6230554255516],[-122.116607036452,47.623122038015],[-122.116703610735,47.6231456440112],[-122.116781653672,47.6231600129785],[-122.11685407046,47.6231591968077],[-122.11685575031,47.6231587996207],[-122.116918068238,47.6231440861417],[-122.11696107598,47.6231339318347],[-122.117013316608,47.623122421882],[-122.117061517511,47.623111802571],[-122.117061961278,47.6231118534303],[-122.117106956993,47.6231170338186],[-122.11720099084,47.6231278601987],[-122.117350425588,47.6231510399427],[-122.11754715394,47.6232144499677],[-122.117689273706,47.6232602596048],[-122.117920193735,47.6233346883728],[-122.118062275771,47.6233804845843],[-122.118193600483,47.6234228108364],[-122.118300272728,47.6234571933606],[-122.11840326188,47.623490387336],[-122.118570218267,47.6235441985375],[-122.118708726806,47.623588840553],[-122.118833013217,47.6236288985738],[-122.118905657279,47.6236499432357],[-122.118968098276,47.6236881933008],[-122.119019343424,47.6237088635244],[-122.119074991589,47.623723428672],[-122.119133465401,47.6237314758877],[-122.119193107391,47.623732777069],[-122.119216410587,47.6237306512943],[-122.119216638759,47.6237306155721],[-122.119239682016,47.6237247396549],[-122.119260139715,47.6237154696237],[-122.119276936247,47.6237032928721],[-122.119289188498,47.6236888496214],[-122.119310071053,47.6236307546716],[-122.119326178818,47.6235719690522],[-122.1193374627,47.6235126719861],[-122.119343888315,47.6234530442549],[-122.119345436088,47.6233932676475],[-122.119342101318,47.6233335244061],[-122.11933389419,47.6232739966708],[-122.119320839739,47.6232148659238],[-122.11932121254,47.6231112231376],[-122.11932186292,47.6229302864308],[-122.119405921875,47.6227494859346],[-122.119464147078,47.6226524975945],[-122.119519344061,47.6225001444158],[-122.119656011951,47.6223466325149],[-122.119697527592,47.6223189083044],[-122.119793622175,47.6222851274823],[-122.119795632604,47.6222848998226],[-122.119796141051,47.6222847212065],[-122.12111360306,47.6221356795362],[-122.121299059352,47.622134695026],[-122.121441661514,47.6221291161346],[-122.121544452138,47.6221229868614],[-122.12153616351,47.6221387559098],[-122.121531829294,47.6221552325213],[-122.121531567856,47.6221719667384],[-122.12153538634,47.6221885015682],[-122.121514111918,47.6223597025241],[-122.121496992345,47.6225311162995],[-122.121489346784,47.6226252349175],[-122.121486856654,47.6226252627693],[-122.121480568952,47.6227342130201],[-122.121477042068,47.6228432200941],[-122.121476277053,47.6229522520165],[-122.12147827415,47.6230612768053],[-122.121480012794,47.6231307060528],[-122.121484866532,47.6232000676713],[-122.121492830905,47.6232692977934],[-122.121503898593,47.6233383326721],[-122.121506489334,47.6233383030043],[-122.121526737361,47.6234326345036],[-122.121547616903,47.6235093413869],[-122.121587687155,47.6236274333545],[-122.121611659596,47.623687055638],[-122.121754618389,47.6238634178987],[-122.121774746939,47.6239086221133],[-122.121788068057,47.6239489329709],[-122.121815757727,47.6240257359699],[-122.121815456791,47.6241426945672],[-122.121814776767,47.6244081756986],[-122.122241784649,47.6245457841976],[-122.122210711025,47.6247167689826],[-122.122119119697,47.6249149117792],[-122.12214939921,47.6250002525789],[-122.122228009882,47.6250469645821],[-122.122348049957,47.625083052184],[-122.122375117095,47.6251851580752],[-122.122437839265,47.6255073952251],[-122.122456326593,47.6256023797121],[-122.122459164371,47.6256169580916],[-122.122456677835,47.6256165560798],[-122.122456482002,47.625616524597],[-122.122382587581,47.6256060112791],[-122.122307927124,47.6255983614235],[-122.122232743212,47.6255935998855],[-122.12215728013,47.6255917421363],[-122.122024497545,47.6256032885353],[-122.121892993977,47.6256202534987],[-122.121888696437,47.6256209067678],[-122.121878482592,47.6256224645635],[-122.121839091467,47.6256288216771],[-122.121828601839,47.6256305998524],[-122.121818125686,47.6256324131432],[-122.12180766211,47.6256342609439],[-122.121797212906,47.6256361432546],[-122.121786776279,47.6256380594699],[-122.121776353127,47.6256400108006],[-122.121770859929,47.6256410606322],[-122.121765993755,47.6256419917977],[-122.121637827075,47.6256696151218],[-122.121512384079,47.6257024593972],[-122.121512280773,47.6257024896692],[-122.121502384034,47.625705336441],[-122.121482711827,47.6257111117181],[-122.121351635401,47.6257536390474],[-122.121224979782,47.6258019019707],[-122.121216853622,47.6258052566989],[-122.121103277824,47.6258540870114],[-122.120986248902,47.6259125812496],[-122.120883345988,47.6259589424957],[-122.120822879488,47.6259737320727],[-122.12082194524,47.6259737502357],[-122.120658838134,47.6259770129268],[-122.120541024983,47.6259679925452],[-122.120405378477,47.6259590660045],[-122.120273241688,47.6259452983988],[-122.12012332724,47.6259364463229],[-122.119966224473,47.6259228100909],[-122.119791148214,47.6258972122528],[-122.11964106668,47.6258738932652],[-122.119480369754,47.6258578637256],[-122.119337506183,47.6258417403384],[-122.119105417446,47.6258212650644],[-122.118887402614,47.6257838363226],[-122.118694326812,47.6257438635035],[-122.118650851047,47.6257388613744],[-122.118333587649,47.6257023643434],[-122.118279976192,47.6256930018416],[-122.118165535317,47.6256670805866],[-122.118004643456,47.6256341713389],[-122.11779356811,47.6255798234474],[-122.117650567097,47.6255516414224],[-122.117471841881,47.625518824129],[-122.117346784716,47.6255001929013],[-122.117171683304,47.6254721791461],[-122.117132513164,47.625467577793],[-122.117053816254,47.6254583327047],[-122.116939571211,47.6254492892269],[-122.116821926045,47.6254547321451],[-122.116700852907,47.6254722499827],[-122.116601069842,47.6254800087106],[-122.11645856919,47.6254952276807],[-122.116341062365,47.6255127261307],[-122.116340640156,47.625512819974],[-122.11633854259,47.6255131323814],[-122.116251178734,47.6255325403846],[-122.116116665902,47.6255404323005],[-122.11611473093,47.6255408040409],[-122.116114147025,47.625540838551],[-122.116010935091,47.6255606727738],[-122.115836500229,47.6255905270186],[-122.115655125882,47.6256372972219],[-122.115495068556,47.6256767197786],[-122.115335066027,47.625720966438],[-122.115185736383,47.6257627440848],[-122.115057750709,47.6257995879891],[-122.1149049365,47.625848618101],[-122.114755605058,47.6258903956457],[-122.114620457117,47.625924864335],[-122.114511827443,47.6259515670796],[-122.114510194306,47.6259519684834],[-122.114406759589,47.6259525109537],[-122.114281868612,47.6259483437402],[-122.114160351707,47.6259272788134],[-122.114078151367,47.6259132417803],[-122.113938855904,47.6258970917709],[-122.113692309681,47.6258598023339],[-122.113585279906,47.6258579527248],[-122.113367654944,47.6258542692478],[-122.113253437749,47.6258476330553],[-122.113067886235,47.6258413710219],[-122.112914489019,47.625839762376],[-122.112750365918,47.6258357985805],[-122.112629152644,47.6258412559889],[-122.112479434029,47.6258492731836],[-122.112390321152,47.6258545622792],[-122.112290452747,47.6258550841657],[-122.112122983422,47.6258704277465],[-122.112065888299,47.6258683147729],[-122.111990931974,47.6258638841878],[-122.111887497257,47.6258644248427],[-122.111805490055,47.6258672643404],[-122.11170219278,47.6258798610526],[-122.111606029926,47.6258924202246],[-122.111479722305,47.6259073303023],[-122.111477792724,47.6259075579463],[-122.111364044449,47.625941910986],[-122.111317897095,47.6259614429444],[-122.111257675835,47.6259979282911],[-122.111197372828,47.6260271798787],[-122.111172652988,47.6260490106399],[-122.111109168149,47.6261120375426],[-122.111070430099,47.6261556451015],[-122.111052981223,47.626189495469],[-122.111028647658,47.6262450844682],[-122.111000802579,47.6263055138334],[-122.110980061378,47.6263634953719],[-122.110966483342,47.6264238507377],[-122.110959955285,47.6264769342203],[-122.110960589496,47.626532393352],[-122.110964843917,47.6265926558923],[-122.110972721244,47.6266577218246],[-122.110973739035,47.6267469375352],[-122.110970887782,47.6268096481696],[-122.110978985196,47.6268940044825],[-122.110987660227,47.627028995853],[-122.110971369279,47.6271641182514],[-122.110934363181,47.6273596333326],[-122.110923020154,47.6276427623522],[-122.092578278497,47.6275343939823]]]},"properties":{"OBJECTID":11,"SD_BASIN_ID":12,"BASIN":"REDMOND 400","TYPE":"AREA","BASIN_NO":97,"SYMBOL":23,"SysChangeUser":"gisdba_cobgis","SysCreateDate":"Fri, 02 Oct 2026 19:14:30 GMT","SysChangeDate":"Fri, 02 Oct 2026 19:14:30 GMT","SysCreateUser":"gisdba_cobgis"}},{"type":"Feature","id":12,"geometry":{"type":"Polygon","coordinates":[[[-122.117109475869,47.6231166275493],[-122.117064036387,47.6231113963016],[-122.117061961278,47.6231118534303],[-122.117015836382,47.6231220162182],[-122.116963595755,47.6231335255654],[-122.116920588012,47.623143680478],[-122.116856590235,47.6231587905386],[-122.11685575031,47.6231587996207],[-122.116784173447,47.623159607315],[-122.11670613051,47.6231452377421],[-122.116609556227,47.6231216317457],[-122.116437585444,47.6230550192818],[-122.116219194218,47.6229838275638],[-122.116000776942,47.6229102241584],[-122.115767926434,47.6228222279798],[-122.115588851773,47.6227580618492],[-122.115409861555,47.6227011304404],[-122.11513070469,47.6226181999129],[-122.114848203398,47.6225545760375],[-122.114533771489,47.6225055882465],[-122.114326611001,47.6224801497916],[-122.114091305397,47.6224886191867],[-122.113845522742,47.6225164329176],[-122.113678118994,47.6225366012993],[-122.113676491247,47.622536900404],[-122.11347524347,47.6225738349814],[-122.11327644001,47.6226446228013],[-122.113132788616,47.6227325992982],[-122.113007409854,47.6228285951215],[-122.112942641322,47.6229156842941],[-122.112872196335,47.6230192869015],[-122.112820398578,47.6231391291738],[-122.112785831406,47.6232176541007],[-122.11271487977,47.6233007011377],[-122.112571589499,47.6233846495806],[-122.112511973703,47.6233997922667],[-122.112510023461,47.6234000538276],[-122.112418575863,47.6234123175231],[-122.112418391708,47.6234124107648],[-122.112371487074,47.6234361583085],[-122.112316889268,47.6234574985147],[-122.112203032297,47.6235120738454],[-122.11210684429,47.6235583918109],[-122.112003970122,47.6235801097761],[-122.11200313918,47.623580159424],[-122.111918932902,47.6235851768963],[-122.111839573933,47.6235737318276],[-122.111754336389,47.6235705761536],[-122.111650349208,47.6235470696453],[-122.111527310557,47.623490877762],[-122.111415728121,47.623405770024],[-122.111271685062,47.6233011043782],[-122.111160754802,47.6231816142539],[-122.11111475028,47.6231320591213],[-122.110979007654,47.6230817222815],[-122.110793669041,47.6230708401887],[-122.110527775802,47.6230787494294],[-122.1103208893,47.6230774167923],[-122.110053208414,47.6230619319228],[-122.109753371433,47.6230417909899],[-122.109474853271,47.6230143038867],[-122.109206925347,47.6229771159285],[-122.108917352517,47.622918337467],[-122.108706242137,47.6228591502462],[-122.108477054061,47.6227783542596],[-122.108294394224,47.6227117855578],[-122.108140350221,47.6226523014209],[-122.107935936781,47.6225544955093],[-122.107587825236,47.6223658031358],[-122.107415512194,47.6222678301817],[-122.10720769953,47.6221845102492],[-122.107139247905,47.6221597861038],[-122.106965184041,47.6220561661142],[-122.10678880074,47.6219543549719],[-122.106704783324,47.621895727663],[-122.10661437644,47.6218416190918],[-122.1065181103,47.6217923465808],[-122.106416549479,47.6217481990905],[-122.106310289593,47.6217094355248],[-122.106199953814,47.6216762832126],[-122.106086189213,47.6216489365757],[-122.105969662965,47.6216275559878],[-122.105898589495,47.6216182354026],[-122.105828170292,47.6216068693384],[-122.105758534084,47.621593478573],[-122.10568980817,47.6215780875852],[-122.105622118182,47.6215607245105],[-122.105555587859,47.6215414210892],[-122.105490338819,47.6215202126088],[-122.10542649034,47.6214971378392],[-122.105412937457,47.6214896782363],[-122.105244117066,47.6213844498883],[-122.1050103377,47.6212120385669],[-122.104851944054,47.6210826414522],[-122.10466815234,47.62091479456],[-122.104545234063,47.6207683350561],[-122.104407669654,47.6205881907082],[-122.104305608461,47.6203933956695],[-122.104221730966,47.6202298553161],[-122.104141530276,47.6200759407492],[-122.10405656582,47.6198159501496],[-122.104037211617,47.6196810128125],[-122.104002911245,47.6194858680417],[-122.103976804406,47.6193847246809],[-122.103954536068,47.619307675686],[-122.103892521771,47.6191850150455],[-122.103844311885,47.6190212898629],[-122.103770511691,47.6188022343459],[-122.103694233943,47.6186796476041],[-122.103607420754,47.6185715827891],[-122.103498777606,47.6184250489024],[-122.103440385315,47.6183071916311],[-122.103371079393,47.6181701007836],[-122.103279940816,47.6179945392004],[-122.103217630973,47.617845354505],[-122.103187879669,47.6177369954943],[-122.103164934002,47.617599665783],[-122.103152062042,47.6174068215416],[-122.103185958172,47.6172499073142],[-122.10321301992,47.6171195533319],[-122.103239782529,47.6169626763915],[-122.103259929046,47.6168516493545],[-122.103272754294,47.6167237795257],[-122.103282067128,47.6166007519191],[-122.103305399071,47.6164559486082],[-122.103311416885,47.6163570508088],[-122.103310112531,47.6162413119276],[-122.103302829889,47.616118242614],[-122.103226588973,47.6160192587933],[-122.103107252279,47.6159222924837],[-122.102804129261,47.6157244656127],[-122.102569076982,47.615546135693],[-122.102263718956,47.6152257507093],[-122.101829045749,47.6147015288586],[-122.101806436052,47.6146798380888],[-122.101933747989,47.6146239503581],[-122.10196015756,47.614585241908],[-122.101937463421,47.6145605971316],[-122.102078700143,47.6144850392039],[-122.102152450031,47.6144031208725],[-122.102401171076,47.6143349010168],[-122.102473788188,47.6142928320413],[-122.102694125165,47.6141822456418],[-122.102731051313,47.6141434187781],[-122.102780076869,47.6140831170578],[-122.102864690084,47.6140153043359],[-122.102916097973,47.6139663569895],[-122.102988886664,47.6139313995887],[-122.103053262632,47.6138965348177],[-122.103091354793,47.613819282134],[-122.103086453585,47.6137908812116],[-122.103192412568,47.6137356350481],[-122.103282431844,47.6136307701856],[-122.10335263159,47.6135759211128],[-122.103404413178,47.6134992275113],[-122.103480921793,47.6134443086587],[-122.103616536858,47.6133972677525],[-122.103731325381,47.6133589944129],[-122.103858178279,47.613297822172],[-122.103964934068,47.6132752890605],[-122.104037235872,47.6132204172082],[-122.104200499285,47.6131424780047],[-122.10423111387,47.6131037212224],[-122.104326761091,47.6130571257202],[-122.104413065834,47.6130156128554],[-122.104581637392,47.6129397474798],[-122.104672591814,47.6128732849456],[-122.104738789566,47.6128270174667],[-122.104766848444,47.6127697936448],[-122.104806855813,47.6127487966838],[-122.104838320204,47.6127637244387],[-122.105081087215,47.6128513366485],[-122.105232313203,47.6129326064056],[-122.105429345186,47.6130284966839],[-122.10559786554,47.6130969114252],[-122.105771573665,47.6131594821941],[-122.105944406831,47.6132495221275],[-122.106119819958,47.6133763842871],[-122.106270179072,47.6134751871977],[-122.106402382335,47.6135845070103],[-122.1064585486,47.6136271845563],[-122.106554441062,47.6137575381614],[-122.106665029962,47.6138878950751],[-122.106766979763,47.6140048079233],[-122.106824860014,47.6140919039223],[-122.106919876618,47.6142596649268],[-122.106963031684,47.6144262475613],[-122.106991490312,47.6146027627824],[-122.107026871358,47.614758238864],[-122.107037199289,47.6148757202074],[-122.107037137305,47.6150446328984],[-122.107032749035,47.6152217273696],[-122.107011095145,47.6153421258582],[-122.106993765745,47.6154543411759],[-122.106996299892,47.6156103960586],[-122.106978103618,47.6157302098982],[-122.106945215397,47.6158400851329],[-122.106933073768,47.6159464570215],[-122.106933900218,47.6160481556622],[-122.106937321002,47.6161469323304],[-122.106953728731,47.6161913553986],[-122.106983966023,47.6162334428298],[-122.107018532297,47.6162574116318],[-122.10707038575,47.6162883975081],[-122.107149033254,47.6163223105811],[-122.107212993302,47.6163363489785],[-122.107276954248,47.6163503867666],[-122.107418705705,47.6163761279497],[-122.107569099853,47.6164053764437],[-122.107716907752,47.6164176750851],[-122.107882004626,47.6164270537812],[-122.108059202706,47.6164393566563],[-122.108182812686,47.6164358699236],[-122.108290001462,47.6164277047431],[-122.108427447294,47.6164119454082],[-122.108533770993,47.6164014416045],[-122.10859082659,47.6163868394609],[-122.108652206676,47.6163640539564],[-122.108710128249,47.6163418534002],[-122.108768054314,47.6163097170157],[-122.108832035922,47.6162641374518],[-122.108897749481,47.6162033628215],[-122.108961738275,47.6161379114636],[-122.109051666822,47.6160432410156],[-122.10912516608,47.6159637630747],[-122.109198668932,47.6158743503225],[-122.109334423236,47.6157346819143],[-122.109632726792,47.6154582706363],[-122.10977452586,47.6153349681563],[-122.109884334123,47.6152344544201],[-122.109976850716,47.6151467971526],[-122.110065050904,47.6150375127007],[-122.110131638525,47.614939331022],[-122.110242318154,47.6148113475151],[-122.110388447101,47.6146500533088],[-122.11070057573,47.6143514312627],[-122.110851025574,47.6141819543618],[-122.110947869351,47.6140662427615],[-122.111041253717,47.6139511134679],[-122.111189107429,47.6137845595986],[-122.111286818979,47.6136513120033],[-122.111398364585,47.6134958574595],[-122.111495200277,47.6134000164846],[-122.111604143464,47.613277291116],[-122.111700115875,47.6131691769836],[-122.111865248682,47.6130195721728],[-122.111975912142,47.6129213951835],[-122.112064963035,47.6128343196416],[-122.11216438318,47.6127554284833],[-122.112278501561,47.6126666031172],[-122.112364088549,47.6125999839935],[-122.112459181511,47.6125392105548],[-122.112515372928,47.6125023954569],[-122.112581067623,47.6124813620531],[-122.112642439625,47.6124685113974],[-122.112749413704,47.6124546645398],[-122.112877540413,47.6124586039151],[-122.112965699278,47.6124685501552],[-122.113130204163,47.6124869038217],[-122.113310475379,47.6125227027486],[-122.113508614087,47.6125791692471],[-122.113775242148,47.6126753005925],[-122.114061444499,47.6127829488373],[-122.114546448514,47.6129889095589],[-122.114685591263,47.6130573073957],[-122.114771153099,47.613099982344],[-122.114872265671,47.6131648700725],[-122.11501572752,47.613254893646],[-122.11517128788,47.6133577765886],[-122.115304377781,47.6134495517741],[-122.115449571582,47.6135343147949],[-122.11559217015,47.6136219995943],[-122.115784900101,47.6137260542121],[-122.115962073028,47.6138277686771],[-122.11605800771,47.6138686916723],[-122.116198887801,47.6139218914575],[-122.116344954765,47.6139692467905],[-122.116427929453,47.6139949715842],[-122.116549801192,47.6140066712743],[-122.116649200677,47.6140172009932],[-122.116797003185,47.6140294868736],[-122.116938758236,47.6140353433765],[-122.117077918951,47.6140441223766],[-122.117220535486,47.6140523169968],[-122.11735278097,47.6140622635394],[-122.117458232405,47.614069285767],[-122.117577512505,47.6140839073306],[-122.11771321291,47.6141032057293],[-122.117845456598,47.6141230878929],[-122.117952633696,47.6141447213642],[-122.118052896462,47.6141675235808],[-122.118179086403,47.6142107838164],[-122.118252553322,47.6142405967029],[-122.118394299389,47.6142961330068],[-122.118513574099,47.6143504968682],[-122.118647541654,47.6144048624899],[-122.118721008573,47.6144346758713],[-122.1188558439,47.614481442733],[-122.11900882879,47.6145375619429],[-122.119140205603,47.614584913085],[-122.119299242443,47.614637525953],[-122.119403826105,47.6146720172013],[-122.119504953948,47.6147070915867],[-122.119623367174,47.6147491808182],[-122.119738322784,47.6147918543858],[-122.119840312112,47.6148392022698],[-122.1199232868,47.6148748603066],[-122.119990705362,47.6148982435459],[-122.120080597975,47.6149227961175],[-122.12023791005,47.6149607958092],[-122.120362377921,47.6149795058829],[-122.120486845791,47.6149982153444],[-122.120612177841,47.6150192634806],[-122.120738627396,47.6150412611294],[-122.120796869667,47.615127468861],[-122.120851393812,47.6152164014701],[-122.120906142535,47.6153246227927],[-122.120935538106,47.6153992203036],[-122.120961872219,47.6155172379411],[-122.120980626347,47.6155967135329],[-122.120992471532,47.6156955183039],[-122.120993562985,47.6157895559727],[-122.120987411322,47.6158739863856],[-122.120974378564,47.6159801565567],[-122.120964631843,47.6160621953443],[-122.120944270629,47.6161515248151],[-122.120916974421,47.6162577707217],[-122.120889648568,47.6163616051256],[-122.120851904055,47.6164896090601],[-122.120814217034,47.6166224346255],[-122.120761705115,47.6167071119661],[-122.120692145868,47.6168593978567],[-122.120639745341,47.6169537198527],[-122.120520343968,47.6171135040079],[-122.120421667628,47.6172153051365],[-122.120315997902,47.6173292004285],[-122.120231444875,47.6174188692561],[-122.12013619381,47.6175085954556],[-122.120058605421,47.617583759657],[-122.119935326919,47.6177170384078],[-122.119864925052,47.6177969878137],[-122.119784105423,47.6179011043652],[-122.119696123525,47.6180028488574],[-122.11961516286,47.6180949095709],[-122.119569835668,47.6181843706012],[-122.119535291852,47.6182810087602],[-122.119536156031,47.6183557570675],[-122.119544238174,47.6184377012995],[-122.119566807447,47.6185388604192],[-122.119592301635,47.6185845415443],[-122.119646689235,47.6186614178207],[-122.119693944213,47.6187383315262],[-122.119766637682,47.6188561048697],[-122.119929352224,47.619048153568],[-122.120023025847,47.6191296450009],[-122.120098643333,47.6191919403085],[-122.120196246187,47.6193047583264],[-122.120254313287,47.619391259968],[-122.120326924111,47.619501798415],[-122.120453926129,47.61968921321],[-122.1204870012,47.6197734362975],[-122.120534565198,47.619876873774],[-122.120588983341,47.6199561610878],[-122.120650477514,47.6200305878995],[-122.120726405816,47.6201194056008],[-122.120830920308,47.6202128958111],[-122.121000719863,47.620400082811],[-122.121083949672,47.6205033301321],[-122.121195906706,47.620623305932],[-122.121268494175,47.6207314325053],[-122.121323221338,47.6208372428373],[-122.12138511077,47.62094542649],[-122.121439922375,47.6210584702057],[-122.121487657951,47.6211763745583],[-122.121528206106,47.6212894946718],[-122.121544538377,47.6221229814121],[-122.121544452138,47.6221229868614],[-122.121441661514,47.6221291161346],[-122.121299059352,47.622134695026],[-122.12111360306,47.6221356795362],[-122.119796141051,47.6222847212065],[-122.119795632604,47.6222848998226],[-122.119700046468,47.6223185020289],[-122.119658530827,47.6223462262396],[-122.119521862937,47.6224997381417],[-122.119466666852,47.6226520913216],[-122.119408440751,47.6227490796624],[-122.119324382695,47.62292988016],[-122.119323732314,47.6231108168682],[-122.119323358615,47.6232144596552],[-122.119336413066,47.6232735904028],[-122.119344620194,47.6233331181385],[-122.119347954964,47.6233928613803],[-122.119346407191,47.6234526379882],[-122.119339981576,47.6235122657199],[-122.119328697694,47.6235715627864],[-122.119312589929,47.6236303484062],[-122.119291707374,47.6236884433565],[-122.119279069421,47.6237032382313],[-122.119261668056,47.6237156272654],[-122.119240466603,47.6237249246107],[-122.119216638759,47.6237306155721],[-122.119216410587,47.6237306512943],[-122.119195627165,47.6237323708045],[-122.119135985175,47.6237310696231],[-122.119077511364,47.6237230224074],[-122.119021863199,47.6237084572597],[-122.118970618051,47.6236877870359],[-122.118908176155,47.6236495369706],[-122.118835532992,47.6236284923085],[-122.118711246581,47.6235884342873],[-122.118572737143,47.6235437922715],[-122.118405781655,47.6234899810696],[-122.118302792502,47.6234567870939],[-122.118196120257,47.6234224045695],[-122.118064795546,47.6233800783171],[-122.117922713509,47.6233342821052],[-122.117691792582,47.6232598533366],[-122.117549673714,47.6232140436992],[-122.117352945362,47.6231506336736],[-122.117203510614,47.6231274539295],[-122.117109475869,47.6231166275493]]]},"properties":{"OBJECTID":12,"SD_BASIN_ID":14,"BASIN":"WILKINS CREEK","TYPE":"BASIN","BASIN_NO":89,"SYMBOL":13,"SysChangeUser":"gisdba_cobgis","SysCreateDate":"Fri, 02 Oct 2026 19:14:30 GMT","SysChangeDate":"Fri, 02 Oct 2026 19:14:30 GMT","SysCreateUser":"gisdba_cobgis"}},{"type":"Feature","id":13,"geometry":{"type":"Polygon","coordinates":[[[-122.214884691354,47.652984535053],[-122.2147366463,47.6529677949434],[-122.214613560038,47.6529814204878],[-122.214593245536,47.6529771180668],[-122.214585950318,47.6529559744767],[-122.214585386176,47.6529347491863],[-122.214564708755,47.65291680184],[-122.214513142762,47.6529189427659],[-122.214436814709,47.6529183527707],[-122.214384602828,47.6528962373285],[-122.214336396535,47.6528558749734],[-122.214291037902,47.6528382253209],[-122.214232257539,47.6528222560928],[-122.214096945206,47.6527981146528],[-122.21398195007,47.6527782774547],[-122.213893918766,47.6527596293197],[-122.213837101222,47.6527330201496],[-122.213779759063,47.6526867014146],[-122.213719890841,47.6526297983712],[-122.213595427461,47.6525069484618],[-122.213535037318,47.6524303355744],[-122.213464303973,47.6523022847059],[-122.213461446432,47.6521946440106],[-122.213435518358,47.65214794417],[-122.213432550324,47.6521206817503],[-122.213433908577,47.6520873014239],[-122.213457019534,47.6520278749258],[-122.213611395016,47.6516711281349],[-122.213619323546,47.6516316017388],[-122.213618277009,47.6515921842378],[-122.213606324026,47.651480102773],[-122.213556176473,47.651282040725],[-122.213512781557,47.6512537521369],[-122.213446416719,47.651121099289],[-122.21340008521,47.6509821368561],[-122.213392900484,47.6508806145001],[-122.213379197583,47.650871680717],[-122.213328891927,47.6506675539764],[-122.213260265131,47.6503650734692],[-122.213239347859,47.6503380291843],[-122.213216348293,47.6503170757541],[-122.21322031166,47.6502973114422],[-122.213241300797,47.6502424615042],[-122.213228714501,47.6501910512085],[-122.213187321929,47.6501536381047],[-122.213174937755,47.650109807903],[-122.213169635898,47.6499946133547],[-122.213161888827,47.6498718655695],[-122.213148619812,47.6497946811769],[-122.213120488171,47.6497495259789],[-122.213067275567,47.6496895086045],[-122.213048964308,47.649676080694],[-122.212981757748,47.6495115898711],[-122.212996980599,47.6494932062362],[-122.21296881033,47.6494465342381],[-122.212886117713,47.6494596687035],[-122.212855663028,47.6494115073671],[-122.212877738228,47.6493975916229],[-122.212843560925,47.6493782893086],[-122.212802370474,47.6493484577299],[-122.21274499328,47.649300622475],[-122.212719187377,47.6492584714972],[-122.212683964435,47.6491997522454],[-122.212660643272,47.6491666702147],[-122.212589442802,47.6491053534813],[-122.212568687228,47.6490843729292],[-122.212552177091,47.6490542416245],[-122.212520557291,47.6489621137969],[-122.21248909829,47.6488760514263],[-122.212458685826,47.6488294061094],[-122.212407878012,47.6487754248659],[-122.21234617543,47.6487337079775],[-122.212279984865,47.6486920467316],[-122.212193522019,47.6486475968168],[-122.212123207288,47.6486196323847],[-122.212063989447,47.6485869857114],[-122.211986702891,47.6485500071836],[-122.211916468111,47.6485250764372],[-122.211826162272,47.6485049374495],[-122.211690421442,47.6484641172141],[-122.211561853661,47.6484398914556],[-122.211401876285,47.6484160463412],[-122.211339063385,47.648405337762],[-122.211244062052,47.6483891414478],[-122.211094660543,47.6483409022669],[-122.210933799225,47.6482837027931],[-122.210773901799,47.6482628883346],[-122.210598501248,47.64824984495],[-122.210475024219,47.6482483047738],[-122.210347020579,47.648245302489],[-122.210223622602,47.6482467948564],[-122.210077911371,47.6482531062503],[-122.209952511948,47.6482637216635],[-122.20983167866,47.6482773151504],[-122.209750991083,47.6482813226322],[-122.209652112622,47.6482764521681],[-122.209530598411,47.6482642711643],[-122.209368940288,47.6482616761647],[-122.209106040235,47.6482496863935],[-122.208953526063,47.6482751153321],[-122.208929520384,47.6482791173675],[-122.208813535304,47.6483062994885],[-122.208730923535,47.648322463754],[-122.208663777163,47.6483293403736],[-122.208596229243,47.6483210567188],[-122.208526838879,47.6483279617818],[-122.208436436022,47.6483364021762],[-122.208487548365,47.648254050932],[-122.208576283949,47.6481622297286],[-122.208624100373,47.648018753253],[-122.208628931513,47.6479007036885],[-122.208682805277,47.6477388700804],[-122.208699807691,47.6476236031272],[-122.208692287893,47.6475302285143],[-122.208681066139,47.6474296623004],[-122.208695892833,47.6473124877169],[-122.208709893975,47.647226146662],[-122.208742124629,47.6471242308933],[-122.208801104417,47.6470418250862],[-122.208848562413,47.6469532601073],[-122.208898785424,47.6468237300299],[-122.20895729719,47.6467172454641],[-122.209045093136,47.6465772660819],[-122.209091846854,47.6464525833145],[-122.209179641901,47.6463126044335],[-122.209233635141,47.6460838184593],[-122.209299741265,47.6458183197323],[-122.209355082876,47.6456222751576],[-122.209394192829,47.6454711684866],[-122.209418777922,47.6453428288152],[-122.209460240562,47.6451661734847],[-122.209468951525,47.6450278603383],[-122.209477428926,47.6448775084682],[-122.209509486206,47.6446571063588],[-122.209525079162,47.6444696025433],[-122.209517504568,47.6443367333459],[-122.209482408288,47.6442546814335],[-122.209384230512,47.6441173191032],[-122.209267356101,47.6439714523698],[-122.209130257917,47.6438117981207],[-122.20901097602,47.6436519842079],[-122.208854949435,47.6434717861799],[-122.208684401584,47.6433143552456],[-122.208473528359,47.6430623955248],[-122.208355131303,47.6429112445291],[-122.208206488869,47.6427130997505],[-122.208555038793,47.6426842823817],[-122.209135440298,47.6425863481178],[-122.20968568446,47.6424786728717],[-122.209705389006,47.6415288103934],[-122.209702010442,47.6405539700669],[-122.209685293693,47.6396399044016],[-122.20970280635,47.6392182025484],[-122.209704468233,47.6392002184085],[-122.209704961408,47.6391948755827],[-122.209705017104,47.6391948217127],[-122.209705924402,47.6391903613879],[-122.209707416504,47.6391830259717],[-122.209726488636,47.639147426884],[-122.209788458915,47.6390360946873],[-122.209821092913,47.6389187620595],[-122.209797016267,47.6384874108998],[-122.209794850429,47.6383395618522],[-122.209803794056,47.6382132874749],[-122.209833315391,47.6380458902418],[-122.209867890648,47.6379184251409],[-122.209894768241,47.6377250414735],[-122.20989583544,47.637560305396],[-122.209888259947,47.6374274349683],[-122.209876568373,47.6373027896812],[-122.209811100952,47.6369416476496],[-122.209793944029,47.6367924867581],[-122.209793953012,47.6366465438835],[-122.209793727535,47.6364885627318],[-122.209790680449,47.6363320508083],[-122.209785925666,47.6361977111797],[-122.209780525893,47.6360667488826],[-122.209785710071,47.635893787931],[-122.209791305677,47.6357054100525],[-122.209783026803,47.6355364212555],[-122.209778742737,47.6354261600551],[-122.209772695279,47.6352985747617],[-122.209785937344,47.6351592494083],[-122.20977561121,47.6349810965555],[-122.209776805071,47.6348141829188],[-122.209776196912,47.6348083656688],[-122.209850827149,47.634568471642],[-122.209848337917,47.6342126116737],[-122.209855994259,47.6339783797086],[-122.209851410156,47.6338051721278],[-122.209818256932,47.6335995313056],[-122.209742404087,47.6332980591431],[-122.209671986051,47.6329763101156],[-122.209671604267,47.6329745685114],[-122.209727191118,47.6329756932596],[-122.209872791856,47.632975422061],[-122.21043133196,47.6329748167067],[-122.210605203579,47.6329721404354],[-122.210603621645,47.6328857381459],[-122.210612031673,47.6320686994594],[-122.210722845152,47.6320682757041],[-122.21115789026,47.6319021191576],[-122.211352073686,47.631529464993],[-122.211600576363,47.6315070494265],[-122.211849680378,47.6314879258549],[-122.212099290311,47.6314721016035],[-122.21234931055,47.6314595827337],[-122.213358649519,47.6314683418578],[-122.213442941137,47.6309294069125],[-122.213742985628,47.6305606099668],[-122.213940030188,47.6305598496067],[-122.213950518019,47.6301577120128],[-122.214001580056,47.6296897167902],[-122.214067384345,47.6292493537762],[-122.21404773819,47.6289380393361],[-122.214044241947,47.6286175675067],[-122.21382902447,47.6286203499468],[-122.213823683985,47.6284191324097],[-122.214119598921,47.6284121690175],[-122.214165297118,47.6283410881201],[-122.214163047737,47.6282588530738],[-122.214154656574,47.6277276640103],[-122.214210495852,47.627727772985],[-122.214202471201,47.6272070668398],[-122.214203215905,47.6272000415332],[-122.215031472478,47.6272340226007],[-122.215232357335,47.6274328115235],[-122.215229482726,47.6261950279142],[-122.215215582195,47.6257412310589],[-122.216597545937,47.6247009643156],[-122.217754658668,47.6239797816936],[-122.218916296213,47.6230531447493],[-122.220027875139,47.6220419784241],[-122.220917983414,47.6213310827091],[-122.221219723027,47.6210516414632],[-122.222432320201,47.621048161093],[-122.222441514458,47.6205530288375],[-122.222051121009,47.6204820256554],[-122.222050177778,47.6204466784305],[-122.222049369294,47.6204163810496],[-122.222840743737,47.6198359342882],[-122.222659796089,47.6197179348754],[-122.22294916051,47.6194499346142],[-122.224041746356,47.618052688],[-122.22460542123,47.6171909607351],[-122.224987593298,47.6156651176476],[-122.224336126969,47.6147308000896],[-122.223519864702,47.6140908508308],[-122.222532947683,47.6135974167385],[-122.222587676643,47.6134671953563],[-122.222622916653,47.6132963191171],[-122.222638466491,47.6131830969276],[-122.222676930555,47.6130337107729],[-122.222654275043,47.6129801624778],[-122.222650185014,47.6129263876385],[-122.222714437015,47.6128484540527],[-122.222733597181,47.6127710708305],[-122.222703768622,47.6126476378682],[-122.222620125588,47.612496155443],[-122.222563865898,47.6123766327505],[-122.222561537465,47.6121900686454],[-122.222565022928,47.6121218477195],[-122.222536632572,47.6120522217206],[-122.222513736312,47.6119897059474],[-122.222493828747,47.6119397120487],[-122.222472437165,47.6118341174714],[-122.222450758122,47.6117177617675],[-122.222438634459,47.6115618163883],[-122.222443672212,47.6114523118774],[-122.222441038351,47.6113536650246],[-122.222444762766,47.6112944114181],[-122.222449348666,47.6112289684504],[-122.222459313677,47.6111465889961],[-122.222481359233,47.6110750770469],[-122.222510223899,47.6109664896203],[-122.222524695759,47.6109094842046],[-122.222544046368,47.6108392758109],[-122.222597544637,47.6107560914905],[-122.222658450413,47.6106714208646],[-122.222711779798,47.6105697529487],[-122.2227287885,47.6104921144189],[-122.222750913107,47.6104273190614],[-122.222787519455,47.6103687984121],[-122.222837225934,47.610264950897],[-122.222863604064,47.6101807451964],[-122.222873195376,47.6101265732206],[-122.222848501588,47.6101056569569],[-122.222835652984,47.6100764346145],[-122.222897660993,47.6099581636606],[-122.223022852906,47.6097656739909],[-122.22305734462,47.6097015990312],[-122.223095486188,47.6095934114935],[-122.22313945423,47.6095226926074],[-122.223188683704,47.6094682304606],[-122.223227651723,47.6093910445161],[-122.223246010592,47.6092651447229],[-122.223262059893,47.6090527702356],[-122.223272606115,47.6089506328361],[-122.223270383683,47.6088674206808],[-122.223267855823,47.6087727873378],[-122.223249413411,47.6086244878146],[-122.223264691059,47.6085639120387],[-122.223306733112,47.6084662856887],[-122.223345437925,47.6083793087158],[-122.223387255399,47.6083184092443],[-122.22380106164,47.6079983494207],[-122.223885730551,47.6079605917724],[-122.223969869455,47.6079481385197],[-122.224085938976,47.6079565121545],[-122.224209857977,47.6079876404307],[-122.224314781202,47.6080304261092],[-122.224444572489,47.6081006528089],[-122.224566733486,47.6081562846627],[-122.224666962116,47.6082040237425],[-122.224748943267,47.608246273252],[-122.224811580096,47.6082871267267],[-122.224892899189,47.6083497856173],[-122.225009614599,47.6084368728655],[-122.225110984089,47.6085176770854],[-122.22517823287,47.6085701840149],[-122.225322971225,47.6086831945288],[-122.225428944581,47.608765137567],[-122.225582554698,47.6088685320182],[-122.225693484059,47.6089553101358],[-122.225807089501,47.6090518478592],[-122.225925782103,47.6091581172753],[-122.226061495085,47.6092690740428],[-122.226253008717,47.6093907725894],[-122.226321788226,47.6094356307866],[-122.226380125719,47.6094961219764],[-122.226445216746,47.6095834610728],[-122.226734061043,47.6098247458257],[-122.226840869832,47.6099376876162],[-122.226960440986,47.6100765872306],[-122.227051282221,47.6101791166888],[-122.227140283706,47.6102580014382],[-122.227271350601,47.6103755419468],[-122.227361052772,47.6104805320374],[-122.227429437023,47.6105555894579],[-122.227494928699,47.6106127284944],[-122.227569323577,47.6106868954749],[-122.227847030561,47.6110074723874],[-122.227914582073,47.6110964132146],[-122.227966297186,47.6111798343915],[-122.228034066091,47.6112769324332],[-122.228150043086,47.6114615757938],[-122.228264838796,47.6116021652294],[-122.228332128899,47.6116813149022],[-122.22837761689,47.6117574679466],[-122.228448941327,47.6118520746933],[-122.228664192042,47.6121383241613],[-122.228722881674,47.6122567518786],[-122.228966555085,47.6126577185132],[-122.229107148614,47.6128600122919],[-122.229173388586,47.6129448876962],[-122.229322366091,47.6130997461661],[-122.229428966471,47.6132045273119],[-122.229528065918,47.6132996086394],[-122.229624227874,47.613375139212],[-122.229714248049,47.6134466655779],[-122.229809452401,47.6135243736022],[-122.229945426792,47.6136049628541],[-122.23007521269,47.613675632013],[-122.230216936299,47.6137496959408],[-122.230353966211,47.6138093107166],[-122.230490449947,47.6138582309591],[-122.23069019574,47.6139259609209],[-122.23086761211,47.6139711143819],[-122.231034763432,47.6139935436405],[-122.231180900464,47.6139974610992],[-122.231369110991,47.6139951490174],[-122.231573852315,47.6139962590347],[-122.231707842328,47.6140028385966],[-122.231866597097,47.6140255645727],[-122.232032276978,47.6141069627031],[-122.232178941321,47.614175342727],[-122.232327754434,47.6142339027179],[-122.232548563026,47.6142768873639],[-122.232756473607,47.6142890205796],[-122.232944049025,47.6142837720982],[-122.233120347891,47.6142665908421],[-122.233217480926,47.6142433629523],[-122.233291052948,47.6141967575654],[-122.233355412746,47.6141665873663],[-122.23341485876,47.6141332124604],[-122.233459432266,47.6140853328495],[-122.23353313634,47.6140436215673],[-122.233646104877,47.6140259103554],[-122.233702743656,47.6140227643997],[-122.233743677189,47.6140189971251],[-122.233833744974,47.6140023832049],[-122.233872133579,47.6139937501412],[-122.233913108434,47.6139916136758],[-122.233958034978,47.6140016698388],[-122.234235479654,47.6139966223792],[-122.234360865603,47.6139918141208],[-122.234490814095,47.6139771568026],[-122.23466160539,47.6139554681546],[-122.23479124576,47.6139293890802],[-122.23494795237,47.6138776790183],[-122.235072064508,47.6138255540855],[-122.235124225185,47.6137906359531],[-122.235186435315,47.6137702843412],[-122.235229867063,47.6137697490114],[-122.235271150938,47.613779033107],[-122.235328929679,47.6137734248618],[-122.235381750618,47.6137629816914],[-122.235463483834,47.6137505498043],[-122.235535474821,47.6137349731524],[-122.235588516745,47.6137326870987],[-122.235641732942,47.6137369273496],[-122.235738689907,47.6137520546629],[-122.235785808341,47.6137539216564],[-122.235810553334,47.6137764672789],[-122.235901940744,47.6138088002158],[-122.235968273243,47.6138071669767],[-122.23602622985,47.6138080844247],[-122.236086772707,47.6138154978886],[-122.236135426361,47.6138295884331],[-122.23615539052,47.6138538247904],[-122.236162240174,47.6139288186288],[-122.236182027365,47.6139465280569],[-122.236382396589,47.6140370904563],[-122.236510859268,47.6141016088337],[-122.236657793106,47.6141797718804],[-122.236831401517,47.6142625026325],[-122.236990137421,47.6143307268216],[-122.237180504803,47.614408353597],[-122.237346172108,47.6144650669482],[-122.237532195237,47.6145158172096],[-122.237714313389,47.6145560051128],[-122.237874318613,47.614581776852],[-122.238029674156,47.6146141347248],[-122.238136595235,47.6146405616585],[-122.238256063981,47.6146847867752],[-122.238350352052,47.6147350348095],[-122.238415986559,47.6147521783666],[-122.23849667234,47.614790353796],[-122.238658264887,47.6148748621234],[-122.238769311927,47.6149200068926],[-122.238864741756,47.6149677930881],[-122.238956215405,47.6149585019368],[-122.239026148352,47.614956006412],[-122.23908414718,47.6149585540153],[-122.239149871519,47.614978960271],[-122.239229338286,47.6150371124242],[-122.239303860725,47.6150937724096],[-122.239366220874,47.6151505837238],[-122.239414013942,47.6151960364852],[-122.239478558793,47.6152561304264],[-122.239553303116,47.6153210142683],[-122.239643888331,47.6154075648898],[-122.239655984147,47.6154823481884],[-122.239700161496,47.6155512847365],[-122.239759383829,47.6155805264253],[-122.239813620513,47.6155744060731],[-122.239889547019,47.6156252388245],[-122.239926525269,47.6157160714216],[-122.239966865015,47.6157734270579],[-122.240011876899,47.6158374273619],[-122.240061637278,47.6158923055514],[-122.240148519637,47.6159809994838],[-122.240274893733,47.6161018485698],[-122.240366558723,47.6161888502437],[-122.240439266565,47.6162442609466],[-122.240508728795,47.6163135846461],[-122.240569071327,47.6164026060699],[-122.240644374403,47.6165093970623],[-122.240712704755,47.6166260666763],[-122.240756043976,47.6166958821758],[-122.240774541186,47.6167256791124],[-122.240858761837,47.6167440585342],[-122.24088766064,47.6167695869783],[-122.24093359689,47.6168289645724],[-122.24099913438,47.6169425966904],[-122.241034121065,47.6170068783503],[-122.241032192382,47.6170845598902],[-122.241017054871,47.6171241881188],[-122.241045072427,47.617149807208],[-122.241108634521,47.6172079266701],[-122.241220093889,47.6173126378195],[-122.241320716878,47.6174182994482],[-122.241378903454,47.6174722561726],[-122.241448105172,47.6175317891963],[-122.241473132236,47.6175819527479],[-122.241481286244,47.61759829728],[-122.241489831019,47.6176517924034],[-122.241519063097,47.6176895787814],[-122.241581986489,47.6177065112506],[-122.241620773946,47.617725105291],[-122.24164264433,47.6177627801984],[-122.241676367086,47.6179178799338],[-122.241659234417,47.6179548771163],[-122.241598730188,47.6179529006721],[-122.241534393745,47.6179550805738],[-122.241523417231,47.6179947244919],[-122.241508783675,47.6180345566989],[-122.241501906173,47.6180925831376],[-122.24150894088,47.6181741033085],[-122.241523434299,47.618263691969],[-122.241544727066,47.618336875022],[-122.241581992777,47.6184204699388],[-122.241619912462,47.6184836543924],[-122.241650283603,47.6185355076468],[-122.24167498907,47.6185564199333],[-122.241713820545,47.6185641003645],[-122.241747914305,47.6185751032886],[-122.241767926973,47.6186009705358],[-122.241776402578,47.6186465656228],[-122.241786337046,47.6187460034533],[-122.241825915021,47.6190042088626],[-122.241853138466,47.6191181226618],[-122.241875006155,47.6192125174834],[-122.241885338577,47.6193266397305],[-122.24190510331,47.6194324843922],[-122.241941979153,47.6195462785783],[-122.241978280073,47.619617158902],[-122.241931114927,47.6196613404516],[-122.241945805077,47.6196829577049],[-122.242034586475,47.6196873082812],[-122.242059516521,47.6197414976011],[-122.24209779104,47.6198177351832],[-122.242121809296,47.6199023098626],[-122.242116910783,47.6199888734881],[-122.242104859883,47.6200787920659],[-122.242117302448,47.6201589927771],[-122.24211050849,47.6202427525046],[-122.242122148859,47.6203160557042],[-122.242155331727,47.6203825620626],[-122.242202598383,47.6204342063529],[-122.242247097329,47.6204728269143],[-122.242295582998,47.6204803877807],[-122.242358371643,47.6204812427452],[-122.24243041563,47.620467293258],[-122.242483771965,47.6204764253951],[-122.242506154389,47.6205006302132],[-122.242521429342,47.6205298200887],[-122.242506216372,47.6205920307747],[-122.242491003403,47.6206542401758],[-122.242511723045,47.6207062123767],[-122.242549026486,47.6207465541621],[-122.242587691772,47.620792591206],[-122.242659046752,47.6208423053794],[-122.242701264875,47.6208858495191],[-122.242741336923,47.6209392141253],[-122.242764338286,47.6209862621731],[-122.242770180929,47.6210237294687],[-122.242757593735,47.6210491837696],[-122.242732762504,47.6210682610151],[-122.242693186326,47.6210777272788],[-122.24263987311,47.6210702270481],[-122.242558519881,47.6210524649328],[-122.242469971147,47.6210364242269],[-122.242391814124,47.621028609134],[-122.242325411557,47.6210321561097],[-122.242289452894,47.6210809666612],[-122.242298422572,47.6211517007974],[-122.242350602114,47.6211810271503],[-122.242473667715,47.6211863161128],[-122.242588712258,47.6211930655184],[-122.242634119401,47.6212326948715],[-122.242698834932,47.6212416882177],[-122.24275053118,47.6212785867753],[-122.242774416485,47.6213582673476],[-122.242779305117,47.6214496064664],[-122.24277011086,47.6215558095165],[-122.242747434687,47.62165984653],[-122.242738730012,47.6217341025916],[-122.242767353931,47.6218104613922],[-122.242839418579,47.6218862793854],[-122.242897912379,47.6219067737597],[-122.242950086531,47.6219167363672],[-122.242965140498,47.6219377677923],[-122.242970807969,47.6219687079186],[-122.242961905665,47.6219965649153],[-122.242941989117,47.6220188460214],[-122.242889160991,47.6220292923869],[-122.24284019652,47.6220486689876],[-122.242817301159,47.6220946534191],[-122.242812006488,47.6221665329618],[-122.24279699564,47.6222225973017],[-122.242790084002,47.6222484124896],[-122.242778030408,47.6223606953304],[-122.242785772089,47.6224232701511],[-122.242625637508,47.6226119029806],[-122.242607942493,47.6226986909886],[-122.242558456101,47.6227433718709],[-122.242550128718,47.6228021559784],[-122.242542243307,47.6228578230528],[-122.242507120078,47.6229871976096],[-122.242458516729,47.6230645106156],[-122.242439617074,47.6231243182089],[-122.242442790822,47.6231969095766],[-122.242409329476,47.6232985166151],[-122.242386531132,47.6233926477772],[-122.242352451745,47.6234714126925],[-122.242326919828,47.6235092687312],[-122.242296252243,47.6235357626139],[-122.242288145846,47.6235929885797],[-122.242291813667,47.6237284110873],[-122.242305100648,47.6239069667876],[-122.242298627388,47.624024561987],[-122.242306415782,47.6241338191787],[-122.242328605068,47.6242845189424],[-122.242364036419,47.6243893533571],[-122.242425971665,47.6244922283173],[-122.242490752773,47.6245665051792],[-122.242592577709,47.6246713341848],[-122.242728897053,47.6248018509736],[-122.242864289336,47.6248981021287],[-122.243062043565,47.6250237772025],[-122.243070477847,47.6250677404606],[-122.243177326162,47.6252688037973],[-122.243218702564,47.6254592529756],[-122.2432226821,47.6256060977169],[-122.243225654626,47.6257602987214],[-122.243199168698,47.6258520267101],[-122.243196286902,47.6259238774744],[-122.243165152193,47.6260221910962],[-122.243159813505,47.6260924402537],[-122.243157839008,47.6262332186008],[-122.243173566712,47.6263646372144],[-122.243176025401,47.6264553445989],[-122.24317780137,47.6265208756716],[-122.243184369852,47.6266653150949],[-122.243185994006,47.6267252408647],[-122.243158452557,47.626750105126],[-122.24305208574,47.6267498986756],[-122.24305188272,47.6268315082699],[-122.243057815194,47.6268722382492],[-122.243096740992,47.6268831819095],[-122.24316463117,47.6268937659452],[-122.243175257341,47.6269295410839],[-122.243169564718,47.6269867373012],[-122.243159840455,47.6270733612415],[-122.24313401928,47.6270930804579],[-122.24312357367,47.6271438184622],[-122.243125762864,47.6272245865119],[-122.243119955256,47.6273010147864],[-122.243095066533,47.6273519299768],[-122.243049633339,47.6274166619837],[-122.243017612891,47.6274823444165],[-122.242985148675,47.6275317113782],[-122.242953121938,47.6275663309448],[-122.242916834492,47.6275945784794],[-122.24288648491,47.6276275306882],[-122.242858662289,47.627675273788],[-122.24283458744,47.6277669729887],[-122.242812486189,47.6278423252555],[-122.242792300146,47.6279323459593],[-122.242781285902,47.6280106130452],[-122.242663346987,47.6280021627072],[-122.242652034503,47.6280309131032],[-122.242713139705,47.6280546803436],[-122.242748827974,47.6281073728909],[-122.242720969421,47.6281949115641],[-122.242644240719,47.6282639820977],[-122.242445778618,47.6283032252886],[-122.242338572774,47.6285887653686],[-122.242312523427,47.6286938545015],[-122.242250288145,47.6288207009838],[-122.242210147824,47.6288904511617],[-122.242185475595,47.6289493554908],[-122.242179136184,47.6290062570895],[-122.242177304519,47.6291161692021],[-122.242162233484,47.6292550675167],[-122.242112925856,47.6293258184408],[-122.242096034834,47.6293810747691],[-122.242099959573,47.6294289706429],[-122.242119494338,47.6294713458776],[-122.242113444184,47.6295388982122],[-122.242106626869,47.6296517217494],[-122.242124241934,47.629840637244],[-122.242127521683,47.6300101778079],[-122.242097132575,47.6301490610334],[-122.242053903847,47.6302987554663],[-122.242013250589,47.6304466442168],[-122.241938265517,47.6306244517212],[-122.241908975049,47.6307187319328],[-122.241906222611,47.6308111032134],[-122.241922045536,47.6309103477949],[-122.241954825959,47.6310537756115],[-122.241958854903,47.6311540537134],[-122.241947456181,47.6312181205476],[-122.241912421885,47.6312824803043],[-122.241887986811,47.6313502597344],[-122.24187923183,47.6315119594768],[-122.241859135619,47.631545946216],[-122.241839136426,47.6315834840359],[-122.241811259007,47.631621118688],[-122.241749097386,47.6316538510305],[-122.241737139013,47.6317942808407],[-122.2417422648,47.6318865545723],[-122.241733066052,47.6319834458711],[-122.241783922375,47.6321152344329],[-122.241797199475,47.6321561994136],[-122.241774428081,47.6322140618642],[-122.24176359889,47.6322635508774],[-122.241748788366,47.6323215258065],[-122.2417349067,47.632390950471],[-122.241720949575,47.6324861748841],[-122.24171034137,47.6325438868404],[-122.241700847974,47.6326427140663],[-122.241679189593,47.6327416918393],[-122.241661781141,47.6327949444588],[-122.241639394226,47.6328413897983],[-122.241630909638,47.6329160749122],[-122.241635314077,47.6329817219822],[-122.241604193741,47.6330451455066],[-122.241547618743,47.6330902382654],[-122.241525954073,47.6331633103658],[-122.241557677179,47.6332676856721],[-122.241607111469,47.6333469811275],[-122.241611419789,47.6334090784938],[-122.241601678458,47.6334747485531],[-122.241590848369,47.6335242369778],[-122.241563221581,47.6335694897401],[-122.241534870751,47.6336382057019],[-122.241531300846,47.6337003995775],[-122.241535801405,47.6337695972218],[-122.241545169935,47.6338245286246],[-122.241559983154,47.6338864958798],[-122.241550776321,47.633934554094],[-122.241502319398,47.6339884253686],[-122.24143528801,47.63403542293],[-122.241421877061,47.6340737664873],[-122.241428235336,47.6341145295647],[-122.241451878995,47.6341630700257],[-122.241502747894,47.6342467867331],[-122.241546786005,47.6343208227315],[-122.241575210497,47.6344003787001],[-122.24159298636,47.6344747389414],[-122.241600594192,47.6345616549552],[-122.241602901065,47.6346468613586],[-122.241618388021,47.6347336796273],[-122.241632345145,47.6348125267278],[-122.241634604408,47.6348959578889],[-122.241644116669,47.6349562150233],[-122.241656640981,47.635030639244],[-122.241659284722,47.6351282710844],[-122.241656819745,47.6352312937949],[-122.241661753293,47.6353164676295],[-122.241663527466,47.6353603750148],[-122.241665733728,47.6354149712107],[-122.241768186586,47.6355078723243],[-122.241782489562,47.6355894397933],[-122.241749202489,47.6356838478507],[-122.241744231212,47.6357230564148],[-122.241738379587,47.6357692158612],[-122.241728852953,47.6359025130193],[-122.241727148849,47.6359851052833],[-122.241756614489,47.6360060493299],[-122.241778250412,47.6360288662248],[-122.241781790673,47.6360625612895],[-122.241774584388,47.6360875106959],[-122.241754774739,47.636132148657],[-122.241739294072,47.636190116873],[-122.241758608749,47.6362334757127],[-122.241817745742,47.6362586296343],[-122.24183676667,47.6362910921277],[-122.241813249674,47.6363159058343],[-122.241767125676,47.6363246514327],[-122.241777023314,47.6363715948358],[-122.241807161791,47.636417391126],[-122.241837061317,47.6364543116583],[-122.241859370977,47.6365019801104],[-122.24185283753,47.6365517810362],[-122.241825149657,47.6365965160559],[-122.241829602605,47.6366639381183],[-122.241802368381,47.6366776986634],[-122.241785330035,47.6367424796509],[-122.241768577353,47.6368178419787],[-122.241748837773,47.6368985333369],[-122.241739568956,47.6369610998337],[-122.241728419965,47.6370120467742],[-122.241720516587,47.6370567335807],[-122.24172035489,47.6371190571602],[-122.241720336026,47.6371762168037],[-122.241724914739,47.637229615625],[-122.241732465977,47.6372771550452],[-122.241716161555,47.6373112294359],[-122.241677995732,47.6373476911218],[-122.241639887401,47.6373862689221],[-122.241625492796,47.6374330225171],[-122.241616223979,47.6374955889791],[-122.241598033993,47.6375757320986],[-122.241572488601,47.6376734312143],[-122.241558724615,47.6377434643577],[-122.241557369057,47.6378091089951],[-122.241567117574,47.6378799088685],[-122.241586358589,47.6379542962389],[-122.241613845241,47.6380439302949],[-122.241646228608,47.6381409136825],[-122.241702839539,47.6382651181328],[-122.241729380264,47.6383198317468],[-122.241757399616,47.6383713536002],[-122.241790703757,47.638444508504],[-122.241813349387,47.6385289095932],[-122.241822955072,47.6385944182643],[-122.241835042803,47.6386937697274],[-122.241837823089,47.6387964113407],[-122.241845065306,47.6388872297069],[-122.2418473084,47.6389153766981],[-122.241887708333,47.6389907625244],[-122.241938248449,47.6390705189954],[-122.241984279023,47.6391326210604],[-122.242041882592,47.6391755053381],[-122.242087581687,47.6392253491117],[-122.242149770257,47.6392886131325],[-122.24215479723,47.6393253355251],[-122.242125343268,47.6393543115143],[-122.242035216194,47.6393758625171],[-122.241979304153,47.6395096885668],[-122.24196499399,47.6395596167606],[-122.241963539618,47.6396215578458],[-122.24199321187,47.6396762337227],[-122.242032048734,47.6397223273334],[-122.242088567139,47.6397851398222],[-122.242141840828,47.6398437570769],[-122.242169517024,47.6398825799862],[-122.242192840882,47.6399341590101],[-122.242204313267,47.6400107587541],[-122.242197546258,47.6400500082563],[-122.242185651665,47.6400734425785],[-122.242168943899,47.6400927029361],[-122.242147484045,47.6401099047579],[-122.242121582921,47.6401366874142],[-122.242100609954,47.6401718778754],[-122.242086386029,47.6402249806842],[-122.242080592794,47.6403002060403],[-122.242073119709,47.6403712198295],[-122.242061364355,47.6404576345579],[-122.242040889055,47.6405690321205],[-122.242016793544,47.6406624797039],[-122.241994465918,47.6407633149733],[-122.241978672637,47.6408741253845],[-122.241967321525,47.6409176649422],[-122.241909880551,47.6411099666931],[-122.241891805549,47.6411943435029],[-122.241879691767,47.6412675307695],[-122.241849516459,47.6414256233647],[-122.241844582911,47.6415325938433],[-122.24183342853,47.6416412291562],[-122.241819805579,47.6417165529451],[-122.241812216611,47.6417833328858],[-122.241801621881,47.6419126030993],[-122.24178541268,47.6420080704184],[-122.241781513093,47.6420954459951],[-122.241773637563,47.6421516439026],[-122.241751914503,47.6422170142717],[-122.241728223234,47.6422675868868],[-122.241698069485,47.6423108299231],[-122.241666091257,47.642344568751],[-122.2416465529,47.6423749781026],[-122.24163949843,47.6424036449361],[-122.241640444356,47.6424385639311],[-122.241662375825,47.6424965112298],[-122.241690310736,47.6425448580944],[-122.241695939579,47.6425791893041],[-122.241690592807,47.6426131282941],[-122.241648795993,47.6427485263359],[-122.241604989648,47.6428430739784],[-122.241551363819,47.6429472792451],[-122.241471944663,47.6430667919691],[-122.241390400992,47.6431822432863],[-122.2413178261,47.6432567108664],[-122.24128735255,47.6432812749342],[-122.241240474866,47.6433432485263],[-122.241158463172,47.6433802525288],[-122.241169132462,47.6434272246962],[-122.241113251862,47.6434459100565],[-122.240999222415,47.6434772732188],[-122.24094917188,47.6434901537772],[-122.24092165828,47.6435163790975],[-122.240875977151,47.6435335253211],[-122.240845321244,47.6435582496452],[-122.240804002334,47.6435836312388],[-122.240671221453,47.6436651945739],[-122.240626530268,47.6436922102368],[-122.240505867661,47.6438059037979],[-122.240414726389,47.6439107656315],[-122.240365672984,47.6440082253359],[-122.240329134908,47.6441050021642],[-122.240301302406,47.6441762667916],[-122.240269970067,47.6443497208168],[-122.240269692488,47.6443973572514],[-122.240272690166,47.6444502463587],[-122.240281041803,47.6445274150457],[-122.240302218687,47.6449627325466],[-122.24030914919,47.6450452118387],[-122.240312290598,47.6451033916741],[-122.2403182617,47.6451504209978],[-122.240338254605,47.6451946318037],[-122.240369436925,47.645247172712],[-122.240373313156,47.6452746457021],[-122.240360394484,47.6453182051956],[-122.240333525873,47.6453672278899],[-122.240317703846,47.6454192917191],[-122.240308590438,47.6454876785988],[-122.240306975267,47.6455437996269],[-122.24030730405,47.6455559352692],[-122.240307920295,47.6455787189437],[-122.240382023221,47.6456266126812],[-122.240417353062,47.6456656860853],[-122.240422673784,47.6457133049793],[-122.240369032683,47.6457425782132],[-122.240323857306,47.645786732839],[-122.240288575075,47.6458239548],[-122.240212283853,47.6458357968528],[-122.240147164978,47.6458134399603],[-122.240002671863,47.6458174809175],[-122.239941236979,47.645826686092],[-122.239763983203,47.6458532437072],[-122.239477179879,47.6457895694387],[-122.239413658209,47.6457575395171],[-122.239364173613,47.6457232200795],[-122.239303898454,47.6456953842012],[-122.239245046227,47.6456622388248],[-122.239173410074,47.6456197236017],[-122.239106499959,47.6455782087531],[-122.239014708306,47.6455433529829],[-122.238886429782,47.6454914817339],[-122.238705750731,47.6454132644315],[-122.238686416291,47.6453933917469],[-122.238660190874,47.6453503158796],[-122.238629267269,47.6453072986823],[-122.238548915662,47.6452320762996],[-122.23845145564,47.6451613009145],[-122.238371047439,47.6450839624934],[-122.238269341081,47.6449719566334],[-122.238170509332,47.6448503881105],[-122.238116835892,47.6447769540929],[-122.238034116325,47.6444979970884],[-122.23797731046,47.6444246019147],[-122.237960824578,47.64439410842],[-122.237955440975,47.6443687707961],[-122.237962526886,47.6443411611546],[-122.237971221679,47.6443151208412],[-122.237964271414,47.644289801941],[-122.237947899618,47.6442635406955],[-122.237911256439,47.6442407056087],[-122.237899467847,47.6442101545103],[-122.237887592119,47.6441764283865],[-122.237856155576,47.6441143637886],[-122.237815752948,47.6440682873679],[-122.237786910739,47.6440442968192],[-122.237741274526,47.6440363919615],[-122.237705289812,47.6440378947379],[-122.237547083016,47.6438636026468],[-122.237303025126,47.6436422067073],[-122.237239511541,47.6434942687524],[-122.237155245076,47.6435058928444],[-122.237073955627,47.6433957507462],[-122.236956739856,47.6432892271145],[-122.236914302543,47.643225710713],[-122.236890952634,47.6431730721442],[-122.23685971911,47.6431184144525],[-122.236819060462,47.6430628143491],[-122.236759612652,47.6430074453874],[-122.236682971086,47.6429533479735],[-122.236618655305,47.6428916886433],[-122.236523181459,47.6428362347666],[-122.236468603415,47.6427871576463],[-122.236424786291,47.6427305379641],[-122.236313551502,47.6426133546548],[-122.236287228169,47.642566574828],[-122.236279596083,47.6425158602701],[-122.236267836237,47.6424863667349],[-122.236223790941,47.642421281168],[-122.236151619392,47.6423586594746],[-122.236071418702,47.6422887281464],[-122.235793440427,47.6420867975972],[-122.235736003945,47.6420478104876],[-122.235666766294,47.6419777437725],[-122.235560943855,47.6418869555939],[-122.235460048676,47.6418045760237],[-122.23536178556,47.6417036392657],[-122.235319168585,47.6416914615711],[-122.235190230697,47.6415565020203],[-122.235142374747,47.641524277032],[-122.234967155656,47.6415317265127],[-122.234848197153,47.6414183421302],[-122.234632886251,47.6412166987408],[-122.23443740476,47.6409952292414],[-122.234294009386,47.64084668458],[-122.23423991823,47.640757375517],[-122.234060352191,47.6405452360711],[-122.234043612984,47.6405052188572],[-122.23403435854,47.6404524062564],[-122.233886836305,47.6402668647649],[-122.233891517426,47.6402080597458],[-122.233885195982,47.6401478014045],[-122.233849240014,47.6400921430597],[-122.233781458533,47.6400178216814],[-122.233735668708,47.6400040947007],[-122.233703756956,47.6399822588736],[-122.233691829125,47.6399464157999],[-122.23368610506,47.6399083797941],[-122.233664925481,47.6398779435853],[-122.233616673374,47.6398309040674],[-122.233572121427,47.6398049886136],[-122.233519998479,47.6397886933938],[-122.233453983984,47.639779978639],[-122.233400836059,47.6397838076112],[-122.233278796334,47.6396138296652],[-122.23309395988,47.6394964892557],[-122.233052298712,47.6394615416618],[-122.233063769299,47.6394222354266],[-122.233038035261,47.639397147793],[-122.232997499683,47.6394039971394],[-122.232974895375,47.6393788707591],[-122.232982240899,47.6393607861979],[-122.232934046284,47.6393158622761],[-122.232824076324,47.639378848969],[-122.232664779871,47.63920379381],[-122.232778879387,47.6391757541091],[-122.232761519444,47.6391238220618],[-122.232590808997,47.639132194336],[-122.232511986323,47.6391130510492],[-122.232503786501,47.6390993922278],[-122.232501941361,47.6390676735569],[-122.23245788798,47.6390124740774],[-122.232386369507,47.6390241415366],[-122.232282375139,47.6389613293434],[-122.232236441584,47.6388642923977],[-122.232212632636,47.6388139949199],[-122.232249696226,47.6387944865287],[-122.232207324491,47.6387330843794],[-122.2322055602,47.6385510408039],[-122.232258678481,47.6385461543002],[-122.23228324381,47.6385278575994],[-122.232298074996,47.6384969787244],[-122.232284895812,47.6384727949505],[-122.23225802271,47.6384635975595],[-122.23222799203,47.6384533820678],[-122.232228732242,47.6383644575109],[-122.23223332982,47.6383024780125],[-122.232250750848,47.6382514554579],[-122.232252516038,47.6382006247318],[-122.232251803674,47.6381741703629],[-122.232272270889,47.6381199347791],[-122.232243890414,47.6381128740165],[-122.232204693325,47.63811123851],[-122.23220510655,47.6378937096482],[-122.232228562461,47.6378923622565],[-122.232232433301,47.637861617382],[-122.232265197555,47.6378569814071],[-122.232277210725,47.6378377807551],[-122.232279658634,47.63781234613],[-122.232232604879,47.6378097487953],[-122.232232120688,47.6376753233815],[-122.232210088607,47.6376713598782],[-122.232207770055,47.6372940279032],[-122.232165470185,47.6372934897878],[-122.232162495863,47.6372411291296],[-122.23220943643,47.6372394942012],[-122.23220900973,47.6372236218948],[-122.232299899474,47.6372256805372],[-122.232316209286,47.6371333895997],[-122.232271719324,47.6370513711659],[-122.232207814073,47.6370627418574],[-122.232167250646,47.6370103149895],[-122.232115814909,47.636961196683],[-122.232049291069,47.6369334342204],[-122.231951669351,47.6369139923162],[-122.231918820656,47.6369154547419],[-122.23188326893,47.6368746085008],[-122.231695994448,47.636957356003],[-122.231648797861,47.6369494682323],[-122.231632003857,47.6369655518744],[-122.23170726561,47.6370270801889],[-122.231693601336,47.6370431256728],[-122.231532915189,47.6370080511393],[-122.231503822351,47.6370327537341],[-122.231490044889,47.6370445669091],[-122.23149363276,47.6370614598173],[-122.231522211763,47.637075927256],[-122.231551501333,47.6371168496083],[-122.23156322794,47.6371452856789],[-122.231556038723,47.637227408683],[-122.231551255194,47.6373407289192],[-122.231555194307,47.6373951069528],[-122.231556235454,47.6374094707923],[-122.231565088351,47.6374474692726],[-122.231576161884,47.6374515665647],[-122.231576929943,47.6374801368302],[-122.231603573076,47.6374808686404],[-122.231605335571,47.6376046927151],[-122.231578735557,47.6376055486101],[-122.231574691342,47.6376881629994],[-122.231545712589,47.6377170987364],[-122.231593251434,47.6377376849623],[-122.231589916888,47.6379049712029],[-122.231572952203,47.637914706196],[-122.231576506837,47.6381051952469],[-122.231668934497,47.638106177035],[-122.231668748545,47.6382739535936],[-122.231560718946,47.6382752803956],[-122.231556932547,47.6383674173878],[-122.231565187166,47.6383831937107],[-122.231598464357,47.6384142312393],[-122.231655309749,47.6384149012966],[-122.231655117509,47.6385246537997],[-122.231631638243,47.6385249419177],[-122.231629920664,47.6384818767294],[-122.231586297575,47.6384816557984],[-122.231584802779,47.6385508398477],[-122.231616687581,47.6385512036268],[-122.231618790537,47.6385878393759],[-122.231506436448,47.6385895971359],[-122.231508468437,47.6386235877461],[-122.23161748798,47.6386226271527],[-122.231630155124,47.638760815016],[-122.23165540497,47.6387679150348],[-122.231658932654,47.6388991265973],[-122.23149755211,47.6389039725139],[-122.231502085009,47.6389477594592],[-122.231663025379,47.6389435152002],[-122.231667150442,47.639013763333],[-122.231549794534,47.639016716515],[-122.231552954807,47.6390510706229],[-122.231671448881,47.6390488601262],[-122.231700518364,47.6397556495876],[-122.231291383362,47.6398468470041],[-122.231226737001,47.6398551997936],[-122.231128306799,47.6398548959458],[-122.231038454609,47.6398408808115],[-122.230946244342,47.6398223594018],[-122.230864768044,47.6397870767034],[-122.23079654549,47.6397455832463],[-122.230745929915,47.6396932916259],[-122.230715579435,47.6396460419105],[-122.230615733488,47.6394265444117],[-122.230554265366,47.6393033305408],[-122.230541541628,47.6392460382466],[-122.230537233308,47.639168988867],[-122.230543031035,47.6390517527778],[-122.230547469611,47.6388838885294],[-122.230549957944,47.6386434811647],[-122.230317362558,47.6386448236948],[-122.230298370376,47.638770535928],[-122.230237792485,47.6387637209999],[-122.230163135298,47.6390654860616],[-122.230122025696,47.6392005404186],[-122.230049531652,47.6392498073351],[-122.229866087587,47.6392490343905],[-122.22986706136,47.6392853052711],[-122.229998993333,47.6392836867493],[-122.23012845943,47.639440082697],[-122.230400967863,47.6398419025153],[-122.230260130891,47.6398451425507],[-122.230263990053,47.6399055670861],[-122.230438410542,47.6399034268373],[-122.230540170799,47.6400276573614],[-122.230451313943,47.6400506692136],[-122.230467656993,47.6400761699342],[-122.230579140615,47.6400627068675],[-122.230679886674,47.6401491553961],[-122.230800923879,47.6401582526207],[-122.230990298622,47.6404628241219],[-122.231138150538,47.6404708360473],[-122.231241053452,47.6405542333577],[-122.2313890482,47.6405675340865],[-122.231529277013,47.6406247722734],[-122.231616568105,47.6407098737634],[-122.231721138293,47.6408552339202],[-122.231658565243,47.6408575151563],[-122.231652751347,47.6408908457653],[-122.231764602379,47.6408909831599],[-122.231722132728,47.6409754099548],[-122.23171107267,47.6410632309147],[-122.231807716123,47.6411633348626],[-122.231865409524,47.6413122956461],[-122.231887871898,47.6413989472891],[-122.231928541325,47.6414883412016],[-122.231937800261,47.6415086959446],[-122.232021526839,47.6416743280585],[-122.232064968468,47.6417889574943],[-122.232087314959,47.6418118390468],[-122.232086880174,47.6418120067016],[-122.232119073997,47.6418443567995],[-122.232170099204,47.6420780590157],[-122.232267884416,47.6423036287045],[-122.232267254697,47.6423633543641],[-122.23226892197,47.6424253181508],[-122.232301936853,47.6424884082231],[-122.232328365289,47.6425561144098],[-122.232352313476,47.6426147806063],[-122.23238394675,47.642626487207],[-122.23241856872,47.6426661239147],[-122.232459471709,47.6427729593054],[-122.232493422637,47.642953958054],[-122.232528552155,47.64301248702],[-122.232536847198,47.6430713445642],[-122.232513508967,47.6431184979752],[-122.232470369172,47.6431779884769],[-122.232444956731,47.643231213514],[-122.232448616468,47.6432840814082],[-122.232436113716,47.6434014006009],[-122.23241932061,47.6435255749938],[-122.232437699242,47.6436266401718],[-122.232458964161,47.6437518580501],[-122.232463640791,47.6438425092323],[-122.232485495903,47.6439896412496],[-122.232479193323,47.644171135698],[-122.232468378506,47.6442680241909],[-122.232460164311,47.6443784864282],[-122.232472201735,47.6444932358164],[-122.232465268538,47.6447344538848],[-122.232479459225,47.644929302254],[-122.232501660189,47.6450061313131],[-122.232508857491,47.6451073340363],[-122.232515872435,47.6453680340306],[-122.232542790452,47.6453707266128],[-122.232465391607,47.6454873312087],[-122.232448740435,47.645616794396],[-122.232415580923,47.6456315644903],[-122.232393663827,47.6456484637002],[-122.232276760669,47.6462924167819],[-122.23226328055,47.646373463889],[-122.232258034389,47.6464279535609],[-122.232261613277,47.6464777988879],[-122.232253845544,47.6465217362317],[-122.232241687745,47.6465687521744],[-122.23217518277,47.6468828332247],[-122.232094023577,47.647323865253],[-122.232054387212,47.6476487207007],[-122.232070078085,47.6478169985697],[-122.232064667532,47.6478924986393],[-122.232059390828,47.6479730270447],[-122.232050395099,47.6480536019248],[-122.232038490625,47.6481643853737],[-122.232029832662,47.6482575264648],[-122.232024421211,47.6483330277131],[-122.231985192681,47.6483963714811],[-122.231935684729,47.6484925307688],[-122.231904302084,47.6485708651002],[-122.231849110491,47.6487324697962],[-122.23182719609,47.64888612206],[-122.231825977975,47.6489791735093],[-122.231828816651,47.6490847463176],[-122.231835579168,47.6491978151081],[-122.231835509998,47.6493335979119],[-122.23181366297,47.6494897646748],[-122.231848155582,47.6495270578268],[-122.231846801821,47.6496150816633],[-122.231827524873,47.6497284700406],[-122.231799590861,47.6497967048299],[-122.231735673932,47.649910641086],[-122.231700298276,47.649978966411],[-122.23163376725,47.6500615473154],[-122.23161027361,47.6500907091843],[-122.231558151561,47.6501664964415],[-122.231490978239,47.6502536943753],[-122.231441315777,47.6503115434419],[-122.231460611589,47.6503752914729],[-122.231443490598,47.6504058074975],[-122.231337149831,47.6503707455659],[-122.231198157999,47.6505408325378],[-122.231144349812,47.650623138421],[-122.230887636456,47.6508755566828],[-122.230825467649,47.6509351509074],[-122.230825147849,47.6509702729746],[-122.230796329894,47.6509827480532],[-122.230735844529,47.6510619754741],[-122.230754545657,47.6510969098613],[-122.230661897012,47.6511541129108],[-122.230613349359,47.6512118326897],[-122.230592311713,47.651259865891],[-122.230640668025,47.6513975694972],[-122.230667519567,47.6514274138236],[-122.230723657984,47.6514392975709],[-122.230754365096,47.6514741233857],[-122.230738871852,47.6515899791129],[-122.230698761176,47.6516206451071],[-122.23062476515,47.6516366401184],[-122.230550632579,47.6516476082445],[-122.230535410627,47.6517735191404],[-122.230534458412,47.6518766240048],[-122.230473987421,47.6519804596676],[-122.230385717164,47.6520192596393],[-122.230166769882,47.6520420616741],[-122.230044276508,47.6520536215352],[-122.229858608214,47.6520684715023],[-122.229699047656,47.6520855150718],[-122.229591164482,47.652086837287],[-122.229456160271,47.6520482606598],[-122.229323525816,47.6519593652949],[-122.229242164503,47.6518396677757],[-122.22904386859,47.6518217478892],[-122.229003969019,47.6517555635281],[-122.229001570517,47.6516661902114],[-122.229188710252,47.651536610703],[-122.229212495844,47.6514276570901],[-122.229199110048,47.6513448423406],[-122.229171922536,47.651302430381],[-122.229117125303,47.6512566447179],[-122.229001021646,47.6511809885433],[-122.228929908313,47.6511422200214],[-122.228871914875,47.6511065927744],[-122.228806580404,47.6510402241481],[-122.228749506841,47.6509781592337],[-122.228685416537,47.6508974605743],[-122.22861152202,47.6508157814512],[-122.228548884292,47.6507284579798],[-122.228513522111,47.6506859474855],[-122.22847739187,47.6506148170056],[-122.228434716504,47.6505426649343],[-122.228408567445,47.6504791192281],[-122.228403566524,47.6504142142728],[-122.228400431403,47.6503580948468],[-122.228364242772,47.6502847629763],[-122.228334835523,47.6502212575017],[-122.228304838979,47.6501357357944],[-122.228271731569,47.6500557596002],[-122.22826705494,47.6500029627062],[-122.228274315124,47.6499698400335],[-122.228296501715,47.6499464440395],[-122.228280599738,47.6499003915231],[-122.228259337513,47.6498367857299],[-122.228242609984,47.6497599117324],[-122.228241989248,47.6497367958334],[-122.228261154805,47.6497222465731],[-122.228309907274,47.6497172449235],[-122.228337453214,47.6497114014954],[-122.228355165296,47.6497034769199],[-122.228368586126,47.6496570647237],[-122.228371937741,47.6495997650241],[-122.22836841904,47.6495293356584],[-122.228363507052,47.6494677318983],[-122.22837594782,47.6494455581094],[-122.228386700654,47.6494212014857],[-122.228366921548,47.6493520723777],[-122.228350724025,47.6492950113838],[-122.228342997616,47.6492499604474],[-122.228358195314,47.6492090318644],[-122.228368771179,47.6491780709483],[-122.228360719579,47.6491209099117],[-122.228330988937,47.6490452966359],[-122.228281710055,47.6489699222924],[-122.228265453244,47.6489106604842],[-122.228270433504,47.6488533412054],[-122.228251900361,47.6487698814974],[-122.228212956597,47.6487153022825],[-122.228189145852,47.6486781550026],[-122.2281570742,47.6486367055229],[-122.228149612793,47.6486015601],[-122.228124533627,47.6485170808763],[-122.228105374358,47.6484710676463],[-122.228106323878,47.6484457301846],[-122.228113879607,47.6484236146638],[-122.228109763527,47.6483917328099],[-122.228101446924,47.6483246653859],[-122.228094310707,47.6483016287349],[-122.228108617277,47.6482882398041],[-122.228089045681,47.6482268167385],[-122.228032665618,47.6480689444349],[-122.228014604989,47.64800309785],[-122.227985529218,47.6478911381914],[-122.227962847655,47.6478352587323],[-122.22794836861,47.6477814804079],[-122.227940731133,47.6477397306509],[-122.227918078317,47.6476849518593],[-122.227889205565,47.6476412599886],[-122.227898211176,47.6476125203813],[-122.227949955034,47.6475975717124],[-122.227950285614,47.6475491187752],[-122.227878197609,47.6475345858507],[-122.227861464691,47.6475182730709],[-122.227795997269,47.6473252759463],[-122.227789900404,47.6472802039449],[-122.22781587519,47.647276583707],[-122.227801314398,47.6471589397579],[-122.227811654006,47.6471191727122],[-122.22780037476,47.6470631538385],[-122.227789951608,47.647039056336],[-122.22777298333,47.6470139384693],[-122.22776276679,47.6469975462467],[-122.227754061217,47.6469767312757],[-122.227754864311,47.6469458894696],[-122.227749151026,47.6469151281359],[-122.227703526491,47.6467328988317],[-122.227667548964,47.646667272064],[-122.227643237857,47.646611411267],[-122.227624999362,47.6465389601445],[-122.227600521169,47.6464467141028],[-122.227579165519,47.6464095882069],[-122.227570318012,47.646322707637],[-122.227569638886,47.6462973891046],[-122.227578999331,47.6462818590673],[-122.22758160714,47.6462576020366],[-122.227575746531,47.6462213359966],[-122.227575215627,47.6462015229291],[-122.227586723046,47.6460229986096],[-122.227602320494,47.6458146939462],[-122.227602887331,47.6457750469183],[-122.227572622191,47.6457401809908],[-122.227561550455,47.6456918667386],[-122.227575916313,47.6456806794872],[-122.227603281691,47.645668231587],[-122.22761422407,47.6455293551101],[-122.227616426739,47.6455107715649],[-122.227622196618,47.6454620891331],[-122.227623618651,47.6453566693831],[-122.22757414214,47.6453512134073],[-122.227562081359,47.6453195402916],[-122.227527969633,47.6453017737072],[-122.227556176733,47.645266576413],[-122.227636425932,47.6452489254062],[-122.227644822485,47.6451512925048],[-122.227616777082,47.6451384232498],[-122.227668893742,47.6448944345516],[-122.22766646829,47.6448647341648],[-122.227678583869,47.6448304504536],[-122.227683682706,47.644777533286],[-122.227688780645,47.6447246172754],[-122.227692044225,47.6446640143271],[-122.227689558586,47.6446321120219],[-122.227682040586,47.6445947663519],[-122.227649586251,47.644539006226],[-122.227624357066,47.6445095840386],[-122.227590776244,47.6444725572326],[-122.227572061642,47.6444430557237],[-122.227544818434,47.644399344195],[-122.227538752111,47.6443553729893],[-122.227552202586,47.6443100617829],[-122.227562570941,47.6442713958905],[-122.227571487619,47.6442393529335],[-122.227570956714,47.6442195403248],[-122.227582034738,47.644207291195],[-122.227610703572,47.6441827154581],[-122.227626491463,47.6441638027969],[-122.22763585101,47.6441482727304],[-122.227632121205,47.6441307000249],[-122.227605497835,47.6441101048187],[-122.227582281775,47.6440949729745],[-122.227576982613,47.6440796220344],[-122.227581396935,47.6440619500487],[-122.227603786545,47.6440462607776],[-122.227609770223,47.64402636639],[-122.227593605938,47.6439704065377],[-122.227501847523,47.6437689218853],[-122.227468420313,47.6436768367848],[-122.227440912102,47.6436232175913],[-122.227416019786,47.6434847805233],[-122.227373481862,47.6432959064849],[-122.227312057758,47.6430103638451],[-122.227300632984,47.6429488419714],[-122.227297498762,47.6428927229974],[-122.227293598277,47.6428079833655],[-122.227282054027,47.6427420563089],[-122.227284250408,47.6427023893968],[-122.227288310793,47.6426715069366],[-122.227293563243,47.6425635322707],[-122.227316101075,47.6425533466323],[-122.227317169172,47.6425324118678],[-122.227304055565,47.6424687063151],[-122.227310930372,47.642421273905],[-122.22731039857,47.6424014606067],[-122.227293167086,47.6423664350636],[-122.227291066825,47.6423488411804],[-122.227292105277,47.6423268059968],[-122.227299068119,47.6422826750772],[-122.227301587893,47.6422551163842],[-122.227307312856,47.6421647529663],[-122.227295409281,47.6421461791186],[-122.227277228278,47.6421364921233],[-122.227197294387,47.6418897161437],[-122.227206399711,47.6417431544125],[-122.22719091545,47.6417125134865],[-122.227143154721,47.6416327156547],[-122.227140800237,47.6414840910964],[-122.227212024063,47.641466702703],[-122.227214484548,47.6414369410522],[-122.227140659202,47.6414180255811],[-122.227143061297,47.6413860625835],[-122.22721961303,47.6413851256459],[-122.227215802377,47.6413036888814],[-122.227166672616,47.6412943806212],[-122.227160795837,47.6411358887627],[-122.227214396513,47.6411297272184],[-122.227188998445,47.6410331385615],[-122.227172863805,47.6409782801052],[-122.227515380643,47.6409311417097],[-122.227489036649,47.6407993287761],[-122.227117027221,47.6408402203701],[-122.227095506282,47.6407667080834],[-122.227083336805,47.6407382279836],[-122.227066194254,47.6407065054655],[-122.227034333706,47.6406727607375],[-122.226979199606,47.6406216811817],[-122.226924328712,47.6405805109943],[-122.226814649805,47.6405003688524],[-122.226751989619,47.6404725065854],[-122.226649622999,47.6404220060753],[-122.226489422841,47.640341381896],[-122.226508349446,47.640318026379],[-122.226480336382,47.6403062563129],[-122.226505747925,47.6402817205044],[-122.226516558251,47.6402595658161],[-122.226501664184,47.6402509395091],[-122.226483541571,47.6402434535296],[-122.226460001219,47.6402162133436],[-122.226353309211,47.6401866864308],[-122.22637543292,47.640161089526],[-122.226410674727,47.6401386363877],[-122.226477010819,47.6401213074684],[-122.226542189881,47.6401216113147],[-122.226574144753,47.6400980965129],[-122.226623160428,47.6400424405362],[-122.22662402281,47.6400138002496],[-122.226649676,47.6399375085943],[-122.226663456156,47.6398437437609],[-122.226668702318,47.6397963307573],[-122.226682123148,47.6397499188369],[-122.226693412276,47.6396848135182],[-122.226658766951,47.6396687210287],[-122.226698871338,47.6395845439176],[-122.226722388334,47.6395501217641],[-122.226794425135,47.6393807664962],[-122.226803584358,47.6392969690377],[-122.226797519831,47.6392529977741],[-122.226779344218,47.6391827475418],[-122.226732508754,47.6390765113031],[-122.226738492432,47.6390566180493],[-122.226726649942,47.6390402457251],[-122.226693780585,47.6390296369114],[-122.226667810291,47.6390332577209],[-122.226592005057,47.639001152233],[-122.226499074341,47.6390595476228],[-122.226471652369,47.6390697932603],[-122.226413379554,47.6390231573445],[-122.226353920964,47.6389930535265],[-122.226170423898,47.6388939943802],[-122.226151086763,47.6389019387543],[-122.22625874985,47.6389677907594],[-122.226400283914,47.6390816780034],[-122.226396194783,47.6391114585492],[-122.22646453322,47.639168982209],[-122.226485648121,47.6391665211302],[-122.226545813685,47.6392230435931],[-122.226382268201,47.6394430691453],[-122.2263654724,47.6394851178833],[-122.226378915688,47.639500369092],[-122.226322581439,47.6395869462647],[-122.226327938991,47.639604499314],[-122.226245066711,47.6397343450889],[-122.226192888068,47.6397327810558],[-122.226151279002,47.6397608186419],[-122.226105255615,47.6398065278282],[-122.226072260495,47.6398520783927],[-122.226061478915,47.6398753336425],[-122.226034468371,47.6399009900041],[-122.225973196082,47.6399248632167],[-122.225911303956,47.6399256204142],[-122.225836324274,47.639924335418],[-122.225817015885,47.6399333800229],[-122.225781324022,47.639999885028],[-122.225784160902,47.6400449959961],[-122.225645172663,47.6401480005388],[-122.225617955506,47.6401659504572],[-122.22556417876,47.6401655073989],[-122.225487953115,47.640178552197],[-122.225429406315,47.640182571195],[-122.225383478149,47.6401710202065],[-122.225321497988,47.6401684744371],[-122.225215335087,47.6401587616537],[-122.225122586729,47.6401631982901],[-122.225026668217,47.6401709778375],[-122.224923940474,47.640167828613],[-122.22485230522,47.6401698054278],[-122.224771399352,47.6401906146375],[-122.22469378042,47.640212484878],[-122.22458983546,47.6402247658133],[-122.224489531372,47.6402513178029],[-122.224410519153,47.6402820134549],[-122.224330054358,47.6403193343657],[-122.22423960928,47.6403490682055],[-122.224152247221,47.6403721586011],[-122.224051677231,47.6403888028787],[-122.223952707142,47.6404043261943],[-122.223881544401,47.6404239144852],[-122.223740873618,47.6404641726579],[-122.223600144444,47.6405022276275],[-122.223490419723,47.6405421068429],[-122.223393813999,47.6405851291749],[-122.223306919064,47.6406258314883],[-122.223249726024,47.6406804845247],[-122.223215245989,47.6407315573651],[-122.223190333011,47.6407748059097],[-122.223151320975,47.6408391472385],[-122.223115536586,47.6409023487789],[-122.223077536052,47.6409435550284],[-122.223031303358,47.640981556991],[-122.222985009578,47.641017358802],[-122.222919378664,47.6410611034238],[-122.222871308914,47.6410914209176],[-122.222838046096,47.6411270628647],[-122.222829009044,47.6411547014418],[-122.222828645227,47.6412020545025],[-122.222837935603,47.6412448850293],[-122.222804702429,47.6412816278361],[-122.222764071629,47.6412854264354],[-122.222753082538,47.6413009767212],[-122.222758351157,47.6413152275143],[-122.222765218778,47.6413283567613],[-122.222717856003,47.6413850923568],[-122.222690960443,47.6414151518234],[-122.222676537093,47.6414241362498],[-122.222669598506,47.6414693676446],[-122.222686199372,47.6415418397197],[-122.222698100253,47.6415604137822],[-122.222658534854,47.6417260657054],[-122.222669806915,47.6417820854609],[-122.222661387006,47.641832838862],[-122.222636972593,47.641894800857],[-122.222620291776,47.641941252029],[-122.22259371961,47.6419834192011],[-122.222581453115,47.6420121982206],[-122.222572651422,47.6420486420999],[-122.222588193174,47.6420814871448],[-122.222590439861,47.6421045834324],[-122.222587741322,47.6421255383416],[-122.22255989265,47.6421809330532],[-122.222519367851,47.642249698215],[-122.222497740012,47.6422940071049],[-122.222493530506,47.6423193844709],[-122.222499621982,47.6423644565162],[-122.222500815843,47.6424701522437],[-122.222481857798,47.6424924058599],[-122.222504180034,47.6425350779655],[-122.222546763772,47.6425433673799],[-122.222592753921,47.6425571209294],[-122.222624699809,47.6425941690661],[-122.222633903049,47.6426336980651],[-122.222623059486,47.6426547520218],[-122.222599038535,47.6426704610786],[-122.222594740995,47.6426925354579],[-122.222597339821,47.6427288414728],[-122.222598133931,47.6427585618365],[-122.22257123927,47.6427886205128],[-122.222518104819,47.6428123925412],[-122.222497636706,47.6428390691056],[-122.222494485416,47.6429040748656],[-122.222497349245,47.6429502872815],[-122.222496367386,47.6429745240594],[-122.222492244119,47.6430032038791],[-122.22247259976,47.6430607008601],[-122.222451089601,47.6431094133708],[-122.222440981757,47.6431579860266],[-122.222432501661,47.6432065392697],[-122.222412268906,47.6432420230178],[-122.222382761944,47.6432963380173],[-122.222370790096,47.6433361243148],[-122.222366550048,47.6433604008591],[-122.222369237807,47.6434000091691],[-122.222368167914,47.643420943586],[-122.222357411486,47.6434452999817],[-122.222327022379,47.6434665920729],[-122.222316579463,47.6435636186549],[-122.222287965427,47.643590395304],[-122.222275159044,47.6436599224115],[-122.222249438481,47.6437340110422],[-122.222244440255,47.6438518932972],[-122.222252778417,47.6439200619261],[-122.222251372554,47.6439894499979],[-122.222230126499,47.6440480685876],[-122.22222932071,47.6440789102891],[-122.222236600657,47.6441074515111],[-122.222253948024,47.644146880108],[-122.222288830504,47.6441717802622],[-122.222274393679,47.6442413277786],[-122.222267279022,47.6442799543538],[-122.222267149665,47.644336113598],[-122.222276616111,47.644385548765],[-122.222274329001,47.6444219135202],[-122.222260522793,47.6444540150716],[-122.222246361751,47.6444729076555],[-122.222248960577,47.6445092124331],[-122.22226746677,47.6445310094497],[-122.222279456584,47.644552885741],[-122.222285226463,47.644585849045],[-122.222272112857,47.6447049313413],[-122.222264620907,47.6448514732641],[-122.222258416244,47.644924223283],[-122.222252812553,47.6449584264391],[-122.222254341486,47.6450156658674],[-122.222267038274,47.645063960773],[-122.222273277074,47.6451145366841],[-122.22228010427,47.645187127771],[-122.222277610546,47.6452157888247],[-122.222266766084,47.6452368417407],[-122.222248337146,47.6452789094188],[-122.222237347157,47.6452944597264],[-122.222219899179,47.6453122910708],[-122.22218243494,47.6453127480053],[-122.222183022439,47.6453347625627],[-122.222201410054,47.6453521563258],[-122.222144758699,47.645488286229],[-122.222112227109,47.645551447648],[-122.222020943005,47.6457331460715],[-122.221976409025,47.6458349937454],[-122.221964995031,47.6458956945887],[-122.221934192698,47.6459015753612],[-122.221929982294,47.6459269527901],[-122.221956102608,47.6459288367908],[-122.221945511471,47.6460203599241],[-122.221947775225,47.6461051197634],[-122.221929996667,47.6462936289974],[-122.221903904202,47.6462928458686],[-122.221892489309,47.6463535479954],[-122.221899739612,47.6463809877229],[-122.221906961169,47.6464073265797],[-122.221879963201,47.6464946445668],[-122.221852623874,47.6465081919139],[-122.221832270744,47.6465392712158],[-122.221832710919,47.6465557834112],[-122.221851129975,47.6465742770155],[-122.221848724287,47.6466062398646],[-122.221848991087,47.64663181364],[-122.221841931227,47.6466569746593],[-122.221838359525,47.6466895238922],[-122.22183901799,47.6467141928601],[-122.221832997481,47.6467495779996],[-122.221806686725,47.6468016525548],[-122.221797942524,47.6468402984184],[-122.221800453315,47.6468733020372],[-122.221777870567,47.6469429476292],[-122.221760893307,47.6469783913174],[-122.221742550607,47.6470237613335],[-122.221722286411,47.6470581434616],[-122.221705044147,47.6470836794939],[-122.221688535807,47.6471367347293],[-122.221652938268,47.6472682036601],[-122.221615536012,47.6473930872184],[-122.221623138455,47.6474337358126],[-122.22161299917,47.6474812084552],[-122.221588229923,47.6475299598119],[-122.22150565229,47.6475496858339],[-122.221490037774,47.64757520226],[-122.221497082362,47.6475949367376],[-122.221533860288,47.6476297245685],[-122.221491364586,47.6477469625897],[-122.221450249593,47.6479159367057],[-122.221425873808,47.6479184354987],[-122.221336752847,47.6480593656547],[-122.221322079765,47.6481201062755],[-122.221312587268,47.6481917957065],[-122.221301082544,47.6482491943844],[-122.221262222323,47.6482584771982],[-122.221239257791,47.6483138133611],[-122.221217362254,47.6483482152161],[-122.221202116946,47.6483588953637],[-122.221188568554,47.6483683863385],[-122.221175743307,47.648376250599],[-122.221177841772,47.6483938430574],[-122.221191167381,47.6484046914345],[-122.221214952973,47.6484163083822],[-122.221191273382,47.6484412748858],[-122.221179982457,47.648474315619],[-122.221146483382,47.64850103468],[-122.221098113595,47.6485203433703],[-122.221066120995,47.6485427559905],[-122.221029095134,47.6485597244587],[-122.220988515537,47.6485657247556],[-122.220964756895,47.6485913399337],[-122.220976688318,47.6486110153255],[-122.220965873501,47.648633169498],[-122.220949905946,47.6486454762916],[-122.220930534676,47.6486523195842],[-122.220619184886,47.6491978677576],[-122.220605669733,47.6492409767618],[-122.220595322937,47.6492807434023],[-122.220581925463,47.6493282555174],[-122.220564798184,47.6493581942217],[-122.220529459359,47.6493773434369],[-122.220508546579,47.6493875089846],[-122.220500842627,47.6494041201317],[-122.220504599382,47.6494227924611],[-122.220518306775,47.6494479515308],[-122.220505921702,47.6494723275073],[-122.220482073228,47.6494946404723],[-122.220451414626,47.6495060254001],[-122.220428962133,47.6495195120551],[-122.220321682627,47.6496518536822],[-122.220301972692,47.6497071502437],[-122.220275130133,47.6497394095196],[-122.22025640475,47.649770468744],[-122.220224910715,47.649811594774],[-122.220209558507,47.6498470183608],[-122.220194325774,47.6498868438454],[-122.220154481,47.6499203629492],[-122.220101778639,47.6499606452718],[-122.220034651131,47.6500099129337],[-122.219999488376,47.6500356665895],[-122.219921925139,47.6501213978445],[-122.219889901996,47.650142709],[-122.219837082854,47.6501785892542],[-122.219794449709,47.650229759921],[-122.219764729846,47.6502763694936],[-122.219663156439,47.6503172458021],[-122.219649933238,47.6503713628217],[-122.219624837003,47.6504080054107],[-122.219557473239,47.650448466482],[-122.21949819521,47.6504866255263],[-122.219458291146,47.6505179427057],[-122.219444040273,47.6505335326038],[-122.219439739139,47.6505556072913],[-122.219479190451,47.650568340263],[-122.219479777051,47.6505903556309],[-122.219417212087,47.6506274549543],[-122.219365491584,47.6506435004973],[-122.219323900485,47.6506726360198],[-122.219319982034,47.6507137086916],[-122.219285080688,47.6507446814054],[-122.219256783757,47.6507835652005],[-122.21920998153,47.6508006521548],[-122.219152038398,47.6508277845517],[-122.219117402056,47.6508733521327],[-122.219030796377,47.6509867208341],[-122.218982055587,47.6510533818133],[-122.218968596129,47.6510986920113],[-122.219059721231,47.6511548415037],[-122.219004522452,47.6512237836569],[-122.218972145373,47.6512318853085],[-122.218926678941,47.6512379439973],[-122.218905939536,47.6512547131031],[-122.218924388237,47.6512743094282],[-122.218923316547,47.651295243715],[-122.21885970774,47.6513543775532],[-122.218800475525,47.6513330753641],[-122.218767863985,47.6513306178842],[-122.218736389713,47.6513357476692],[-122.218711262936,47.6513430154186],[-122.218677425196,47.6513637572429],[-122.218650494602,47.6513921583276],[-122.21864712053,47.6514127791043],[-122.218651550122,47.6514317865685],[-122.218683433128,47.6514574299928],[-122.218657921873,47.6514885940949],[-122.218621779954,47.6515163258276],[-122.218595477282,47.6515178326248],[-122.218560207628,47.6515123288814],[-122.218523560856,47.651521080408],[-122.218475445292,47.6515608253428],[-122.218486675132,47.6515867954786],[-122.218478275884,47.6516011372621],[-122.218455484727,47.6516026010921],[-122.218432630688,47.6516016921741],[-122.21838206452,47.6516153610398],[-122.218336955618,47.6516360821812],[-122.218320158021,47.6516647663223],[-122.218300132776,47.6517041692453],[-122.21824265048,47.6517520549456],[-122.21818159738,47.6518029160564],[-122.218124408832,47.6518320914762],[-122.218087792603,47.6518420296202],[-122.218061932801,47.6518601443534],[-122.218048520055,47.651884039937],[-122.218044041954,47.6519137611431],[-122.218046871647,47.65195407279],[-122.218045811635,47.6519801921983],[-122.21802355767,47.6520018227112],[-122.217988949175,47.6520212299543],[-122.217950894743,47.6520430522774],[-122.217895282739,47.6520650882033],[-122.217842122237,47.6521132011025],[-122.217788183794,47.6521981089939],[-122.21774890945,47.6522401190242],[-122.21770869996,47.6523129936964],[-122.217669236969,47.6523478860979],[-122.217622592846,47.6523769329258],[-122.217558264489,47.6524014473201],[-122.217498048619,47.6524484591804],[-122.217326606045,47.6525343910079],[-122.217291809803,47.6525518313888],[-122.217278334175,47.6525733545574],[-122.217187796571,47.6526029349818],[-122.217129274025,47.6526475515707],[-122.217052813021,47.6526781473545],[-122.21694105182,47.6527020516406],[-122.216866536567,47.6527397430918],[-122.21679001358,47.6527679655216],[-122.216688532699,47.6527822519143],[-122.216562534997,47.6527992081129],[-122.216494411258,47.6528130884587],[-122.216449173896,47.6528290649511],[-122.216405818506,47.6528497644317],[-122.216366039308,47.6528727942355],[-122.216336192783,47.6528731567046],[-122.216277813968,47.6528572516303],[-122.216130652856,47.6528709062495],[-122.216027194783,47.6528769084715],[-122.215985185967,47.6528821657858],[-122.215960858691,47.6528919542645],[-122.21593230574,47.6529409529071],[-122.215909819112,47.6529414267183],[-122.215895671544,47.6529158160942],[-122.21587699557,47.6528887452945],[-122.215838809983,47.6528876923795],[-122.215775984507,47.6528884548352],[-122.215708833643,47.6528953356946],[-122.215671213097,47.6529155074814],[-122.215646692683,47.6529218721671],[-122.215621890198,47.6529176229921],[-122.215489789343,47.6529298422437],[-122.215398076742,47.6529415713427],[-122.215276911977,47.6529430417914],[-122.215230519382,47.6529709034582],[-122.215170419395,47.6529898310842],[-122.215103187682,47.6529936796624],[-122.215013315729,47.6529902207831],[-122.214884691354,47.652984535053]]]},"properties":{"OBJECTID":13,"SD_BASIN_ID":4,"BASIN":" ","TYPE":" ","BASIN_NO":0,"SYMBOL":0,"SysChangeUser":"gisdba_cobgis","SysCreateDate":"Fri, 02 Oct 2026 19:14:30 GMT","SysChangeDate":"Fri, 02 Oct 2026 19:14:30 GMT","SysCreateUser":"gisdba_cobgis"}},{"type":"Feature","id":14,"geometry":{"type":"Polygon","coordinates":[[[-122.175174525879,47.6226310813754],[-122.175203532479,47.6226664089592],[-122.175221155629,47.622735463185],[-122.175223648453,47.6227911291195],[-122.175211351416,47.6228876685484],[-122.17520265752,47.6233354415725],[-122.175203916958,47.6237091047373],[-122.175219017638,47.6239453365454],[-122.175262359554,47.6240666582492],[-122.175294694413,47.624112332728],[-122.175311677063,47.6241360527082],[-122.175316937597,47.6241625293205],[-122.17532375581,47.6242232565557],[-122.175288067716,47.624336748114],[-122.175258046023,47.6244509869501],[-122.175233724742,47.6245658437962],[-122.175215131431,47.624681188684],[-122.175202287168,47.6247968910922],[-122.175195206526,47.6249128200943],[-122.175193897556,47.6250288445061],[-122.175198361776,47.6251448330348],[-122.175228896513,47.6252331360814],[-122.175254855303,47.6253221056092],[-122.175276206512,47.6254116332757],[-122.175292924114,47.6255016100581],[-122.175304987728,47.6255919263862],[-122.175312382638,47.6256824722756],[-122.175315099816,47.6257731374621],[-122.175313135927,47.6258638115354],[-122.175292344105,47.6259249308548],[-122.175279804278,47.6259870700182],[-122.175275619015,47.6260497209171],[-122.175279822568,47.6261123712564],[-122.175292380594,47.6261745087439],[-122.175313190437,47.6262356252792],[-122.17534208196,47.6262952211085],[-122.175378818944,47.626352808911],[-122.175431058673,47.6263565238352],[-122.175509058491,47.6263620695822],[-122.175609097576,47.6263691809726],[-122.175662073024,47.6263729473573],[-122.175742625854,47.6263786735209],[-122.175839731042,47.6263855772463],[-122.175906819024,47.6263903468283],[-122.175996981132,47.6263967559155],[-122.176042626328,47.6264000010226],[-122.176095716762,47.6264037758812],[-122.176150810438,47.6264076918046],[-122.176200419001,47.6264112190417],[-122.176257409919,47.6264152699756],[-122.176293994708,47.6264178709038],[-122.176343663458,47.6264214011673],[-122.176401417046,47.6264255071946],[-122.176454941366,47.6264293117173],[-122.17650058746,47.6264325568224],[-122.1765269602,47.6264344312338],[-122.176567347557,47.6264373021829],[-122.176599542279,47.6264391451118],[-122.17663628517,47.6264422582326],[-122.176651950891,47.6264435847295],[-122.176671133515,47.62644759207],[-122.176708209682,47.626455334912],[-122.176722547692,47.6264583269458],[-122.176726847927,47.6264603981209],[-122.176760055948,47.6264763711708],[-122.176778628617,47.6264853060992],[-122.176814131834,47.6264852110467],[-122.176814660043,47.6264852092304],[-122.176872180069,47.6264850566623],[-122.176872708278,47.6264850548459],[-122.176890249681,47.6264850076224],[-122.17689077789,47.6264850064115],[-122.176935134004,47.6264848883528],[-122.176935662214,47.6264848865365],[-122.177022257112,47.6264846558679],[-122.17702278622,47.6264846540517],[-122.177058464608,47.6264845596046],[-122.177058992817,47.6264845577884],[-122.177063039728,47.6264845468906],[-122.177063568835,47.6264845450743],[-122.177069600124,47.6264845299386],[-122.177070128333,47.6264845281223],[-122.177076508169,47.6264845111703],[-122.177077036378,47.626484509354],[-122.1770791043,47.6264845039051],[-122.177079632509,47.6264845020889],[-122.177081788466,47.62648449664],[-122.177082316675,47.6264844948237],[-122.177088033554,47.6264844802934],[-122.177088562661,47.6264844784771],[-122.177097984192,47.6264844536545],[-122.177098512401,47.6264844518382],[-122.177099305614,47.6264844500219],[-122.177099833823,47.6264844482056],[-122.177105069205,47.6264844348862],[-122.177105597414,47.6264844330699],[-122.177108583414,47.6264844251993],[-122.177109111623,47.6264844203558],[-122.177110821117,47.6264844899802],[-122.177122267451,47.6264849549501],[-122.177134836678,47.6264854653271],[-122.17714513227,47.6264858836788],[-122.17715530569,47.6264862959763],[-122.177164782018,47.6264866804239],[-122.177172371884,47.6264869885875],[-122.177182196758,47.6264873869601],[-122.177189236855,47.6264876727227],[-122.177196186222,47.6264879548528],[-122.177203031385,47.6264882333503],[-122.177208673703,47.6264884628081],[-122.177213326976,47.626488651702],[-122.177217262495,47.62648881093],[-122.177221486374,47.6264889822665],[-122.177226381294,47.6264891808474],[-122.177228766321,47.6264892777161],[-122.17723281952,47.6264894423929],[-122.177236298695,47.6264895840634],[-122.177240659117,47.6264897608487],[-122.177243703508,47.6264898843563],[-122.177245239627,47.6264899461101],[-122.177245912465,47.6264900090748],[-122.177247286887,47.6264901368203],[-122.177248354086,47.6264902361108],[-122.177249099688,47.6264903051297],[-122.177249376369,47.6264903305577],[-122.177249992613,47.6264903880735],[-122.177250444465,47.6264904298482],[-122.177250894521,47.6264904722282],[-122.1772510661,47.6264904879694],[-122.177251167609,47.6264904994725],[-122.177251245763,47.6264905031051],[-122.177251288882,47.626490504316],[-122.177251487409,47.6264905261114],[-122.177251959923,47.6264905709132],[-122.177252691152,47.6264906387213],[-122.177253844589,47.6264907458823],[-122.177255101332,47.6264908621247],[-122.177257321069,47.6264910691816],[-122.177259805809,47.6264912998502],[-122.177261871036,47.6264914911659],[-122.177263461952,47.6264916401015],[-122.177266147017,47.6264918889329],[-122.177271318618,47.6264923690384],[-122.177275729346,47.6264927795195],[-122.177277824217,47.6264929744678],[-122.177286923253,47.6264938196471],[-122.177293271647,47.6264944093353],[-122.17729950865,47.6264949887312],[-122.177304273314,47.6264954306946],[-122.177310485164,47.6264960082741],[-122.177316817389,47.626496596146],[-122.177324429712,47.6264972887571],[-122.177331428487,47.6264978530171],[-122.177340567048,47.6264985880083],[-122.177348572834,47.6264992327905],[-122.177354402002,47.6264997019982],[-122.177362798555,47.6265003782626],[-122.177370020111,47.6265009594748],[-122.17737847775,47.6265016054677],[-122.177386687453,47.6265021727549],[-122.177392520214,47.6265025759708],[-122.177401070379,47.6265031668697],[-122.177408251511,47.6265036621109],[-122.177415523374,47.6265041646171],[-122.177421711868,47.6265045920502],[-122.177426038154,47.6265048905268],[-122.177427587748,47.6265049970823],[-122.177428075533,47.6265050273537],[-122.177429732027,47.6265033600017],[-122.177431028295,47.6265020522745],[-122.177433491476,47.6264995669874],[-122.177434050228,47.6264990033328],[-122.177434243366,47.6264988077791],[-122.177434553285,47.6264984947722],[-122.177434634133,47.6264984136447],[-122.177434758101,47.6264982883208],[-122.177434960221,47.6264980842912],[-122.177435353684,47.626497687735],[-122.177435599822,47.6264974389035],[-122.177435677975,47.6264973608031],[-122.177438515753,47.6264944971226],[-122.177440299808,47.6264926977865],[-122.177442126082,47.6264908524379],[-122.177442755801,47.6264872810099],[-122.177443772694,47.6264815015805],[-122.177444736587,47.6264760200217],[-122.177445182151,47.6264734869044],[-122.177446005008,47.6264688232803],[-122.17744880326,47.6264666037752],[-122.177456622196,47.6264604072024],[-122.177465902691,47.6264530524417],[-122.177471878285,47.6264483173749],[-122.177478821363,47.6264428146227],[-122.177485804867,47.6264372809929],[-122.177493906772,47.6264308604074],[-122.177505817534,47.626421420541],[-122.17751456443,47.6264144889706],[-122.177527503764,47.6264042347974],[-122.177534577997,47.6263986285119],[-122.177542449035,47.6263923907617],[-122.177547385278,47.6263884784696],[-122.177553854046,47.626383351078],[-122.177559206208,47.6263791112473],[-122.177563872058,47.6263754126712],[-122.177569373341,47.6263710529645],[-122.177571668536,47.6263692360668],[-122.177579692288,47.6263657784515],[-122.177592372009,47.6263603150435],[-122.177601123396,47.6263565450253],[-122.177605770381,47.6263545434707],[-122.177613861507,47.6263510573992],[-122.177622222127,47.6263474556901],[-122.17763509768,47.6263419081253],[-122.177644977352,47.6263376513391],[-122.177654097947,47.6263337226963],[-122.177665707774,47.626328721229],[-122.17767144711,47.6263262480423],[-122.17768113005,47.6263220766207],[-122.177691908037,47.6263174335676],[-122.177700211165,47.6263138560735],[-122.177712384236,47.6263086112209],[-122.177724542035,47.6263033736329],[-122.177733449729,47.6262995358022],[-122.177742276575,47.6262957336918],[-122.17774766467,47.6262934118614],[-122.177757332339,47.6262892470969],[-122.177768085173,47.6262846143333],[-122.17778218513,47.6262785400362],[-122.177793599124,47.6262736221132],[-122.177805503598,47.6262684934995],[-122.177816003107,47.6262639697118],[-122.177824363727,47.6262603679967],[-122.177831679607,47.6262572167229],[-122.177841811705,47.626252850952],[-122.177854067421,47.6262475715837],[-122.177864354927,47.6262431392144],[-122.177881859499,47.6262355973445],[-122.177890823787,47.6262317346861],[-122.177903913139,47.6262260962942],[-122.177915016316,47.6262213127723],[-122.177943943865,47.626208849943],[-122.177981044286,47.6261928665191],[-122.178026863755,47.6261731251674],[-122.178083494449,47.6261487280262],[-122.178130947954,47.6261282837495],[-122.178162919893,47.6261145095286],[-122.178212561694,47.6260931219724],[-122.178243912898,47.6260796147387],[-122.178284442188,47.6260621540155],[-122.178312823561,47.6260499260568],[-122.178351490645,47.6260332669191],[-122.178407205057,47.6260092632454],[-122.178433062164,47.6259981226358],[-122.178461090499,47.6259864474245],[-122.178488209739,47.6259751512131],[-122.178523389562,47.6259604960432],[-122.178567771727,47.6259420078558],[-122.17860230117,47.6259276239119],[-122.17863832002,47.625912619392],[-122.178661542368,47.6259029457337],[-122.178696912634,47.6258882118368],[-122.178733313268,47.6258730480758],[-122.178786178224,47.6258510259231],[-122.178820856787,47.6258365801996],[-122.178862986876,47.6258190297904],[-122.178912335826,47.625798472168],[-122.178969095877,47.6257748280164],[-122.179013135784,47.6257564814358],[-122.179024592897,47.6257517087688],[-122.17903857248,47.625745885061],[-122.179052743403,47.6257399826456],[-122.179077159613,47.6257298076525],[-122.179077007797,47.6257116759868],[-122.17907678771,47.6256859872295],[-122.179076615234,47.6256659992727],[-122.179076454435,47.625646616142],[-122.179094650709,47.6256421298378],[-122.179135188983,47.6256321400901],[-122.179178789614,47.6256213953575],[-122.179224373725,47.6256101614275],[-122.179263660645,47.6256004798425],[-122.179297168704,47.6255922216446],[-122.179327745559,47.625584686946],[-122.179379496605,47.6255719333537],[-122.179440072699,47.62555700199],[-122.179439671152,47.6255426687972],[-122.179438666836,47.6255071439671],[-122.17941827418,47.6255066565873],[-122.179418267892,47.6254943782472],[-122.179418263401,47.6254796175957],[-122.179448156638,47.6254795201196],[-122.179448682153,47.6254795140653],[-122.179448547406,47.6254673180587],[-122.179448280606,47.625443541771],[-122.179448248267,47.6254406968013],[-122.179448215029,47.6254376944167],[-122.179448157537,47.6254326008366],[-122.179448128791,47.6254299387097],[-122.179448106333,47.6254279867658],[-122.179448079383,47.6254255601555],[-122.179448065909,47.6254243704625],[-122.179448052434,47.6254231795586],[-122.179448044349,47.6254224185184],[-122.179448039857,47.6254219710969],[-122.179448035366,47.6254217210494],[-122.179448033569,47.6254214673694],[-122.179448031773,47.6254213190361],[-122.179448029078,47.6254210871519],[-122.179448027281,47.6254209479003],[-122.179448025484,47.6254208134923],[-122.179448022789,47.625420670608],[-122.1794480174,47.6254206354924],[-122.179448020094,47.6254205386217],[-122.179448018298,47.6254203261117],[-122.179448014705,47.6254200385268],[-122.179448005721,47.6254190861669],[-122.179448003925,47.6254189632622],[-122.179447984162,47.6254170888144],[-122.179447971585,47.6254160153661],[-122.179447955416,47.6254145156867],[-122.179447935653,47.6254126963339],[-122.179447916788,47.6254110537702],[-122.179447898822,47.6254094832539],[-122.179447884449,47.6254082699483],[-122.179447861991,47.6254061987315],[-122.179447840431,47.6254043067254],[-122.179447818872,47.6254023777874],[-122.179447800906,47.6254007709443],[-122.179447777549,47.6253986664279],[-122.17944776138,47.6253971661426],[-122.179447712871,47.6253928820346],[-122.179447685023,47.625390420307],[-122.179447653582,47.6253876734161],[-122.179447616751,47.6253843882869],[-122.17944758531,47.6253815330215],[-122.179447545784,47.6253781050075],[-122.179447524224,47.62537614398],[-122.17944748919,47.625373038061],[-122.179447468529,47.6253711442374],[-122.179447442478,47.6253688235769],[-122.179447420918,47.6253668952429],[-122.179447401155,47.6253652193784],[-122.179447362528,47.6253617562477],[-122.179447341866,47.6253598987503],[-122.179447301442,47.6253563308777],[-122.179447266408,47.6253532249575],[-122.179447231374,47.625350047595],[-122.179447216102,47.6253485836348],[-122.179447200831,47.625347336423],[-122.179447163102,47.6253439435225],[-122.179447118186,47.6253399790839],[-122.179447070575,47.625335660461],[-122.179447037338,47.6253327337506],[-122.179446996015,47.6253290217808],[-122.179446962777,47.6253261677232],[-122.179446928641,47.6253230230529],[-122.1794468972,47.6253202422537],[-122.179446879234,47.625318705034],[-122.179446864861,47.6253173851685],[-122.179446848691,47.6253159914387],[-122.179446819945,47.6253133844012],[-122.179446801979,47.6253118169092],[-122.179446779521,47.6253098171309],[-122.17944674269,47.6253064956702],[-122.179446713944,47.6253039612854],[-122.179446693283,47.6253021043913],[-122.179446681605,47.6253008571785],[-122.179445519185,47.6253001463882],[-122.179443746809,47.6252990620395],[-122.179440681757,47.6252971863765],[-122.179439237266,47.6252963030349],[-122.179437133412,47.625295016468],[-122.179434033325,47.6252931202198],[-122.179429626191,47.6252904229702],[-122.179427710084,47.6252892520429],[-122.179424555201,47.6252873218896],[-122.17942275318,47.6252862187719],[-122.179421225146,47.6252852839674],[-122.179419288378,47.6252840991148],[-122.179417635478,47.6252830874189],[-122.179415445386,47.6252817481782],[-122.179413172648,47.6252803568694],[-122.179410678026,47.625278831152],[-122.179409070042,47.6252778473065],[-122.17940874575,47.625277648721],[-122.179408461883,47.6252774755642],[-122.179408360373,47.6252774186525],[-122.179408300186,47.6252773756661],[-122.179408194185,47.625277311489],[-122.179408012725,47.6252772012983],[-122.179407304853,47.6252767671954],[-122.179404020612,47.6252747583341],[-122.179398511244,47.6252713872248],[-122.179390197336,47.6252663014992],[-122.179384591849,47.6252628716614],[-122.179380343716,47.625260272492],[-122.179373288348,47.6252559562842],[-122.179365164883,47.6252509861969],[-122.179361103599,47.6252485026667],[-122.179354520745,47.6252444746492],[-122.179345671441,47.6252390607704],[-122.179332777922,47.6252311724417],[-122.179321765475,47.6252244344555],[-122.179314062421,47.6252197222843],[-122.179302157049,47.6252124387914],[-122.179290853547,47.6252055234076],[-122.179285360349,47.6252021625864],[-122.179274904858,47.6251957654616],[-122.179264494282,47.6251893961865],[-122.179258913947,47.6251859826906],[-122.179248984869,47.6251799082658],[-122.179237419059,47.6251728324348],[-122.179226813549,47.6251663438843],[-122.179218033415,47.6251609717731],[-122.179212568065,47.6251576279016],[-122.179199001708,47.625149327858],[-122.179185164059,47.6251408619212],[-122.179171467446,47.6251324831671],[-122.179160576272,47.6251258196379],[-122.17915584754,47.6251229268208],[-122.179140775606,47.6251137058894],[-122.179127104146,47.6251053416617],[-122.179113372498,47.6250969411058],[-122.179101599178,47.6250897369091],[-122.179088119059,47.6250814907395],[-122.179078042656,47.6250753254856],[-122.179066431931,47.62506822179],[-122.179057096639,47.6250625112245],[-122.179049930778,47.6250581265851],[-122.179030872121,47.6250464669054],[-122.179020742718,47.6250402689533],[-122.179010517195,47.6250340134831],[-122.1789999566,47.6250275527659],[-122.178989798451,47.6250213372536],[-122.178976807914,47.6250133901637],[-122.178961044277,47.625003744795],[-122.17894765399,47.6249955524965],[-122.178933236928,47.6249867323484],[-122.178920107151,47.6249787010962],[-122.178906784237,47.6249705487533],[-122.178897156094,47.6249646589647],[-122.178883503499,47.6249563062167],[-122.178874169104,47.6249505950335],[-122.178862953638,47.6249437334998],[-122.178850205646,47.6249359335218],[-122.178836170368,47.6249273470664],[-122.17882834155,47.6249225573712],[-122.178808510342,47.6249104242012],[-122.178799613427,47.6249049812264],[-122.178783281157,47.624894988916],[-122.178776469232,47.6248908210128],[-122.178762503125,47.6248822763259],[-122.178751496966,47.6248755425328],[-122.178728504586,47.6248614761558],[-122.178719845725,47.6248561784834],[-122.178711782447,47.6248512452904],[-122.178699131473,47.624843505238],[-122.178689085613,47.6248373593305],[-122.178675968413,47.6248293335043],[-122.178666005199,47.6248232384528],[-122.178660947684,47.6248201440044],[-122.17864427046,47.6248099403762],[-122.178636594356,47.6248052445148],[-122.178628854472,47.6248005086934],[-122.178610684248,47.6247893926495],[-122.178597832052,47.6247815290763],[-122.178577912809,47.6247693425941],[-122.178570277129,47.6247646703416],[-122.178555663336,47.6247557296702],[-122.178543603453,47.6247483504516],[-122.178534962558,47.6247430648767],[-122.17851631533,47.624731655783],[-122.178506744678,47.6247258004782],[-122.178501520077,47.6247226037031],[-122.178489039783,47.6247149683745],[-122.178480059325,47.6247094733106],[-122.178475398865,47.6247066222465],[-122.17846703016,47.6247015025607],[-122.178456685161,47.6246951737905],[-122.178449338739,47.6246906783228],[-122.178431899744,47.6246800096835],[-122.178421862867,47.6246738686003],[-122.178405108389,47.6246636183238],[-122.178392355905,47.6246558158822],[-122.178355456707,47.6246332398345],[-122.178261799253,47.6245759393261],[-122.178186574331,47.6245299140901],[-122.178127250488,47.6244936184362],[-122.178052128873,47.6244476567003],[-122.178000569169,47.6244161125878],[-122.177977707045,47.6244021235852],[-122.177963929583,47.6243936938546],[-122.177963628648,47.6243753473946],[-122.177963477731,47.6243659162389],[-122.178013892083,47.6243657394463],[-122.178107150684,47.6243654131066],[-122.178179757915,47.6243651594213],[-122.178232564481,47.6243649747579],[-122.178366342491,47.6243645073474],[-122.178525607503,47.6243639503297],[-122.178640918846,47.6243635464919],[-122.178801568162,47.6243629840251],[-122.178987664952,47.6243623325566],[-122.179093323898,47.6243619620187],[-122.179216522449,47.6243615309355],[-122.179318187485,47.624361174323],[-122.179442677813,47.6243607377907],[-122.179529396679,47.6243604332473],[-122.179584391541,47.6243602407129],[-122.179588979237,47.6243602225493],[-122.179596330151,47.6243568071829],[-122.179636371657,47.6243381961265],[-122.179664127802,47.6243252944992],[-122.179694289636,47.6243112751995],[-122.179703239552,47.6243071120935],[-122.179704588821,47.6242929789634],[-122.179707573024,47.6242616466668],[-122.179710878825,47.6242269346985],[-122.179713182105,47.6242027509803],[-122.179714441543,47.6241895151079],[-122.179716117799,47.6241719132875],[-122.17971631453,47.6241696646229],[-122.179716372023,47.6241690161793],[-122.179716434006,47.6241683622865],[-122.179716519346,47.6241673935565],[-122.179716580432,47.6241667808348],[-122.17971667745,47.6241657818318],[-122.179716759197,47.6241650383315],[-122.179716814892,47.6241644268206],[-122.179716847231,47.6241641174325],[-122.179716897537,47.6241635816036],[-122.179716967606,47.6241629234726],[-122.179717042166,47.6241621406176],[-122.179717113133,47.6241613959062],[-122.179717176913,47.6241607196115],[-122.179717224524,47.6241602304028],[-122.179717255067,47.6241599143545],[-122.179717283813,47.6241596067827],[-122.179717300881,47.6241594318058],[-122.179717332322,47.6241590951721],[-122.179717362864,47.6241587651983],[-122.179717388017,47.6241585024303],[-122.179717406882,47.6241583032352],[-122.179717421255,47.6241581700347],[-122.179717433831,47.6241580325961],[-122.179717446408,47.6241579006066],[-122.179717458086,47.6241577637735],[-122.179717471561,47.6241576378386],[-122.179717485035,47.6241574979781],[-122.179717495815,47.6241573684105],[-122.179717513781,47.6241571867736],[-122.179717529053,47.6241570335931],[-122.179717542527,47.6241568900999],[-122.179717557799,47.6241567254158],[-122.179717574867,47.6241565516498],[-122.179717587443,47.6241564123948],[-122.179717609003,47.624156187165],[-122.179717627867,47.624155992208],[-122.179717644037,47.6241558214694],[-122.179717662902,47.6241556295397],[-122.179717683563,47.6241554073372],[-122.179717702428,47.6241552099584],[-122.179717718597,47.6241550289269],[-122.179717734767,47.6241548666646],[-122.179717752733,47.6241546759458],[-122.179717777886,47.6241544198377],[-122.179717806632,47.6241541092386],[-122.179717822802,47.6241539445544],[-122.179717840768,47.6241537592848],[-122.179717856938,47.6241535800697],[-122.179717869514,47.6241534480802],[-122.179717879396,47.6241533493908],[-122.179717887481,47.6241532628105],[-122.179717900955,47.6241531211337],[-122.179717920718,47.624152908013],[-122.179717951261,47.6241525943866],[-122.179717974617,47.6241523261694],[-122.179718003363,47.6241519689501],[-122.179718041991,47.6241514706594],[-122.179718070737,47.6241510989091],[-122.17971810128,47.6241507198934],[-122.179718120144,47.6241504867926],[-122.179718150687,47.6241501011169],[-122.179718178535,47.6241497457139],[-122.179718202789,47.6241494405639],[-122.179718217162,47.6241492492396],[-122.17971823962,47.6241489755733],[-122.179718268366,47.6241486050339],[-122.179718295316,47.6241482623455],[-122.17971831418,47.6241480383266],[-122.179718322265,47.6241479166298],[-122.17971833574,47.6241477519456],[-122.17971835191,47.6241475533559],[-122.179718369876,47.6241473208606],[-122.179718380656,47.6241471882657],[-122.179718395927,47.6241469933086],[-122.179718413893,47.6241467626297],[-122.17971843186,47.6241465319508],[-122.179718445334,47.6241463684775],[-122.179718457911,47.6241462116643],[-122.179718488453,47.624145825383],[-122.179718510013,47.6241455462675],[-122.179718528878,47.6241453101395],[-122.179718562115,47.62414488632],[-122.179718612421,47.624144257856],[-122.179718645659,47.6241437292925],[-122.179718672608,47.6241433968968],[-122.179718683388,47.6241432564309],[-122.179718704947,47.6241429549135],[-122.179718729202,47.6241426648998],[-122.17971875166,47.6241423306879],[-122.17971876783,47.6241421290708],[-122.179718782203,47.6241419631757],[-122.179718791186,47.6241418596426],[-122.179718813644,47.6241415890035],[-122.179718829813,47.6241414007065],[-122.179718843288,47.6241412081713],[-122.179718863949,47.6241409696214],[-122.179718873831,47.6241407722426],[-122.17971889,47.6241405724419],[-122.179718905272,47.6241403968595],[-122.17971891695,47.6241402533663],[-122.17971892773,47.624140132275],[-122.179718944798,47.6241398846432],[-122.179718959171,47.6241397090608],[-122.179718979832,47.6241394735382],[-122.17971899151,47.6241393245959],[-122.179719011273,47.6241391017878],[-122.179719026544,47.6241389207563],[-122.179719027443,47.6241387615212],[-122.179719034629,47.62413866707],[-122.179719048104,47.6241385138895],[-122.179719057087,47.6241383080342],[-122.179719075952,47.6241380973353],[-122.179719090325,47.6241379332566],[-122.179719105596,47.6241377498032],[-122.179719116376,47.6241376135755],[-122.179719127156,47.6241374967224],[-122.179719142427,47.6241373144799],[-122.179719155003,47.6241371637212],[-122.179719168478,47.6241370050916],[-122.179719175665,47.6241368519111],[-122.179719185546,47.6241367368743],[-122.179719193631,47.6241366406067],[-122.179719201716,47.6241365449445],[-122.179719211597,47.6241364190096],[-122.179719228665,47.6241362064943],[-122.17971923675,47.6241361071994],[-122.179719253818,47.6241359201133],[-122.1797192637,47.6241357972056],[-122.179719275378,47.6241356724815],[-122.179719287056,47.6241355265665],[-122.179719302327,47.624135350984],[-122.17971931131,47.6241352553219],[-122.17971932209,47.624135120305],[-122.17971932748,47.6241350179829],[-122.179719335565,47.6241349277698],[-122.179719344548,47.6241348054676],[-122.179719356226,47.624134680138],[-122.179719363413,47.6241345990069],[-122.179719373294,47.6241344827592],[-122.179719378684,47.6241344179753],[-122.179719382277,47.6241343749879],[-122.179719562839,47.6241322904006],[-122.179722698857,47.6240925869579],[-122.179724477521,47.6240700687909],[-122.179724487403,47.62406988231],[-122.179724509861,47.6240695184301],[-122.179724524234,47.6240692308378],[-122.179724570048,47.6240688929926],[-122.179724608675,47.6240683983339],[-122.179724653591,47.6240678479731],[-122.179724695812,47.6240672982177],[-122.179724725456,47.6240669288887],[-122.179724757796,47.6240665238376],[-122.179724800017,47.6240659958788],[-122.179724866492,47.6240651440001],[-122.179724911408,47.6240645663937],[-122.179724951832,47.624064063864],[-122.179725016511,47.6240632319654],[-122.179725080291,47.6240624339724],[-122.179725125207,47.6240618678697],[-122.17972515575,47.6240614912751],[-122.179725195275,47.6240609832962],[-122.179725253666,47.6240602361617],[-122.179725280615,47.6240598995273],[-122.179725286005,47.6240595096127],[-122.179725292293,47.624059105167],[-122.179725298582,47.6240586831631],[-122.179725308463,47.6240580098943],[-122.179725316548,47.6240575340047],[-122.179725322836,47.6240570678024],[-122.179725332718,47.6240563793971],[-122.179725346192,47.6240555105655],[-122.179725353379,47.6240550576833],[-122.179725362362,47.6240544274019],[-122.179725374938,47.6240535821831],[-122.179725383023,47.6240531008443],[-122.179725388413,47.6240527066914],[-122.179725393803,47.6240523373623],[-122.179725402786,47.6240517197955],[-122.179725409973,47.6240512251366],[-122.179725416261,47.6240508140309],[-122.179725421651,47.6240505034311],[-122.179725424346,47.6240502539826],[-122.179725427939,47.6240500644744],[-122.179725429736,47.6240499500429],[-122.179725433329,47.6240496775869],[-122.179725436922,47.6240494753641],[-122.179725439617,47.6240492840395],[-122.179725444109,47.6240490339855],[-122.179725449499,47.624048647098],[-122.17972543782,47.6240483982549],[-122.179725449499,47.6240481118735],[-122.179725452194,47.6240479150997],[-122.179725465668,47.6240475197359],[-122.179725872605,47.6240204539547],[-122.179726355,47.6239882508458],[-122.179726282237,47.6239602895605],[-122.17972621127,47.6239495935265],[-122.179726107065,47.6239335270692],[-122.179725697434,47.6238707282198],[-122.179725515974,47.623842772321],[-122.179725447702,47.6238323662782],[-122.179725412668,47.6238260785741],[-122.179739135332,47.6238163258198],[-122.179750301391,47.6238083936831],[-122.179776024649,47.6237901214895],[-122.179803284026,47.6237707564325],[-122.179817649884,47.623760550783],[-122.179839722389,47.6237448717628],[-122.179849964082,47.6237375977518],[-122.179937451007,47.6237371303357],[-122.179987620119,47.6237368633273],[-122.180041757988,47.6237365751277],[-122.180121828423,47.6237361482776],[-122.180178572304,47.6237358467578],[-122.180264380279,47.62373539024],[-122.180362509545,47.623734866516],[-122.180427178364,47.6237345220085],[-122.18052444974,47.6237340043391],[-122.180586516139,47.6237336737572],[-122.180668367933,47.6237332372196],[-122.180786254746,47.6237326087508],[-122.180871600088,47.6237321534439],[-122.180928365529,47.6237318513187],[-122.181029618238,47.6237313106417],[-122.181098690599,47.6237309425213],[-122.181190161553,47.6237304551249],[-122.18122846392,47.6237302504789],[-122.181354758065,47.6237295772059],[-122.181455964062,47.6237290371344],[-122.181484994019,47.6237288821363],[-122.181646031406,47.6237280223811],[-122.181708952104,47.6237276863501],[-122.181767922011,47.6237273721156],[-122.181879674229,47.6237267751307],[-122.181961962604,47.6237263349602],[-122.182032835188,47.6237259571524],[-122.182133575857,47.6237254188972],[-122.182218913114,47.6237249623793],[-122.182302106991,47.6237245179706],[-122.18245256492,47.6237237145233],[-122.182525615919,47.6237233233952],[-122.182577092978,47.6237230479103],[-122.182581665402,47.6237230206646],[-122.18257897405,47.6237012095176],[-122.182573707227,47.6236585946855],[-122.182568427828,47.6236158635697],[-122.18256492889,47.6235875491004],[-122.18256277473,47.623570116607],[-122.182560061818,47.6235481685615],[-122.182555758888,47.6235133465304],[-122.182551977879,47.6234827427455],[-122.182549328747,47.6234613087027],[-122.182544280215,47.623420453156],[-122.182538914578,47.6233770304041],[-122.182534815565,47.6233438648136],[-122.182532113433,47.6233219953837],[-122.182529826322,47.6233034808334],[-122.182525173049,47.6232658365591],[-122.182519233388,47.6232177618739],[-122.182515193665,47.623185068447],[-122.18251136235,47.6231540715211],[-122.182503511074,47.6230905366964],[-122.182499065312,47.6230545506487],[-122.182497627109,47.6230429171629],[-122.182495056131,47.6230221144444],[-122.182490579826,47.6229858904],[-122.182486469135,47.6229526252641],[-122.182482441988,47.6229200291522],[-122.182479667092,47.6228975710272],[-122.182476045085,47.6228682680397],[-122.182471149266,47.6228286508249],[-122.182466757403,47.6227930993261],[-122.182463396805,47.6227659063517],[-122.1824626,47.6227594604909],[-122.182461423207,47.6227499031053],[-122.18247885771,47.6227498964451],[-122.182532976714,47.6227498788864],[-122.182581816319,47.6227498631441],[-122.182599286755,47.622749854062],[-122.182599266094,47.6227263538449],[-122.182599009176,47.6226853227421],[-122.182598935514,47.6226734445627],[-122.182598965158,47.622661857008],[-122.182599081939,47.6226439537526],[-122.182599115177,47.6226411431426],[-122.182599117872,47.6226408761286],[-122.18259912416,47.6226404432147],[-122.182599128651,47.6226400769029],[-122.18259912416,47.6226397723496],[-122.182599128651,47.622639448421],[-122.18259912416,47.6226391154103],[-122.182599126855,47.6226388720097],[-122.182599274179,47.6226291898744],[-122.18259927867,47.6226288792662],[-122.182599283162,47.622628484497],[-122.182599290348,47.6226280370517],[-122.182599293043,47.6226277942566],[-122.182599303823,47.6226273225922],[-122.182599307416,47.6226270119841],[-122.182599313704,47.6226266184258],[-122.182599319094,47.6226262563523],[-122.182599324484,47.6226259082047],[-122.182599328976,47.6226256175771],[-122.182599332569,47.6226253548013],[-122.182599335264,47.622625151362],[-122.182599337959,47.6226249043286],[-122.182599340654,47.622624847414],[-122.18259934784,47.622624495028],[-122.182599357722,47.6226239609999],[-122.182599474503,47.6226181654009],[-122.182672478789,47.6226188223404],[-122.182682248866,47.6226189107397],[-122.182693682623,47.6226190136703],[-122.182707612798,47.6226191390035],[-122.182721401938,47.6226199666867],[-122.182733650467,47.6226207011269],[-122.182749275763,47.6226216377954],[-122.182749371883,47.622621648694],[-122.182749438358,47.6226216559597],[-122.182749542563,47.6226216547487],[-122.182749619818,47.622621658987],[-122.182749752768,47.6226216674637],[-122.182749881227,47.6226216747294],[-122.182750009687,47.6226216819951],[-122.182750163298,47.6226216910772],[-122.182750268401,47.6226216983429],[-122.182750412132,47.622621706214],[-122.182750905307,47.6226217364877],[-122.182751455974,47.6226217691834],[-122.18275208749,47.6226218067227],[-122.182752533953,47.6226218339691],[-122.182753120552,47.6226218690866],[-122.18275388951,47.6226219151026],[-122.182754432991,47.6226219471927],[-122.182754772554,47.6226219677789],[-122.182755187576,47.6226220452796],[-122.182756019416,47.622622200281],[-122.182757169259,47.6226224140133],[-122.182759423132,47.6226228348179],[-122.182760979913,47.62262312484],[-122.182761394935,47.6226232017352],[-122.182762140536,47.6226233403888],[-122.182762589694,47.6226234239442],[-122.182762899613,47.6226234814643],[-122.182762987648,47.6226235062887],[-122.182763118802,47.6226235317187],[-122.182763240972,47.6226235504884],[-122.182763313736,47.6226235613869],[-122.18276336494,47.6226235686526],[-122.182789506813,47.6226284354537],[-122.182800558786,47.6226330158651],[-122.182814572504,47.622638819939],[-122.182829998374,47.6226402421973],[-122.182841640541,47.6226413138862],[-122.182846381849,47.6226412836125],[-122.182859048094,47.6226412000572],[-122.182861271424,47.6226411849203],[-122.182861852634,47.6226710886649],[-122.182862088891,47.622683272609],[-122.182862214655,47.6226897469364],[-122.182862381742,47.6226983143842],[-122.18286247337,47.6227030721931],[-122.18286255332,47.622707167614],[-122.182862846171,47.6227222051439],[-122.182863030326,47.622731723179],[-122.182863209989,47.6227409530071],[-122.182863462415,47.6227538998304],[-122.182863836115,47.6227731266109],[-122.182864037337,47.6227835050127],[-122.18286429695,47.6227969228828],[-122.182864480207,47.6228063452396],[-122.182864669751,47.6228160539829],[-122.182864902415,47.6228280501969],[-122.18286508118,47.6228371867654],[-122.182865313843,47.6228491787363],[-122.182865409963,47.6228541290714],[-122.182865614779,47.6228646945478],[-122.182865798035,47.6228741199198],[-122.182865885172,47.6228785907193],[-122.182865937274,47.6228812638746],[-122.18287528155,47.6228810350065],[-122.182887415992,47.6228807201615],[-122.182898119419,47.6228803035973],[-122.18290693818,47.6228801576788],[-122.182913415033,47.6228800650417],[-122.18293607324,47.6228797405091],[-122.182948038799,47.6228795685553],[-122.182961693192,47.6228793735936],[-122.182983231199,47.6228791350379],[-122.183012377038,47.6228788534938],[-122.183033489244,47.6228786488446],[-122.183043605173,47.6228787862865],[-122.183054051681,47.6228789279668],[-122.183062070043,47.6228790357406],[-122.183072349465,47.622879174999],[-122.183080811595,47.6228792894331],[-122.183090556519,47.6228793063863],[-122.183098711425,47.6228791126355],[-122.183104338472,47.6228789818537],[-122.18312742787,47.6228784478281],[-122.183148816757,47.6228779525527],[-122.183167525969,47.6228778423569],[-122.183181203718,47.6228778744469],[-122.183196830811,47.6228779107751],[-122.183206811093,47.6228779337831],[-122.183228656324,47.6228779852481],[-122.183244141483,47.6228780239983],[-122.183258510935,47.6228780088615],[-122.183271602982,47.6228779507362],[-122.183276531139,47.6228779289393],[-122.183304546,47.6228778048177],[-122.183326236721,47.6228777146025],[-122.183342568991,47.6228777424542],[-122.183357496296,47.6228778072396],[-122.183372422703,47.622877872025],[-122.183382685955,47.6228779162244],[-122.183407213555,47.6228780227873],[-122.183423970728,47.6228780984712],[-122.18342988883,47.6228781269284],[-122.183451005527,47.622878229253],[-122.183460368667,47.6228782746633],[-122.183467488714,47.6228784581211],[-122.18347483334,47.6228786470281],[-122.183480460387,47.6228787917358],[-122.183485121745,47.6228789110136],[-122.183489481269,47.6228789594513],[-122.183494408528,47.622878974588],[-122.183499475925,47.6228789903303],[-122.183506072254,47.6228790109163],[-122.183516083079,47.6228790424009],[-122.183523693607,47.6228790660142],[-122.183530597159,47.6228790878112],[-122.183537935497,47.6228791102136],[-122.183545811925,47.6228791350379],[-122.183550884712,47.6228791501747],[-122.183556650998,47.6228791683389],[-122.183564408848,47.6228791641006],[-122.183575111377,47.622879132616],[-122.183587217972,47.6228790962878],[-122.183597498292,47.6228790648033],[-122.183614378534,47.6228790133382],[-122.183625111605,47.6228788329078],[-122.183632426587,47.6228786409734],[-122.183641013583,47.6228784145272],[-122.183647895576,47.6228782334913],[-122.183653244145,47.6228780936275],[-122.183658176794,47.6228779628456],[-122.183662821084,47.622877841146],[-122.183667604613,47.622877715208],[-122.183687566976,47.6228775045039],[-122.183699264837,47.6228774675702],[-122.18370982094,47.6228774354803],[-122.183718551666,47.622877408234],[-122.183727294071,47.6228773821988],[-122.183739108713,47.622877346476],[-122.183750945814,47.6228773113586],[-122.183762637387,47.6228772931945],[-122.183773053353,47.6228772938],[-122.183784599399,47.6228772931945],[-122.183789953358,47.6228772938],[-122.183796714079,47.6228772931945],[-122.183807965478,47.6228772938],[-122.183813057129,47.6228773053039],[-122.183819667831,47.6228773440541],[-122.18382346501,47.6228773664566],[-122.183829087565,47.6228773985465],[-122.183835287738,47.6228774348748],[-122.183839946401,47.622877462121],[-122.183844865575,47.6228774905781],[-122.183849231387,47.6228775160079],[-122.183853888254,47.6228775432541],[-122.183859928526,47.6228775789769],[-122.183867551629,47.6228776225709],[-122.183873595494,47.6228776576882],[-122.183879085099,47.6228776897781],[-122.183880873645,47.6228777000712],[-122.183883085297,47.6228778635484],[-122.183888124846,47.6228782347023],[-122.1838918286,47.6228785083752],[-122.18389447863,47.622878703337],[-122.183898463557,47.6228789969905],[-122.183901165689,47.6228791961905],[-122.183905863878,47.6228795419146],[-122.183910350963,47.6228801867414],[-122.183918990959,47.6228814291683],[-122.18392417873,47.6228821745033],[-122.183927723482,47.6228826800717],[-122.183936386835,47.6228853035781],[-122.183941819845,47.6228869468268],[-122.183944892982,47.6228882613045],[-122.183949010859,47.6228902393786],[-122.183953348824,47.6228923215935],[-122.183954596584,47.6228929210099],[-122.183957087612,47.622892981557],[-122.18396182353,47.6228931002293],[-122.183976557697,47.6228934665393],[-122.184000955042,47.6228940738267],[-122.184011715063,47.6228943420504],[-122.18402130907,47.6228945812114],[-122.184032425722,47.6228948573062],[-122.184045771093,47.6228951903152],[-122.184056220297,47.6228954506678],[-122.184072120477,47.6228958454349],[-122.18408475079,47.6228961608853],[-122.184098922612,47.6228965132694],[-122.18410904932,47.6228967657508],[-122.184134801325,47.6228974063392],[-122.184151324038,47.622897817454],[-122.184163038967,47.6228981092909],[-122.18416632231,47.6228981910295],[-122.184189444047,47.6228987668324],[-122.184209574394,47.6228992681624],[-122.184222552355,47.6228995908784],[-122.184234366099,47.6228998851373],[-122.184249186505,47.6229002532637],[-122.184260495396,47.6229005354131],[-122.184267257015,47.6229007037341],[-122.184294283729,47.6229013758068],[-122.184307739593,47.6229017112377],[-122.184314723096,47.6229018856133],[-122.184329433009,47.6229022513177],[-122.184346738155,47.6229026818076],[-122.18436007095,47.6229030142112],[-122.184370649511,47.6229032769855],[-122.184377310519,47.6229034428845],[-122.184384687484,47.6229036269477],[-122.184389644388,47.6229037504638],[-122.184401540777,47.622904046539],[-122.184413288046,47.6229043389815],[-122.184421776227,47.6229045502908],[-122.18442990059,47.6229047525181],[-122.184437521897,47.6229049420305],[-122.184456183499,47.6229054064267],[-122.184468043057,47.622905701291],[-122.184477672099,47.622905941663],[-122.184483372808,47.6229060833432],[-122.18448938613,47.6229062334999],[-122.184495116483,47.6229063757856],[-122.184511787418,47.6229067905331],[-122.184523541874,47.6229070829756],[-122.184534446523,47.6229073542265],[-122.184541096751,47.6229075201256],[-122.184548291358,47.6229076993449],[-122.184553770183,47.6229078355758],[-122.184576576612,47.6229084035076],[-122.184586000837,47.6229086378248],[-122.184595284926,47.6229088685092],[-122.184601108704,47.6229090132167],[-122.18460778678,47.6229091797212],[-122.18461550241,47.6229093722609],[-122.184623721994,47.6229095763046],[-122.184630354256,47.6229097409926],[-122.184640900478,47.622910003767],[-122.18465206474,47.6229102822836],[-122.18466309156,47.6229105559565],[-122.18467427289,47.622910834473],[-122.184682081945,47.6229110288291],[-122.184705386939,47.6229116094756],[-122.184723187056,47.6229120520748],[-122.184733968636,47.6229123209039],[-122.184756213617,47.6229128743042],[-122.184767995921,47.6229131673521],[-122.184778064238,47.622913418017],[-122.184787980741,47.622913665049],[-122.184810020008,47.6229142136056],[-122.184824673327,47.6229145787045],[-122.184836653259,47.6229148759906],[-122.184849853104,47.6229152053668],[-122.184861797104,47.6229155020475],[-122.184869562142,47.6229156951926],[-122.184891738851,47.6229162467765],[-122.184916311367,47.6229168595129],[-122.184931229689,47.622917230061],[-122.184945308086,47.6229175806286],[-122.184982487559,47.6229185057879],[-122.185001200365,47.6229189720004],[-122.18501016645,47.6229191948136],[-122.18502441912,47.6229195496194],[-122.185030936398,47.6229197118856],[-122.185101348146,47.6229214635124],[-122.185122721762,47.6229219957211],[-122.185133677615,47.6229222687884],[-122.185170703476,47.6229231903148],[-122.18523004798,47.6229246664523],[-122.185281702906,47.6229259518665],[-122.185324410611,47.6229270144676],[-122.185354337985,47.6229277591964],[-122.18537604218,47.6229282992762],[-122.18541726497,47.6229293255489],[-122.185460852126,47.6229304099468],[-122.185494387134,47.6229312436799],[-122.185517265428,47.6229318128222],[-122.185535824622,47.6229322754017],[-122.185547311379,47.6229325605783],[-122.185554359561,47.6229327361648],[-122.185556531687,47.6229327906572],[-122.185566453579,47.6229330358728],[-122.185566618869,47.6229498491825],[-122.185566849736,47.6229730689665],[-122.185567285419,47.6230167899449],[-122.185567547727,47.6230432338233],[-122.185567804646,47.6230691212622],[-122.185568080428,47.6230967772624],[-122.185568441551,47.6231330950776],[-122.185568905082,47.6231798008781],[-122.185569313815,47.6232208606553],[-122.185569683921,47.6232580284597],[-122.185570130384,47.6233029462067],[-122.185570571457,47.6233472984101],[-122.1855710817,47.6233987405737],[-122.185571633265,47.6234540976205],[-122.18557215878,47.6235070273038],[-122.185572430969,47.6235343985044],[-122.185572812753,47.6235727564264],[-122.185573005891,47.6235921161076],[-122.185573297844,47.6236215924572],[-122.185573419116,47.6236337773906],[-122.185573949122,47.6236870168884],[-122.185574262634,47.6237185469099],[-122.185574348872,47.6237271729188],[-122.185574650706,47.6237575186342],[-122.185574916608,47.6237843018014],[-122.18557520856,47.6238137526132],[-122.185575596632,47.6238526982319],[-122.185575892178,47.6238824493132],[-122.185576108672,47.6239041725929],[-122.185576303607,47.6239237918933],[-122.185576441947,47.6239377810239],[-122.18557653627,47.6239473091303],[-122.185576756357,47.6239693230032],[-122.185577155209,47.6240094878986],[-122.185577370805,47.6240312020437],[-122.185577572028,47.624051434625],[-122.1855778532,47.6240797113047],[-122.18557810383,47.6241049818751],[-122.185578405664,47.6241353110239],[-122.185578667074,47.6241614800647],[-122.185578948247,47.624189754263],[-122.185579089282,47.624204037574],[-122.1855793462,47.6242299026417],[-122.185579482744,47.6242435919901],[-122.185579683967,47.6242638244891],[-122.185579956156,47.6242911825789],[-122.185580162769,47.6243120108269],[-122.185580358602,47.6243316554033],[-122.185580619113,47.6243578558294],[-122.185580842794,47.6243804550032],[-122.185581035033,47.6243997768471],[-122.185581157204,47.6244119712864],[-122.185581245239,47.6244209174658],[-122.185581336867,47.6244301191449],[-122.185581399749,47.6244363722655],[-122.185581592887,47.6244557061978],[-122.185581668345,47.6244634329877],[-122.185581962095,47.6244929064241],[-122.185582183978,47.6245152179497],[-122.185582336692,47.6245306690889],[-122.185582505575,47.6245476169005],[-122.185582683442,47.6245654607751],[-122.185582881071,47.6245853952675],[-122.185583319449,47.62462944729],[-122.185583519773,47.6246496511836],[-122.185583715606,47.6246693077421],[-122.185583970727,47.6246948789363],[-122.185584106373,47.6247085457612],[-122.185584319274,47.6247299968506],[-122.18558461482,47.6247597286637],[-122.185584887009,47.624787109501],[-122.185585186148,47.6248171458223],[-122.1855854251,47.6248412226973],[-122.185585804189,47.6248793053925],[-122.18558607009,47.6249060916175],[-122.185586318924,47.6249310929698],[-122.185586549791,47.6249542779687],[-122.185586830963,47.624982542051],[-122.185587380732,47.6250378889444],[-122.185587703227,47.6250703202653],[-122.185588007756,47.6251009576312],[-122.185588362591,47.6251366419693],[-122.185588552135,47.6251556941107],[-122.185588818037,47.6251824614254],[-122.185589043514,47.6252050669026],[-122.185589617537,47.6252627554162],[-122.185589927456,47.6252939811601],[-122.185590164611,47.6253177896043],[-122.18559050687,47.6253523252699],[-122.185590883264,47.6253900885247],[-122.185591181504,47.6254201462954],[-122.185591450999,47.6254472040866],[-122.185591998971,47.62550225806],[-122.185592235228,47.6255260306883],[-122.185592521791,47.6255548829494],[-122.18559279937,47.6255828530686],[-122.185593534192,47.6256566294991],[-122.185593989638,47.6257024557646],[-122.185594737036,47.6257777098996],[-122.185594890648,47.6257931697471],[-122.185594994853,47.6258035741886],[-122.185595170024,47.6258212245001],[-122.185595234703,47.6258283680522],[-122.185604375061,47.626232657365],[-122.185793579124,47.6262302979951],[-122.185793877365,47.6261677622412],[-122.185794030977,47.6261354914356],[-122.185794260946,47.6260873176766],[-122.185794413659,47.6260553113962],[-122.185794515169,47.6260340866777],[-122.185794751426,47.6259845802623],[-122.185794936479,47.6259458287605],[-122.185795164651,47.6258978515934],[-122.185795332636,47.6258628046943],[-122.185795425162,47.625843289046],[-122.185795514994,47.6258246228186],[-122.18579559135,47.6258179496905],[-122.185795616503,47.6258031116345],[-122.185928634539,47.6258038738801],[-122.18618148963,47.6258053208753],[-122.186226589549,47.6258055787916],[-122.186305325087,47.6258060292369],[-122.186363883566,47.6258063640437],[-122.186425916728,47.6258067200409],[-122.186442815835,47.6258068157],[-122.186476358927,47.6258070082291],[-122.186482488133,47.6258070433444],[-122.186496712057,47.6258071238675],[-122.186506960936,47.6258071832004],[-122.18652639419,47.6258072939954],[-122.186543124414,47.62580739026],[-122.186557344745,47.6258074707831],[-122.186564847474,47.6258075143746],[-122.186586121377,47.6258076354621],[-122.18659833577,47.6258077062982],[-122.186607492298,47.6258077583658],[-122.186621367675,47.6258078370727],[-122.186625314873,47.6258078600793],[-122.186633825512,47.6258079085143],[-122.186644430124,47.6258079696635],[-122.186653968435,47.6258080241528],[-122.186661684964,47.6258080683497],[-122.186663775343,47.6258080804585],[-122.186667028143,47.6258080986216],[-122.186668498685,47.6258081070977],[-122.187155508638,47.6258108902928],[-122.187153974316,47.6261225781433],[-122.187153145171,47.6262908163758],[-122.187150988316,47.6267293087263],[-122.187153288003,47.6269794625304],[-122.187106768746,47.627155671409],[-122.187064976424,47.6272807840683],[-122.187009341962,47.6274647782137],[-122.186973231484,47.6276264463878],[-122.186904515755,47.6277594997505],[-122.186846895117,47.6279141302996],[-122.186767614302,47.62812867426],[-122.186714073813,47.6282355859942],[-122.186659084341,47.6284162034504],[-122.186525955813,47.6286466281366],[-122.186463109675,47.628788781739],[-122.186440609572,47.6288795285055],[-122.186399691311,47.6290133015261],[-122.18637311106,47.6291517678595],[-122.186340887593,47.6292931736336],[-122.186308624599,47.6293950830227],[-122.186262290395,47.6295438358059],[-122.186223316987,47.629667476488],[-122.186212561458,47.6297764252433],[-122.186180566162,47.6299298699211],[-122.186150972962,47.6300972610696],[-122.186130646782,47.6301899155587],[-122.186106429998,47.6303028339467],[-122.186034772287,47.6305438009212],[-122.186027029707,47.6306238239406],[-122.185998924117,47.6307570052781],[-122.18597886294,47.6309011938707],[-122.185959871656,47.6310265887506],[-122.185924404372,47.6311848794172],[-122.185916128194,47.6313867661398],[-122.185910180448,47.6315236074228],[-122.185915557763,47.6316940669258],[-122.185909647747,47.6318704039872],[-122.185911134459,47.6320611269511],[-122.185918687494,47.6322334940152],[-122.185903432304,47.6324055765967],[-122.185879214622,47.6325184950403],[-122.185843476945,47.6326252500874],[-122.185790960535,47.6326738694175],[-122.185659990658,47.6326812717315],[-122.185510560402,47.6326922026736],[-122.185366776956,47.6327001927871],[-122.185366569446,47.6327001818907],[-122.185203426407,47.6326910137514],[-122.185078938773,47.6326646413432],[-122.18492664918,47.6326375455186],[-122.184803690478,47.6326164566518],[-122.184655517864,47.6325811357926],[-122.18435445109,47.6325615917794],[-122.184354472649,47.6325616329438],[-122.184429499942,47.6326866515447],[-122.184476259947,47.6327474173052],[-122.184570003639,47.6328809861066],[-122.184686363316,47.6330422942918],[-122.18480119945,47.633198316654],[-122.184936021303,47.6333560928542],[-122.185070614085,47.6335018300206],[-122.185183925779,47.6336525675475],[-122.18526199836,47.6337487031278],[-122.185353575315,47.6338803631425],[-122.185396249783,47.6339888472924],[-122.185442437561,47.6341319797285],[-122.185427563257,47.6342491493733],[-122.185437211163,47.6343444339609],[-122.185452313639,47.63446423574],[-122.185456586027,47.634613992269],[-122.185482366777,47.6347707883974],[-122.185484045729,47.6349340550501],[-122.185494457203,47.6351444485078],[-122.185495866659,47.6352561788281],[-122.185506623087,47.6353721655655],[-122.185509368338,47.6355166380337],[-122.185492241957,47.6357778441187],[-122.185476525931,47.6359258481134],[-122.185461652525,47.6360430191837],[-122.185469660108,47.6362394647139],[-122.185469582852,47.636385407515],[-122.185459934048,47.6365150554836],[-122.185466149491,47.636654682299],[-122.185466034507,47.6367611292676],[-122.185459206413,47.6368893084299],[-122.185448106829,47.6370926621692],[-122.185444748926,47.6372159962614],[-122.185435136055,47.6373851406371],[-122.185431511352,47.6374569392285],[-122.185414234055,47.6375601619396],[-122.185426286751,47.6376693926536],[-122.185448942262,47.6377366293207],[-122.185457714311,47.6378232505764],[-122.185455387674,47.6378882940532],[-122.185458473387,47.6379383593829],[-122.185436771887,47.6379587766439],[-122.185378146933,47.6379862583095],[-122.185308650568,47.6380042017072],[-122.185206580392,47.6380330228682],[-122.185089937745,47.6380451136477],[-122.185089415824,47.6380451197006],[-122.184929622603,47.6380465058273],[-122.184798407486,47.6380418638159],[-122.184797880175,47.6380418747112],[-122.184663076289,47.6380454429284],[-122.184662910999,47.6380454429284],[-122.184511225971,47.6380424352149],[-122.18451069866,47.6380424303726],[-122.184343741375,47.6380414782426],[-122.184223856709,47.638070448891],[-122.184155008927,47.6380850128975],[-122.184154483412,47.6380850189505],[-122.183994691988,47.638086402655],[-122.18388476335,47.6380767584881],[-122.183767434391,47.6380527318966],[-122.183767190947,47.6380527948473],[-122.183590867827,47.6380990551358],[-122.18352941857,47.6381280045669],[-122.183437375389,47.6381971975586],[-122.183332552775,47.6383064765748],[-122.18322944774,47.6383935859613],[-122.18310505443,47.638485697928],[-122.182921387582,47.6386086655586],[-122.182733599263,47.6387398563361],[-122.182557748656,47.6388617913558],[-122.182457009784,47.6389233519385],[-122.182319572935,47.6390040146231],[-122.1821810626,47.6391034706266],[-122.182097906452,47.6391528356904],[-122.18192636686,47.6392390926396],[-122.181760472282,47.6393224083875],[-122.181641915326,47.6393841215635],[-122.181430628876,47.6394789083273],[-122.181302530015,47.6395638240477],[-122.181184202129,47.6396375765061],[-122.18108650585,47.6397097067201],[-122.180969052025,47.6397921210679],[-122.180847671664,47.6398553026903],[-122.180742349587,47.6399010069518],[-122.180590337573,47.6399649347445],[-122.180522361157,47.6399881590753],[-122.18036142438,47.6400324178298],[-122.180229820293,47.6400826826604],[-122.179919692212,47.6401893980435],[-122.179811318558,47.6402245303631],[-122.179696001825,47.6402693560553],[-122.179534644637,47.6403290265401],[-122.179534288904,47.6403289708553],[-122.17942383565,47.6403107207793],[-122.179345340861,47.640229997164],[-122.179268374106,47.6401545592566],[-122.179223142134,47.6400990776583],[-122.179115772797,47.6400364259442],[-122.17901103193,47.6399997603418],[-122.178867158652,47.6399287527057],[-122.178751776342,47.6398945862046],[-122.178616179243,47.6398466272894],[-122.178510789792,47.6398133353571],[-122.178315037909,47.6397875712134],[-122.178130574255,47.6397559261986],[-122.177966750293,47.6397226608405],[-122.177880699774,47.6396945015734],[-122.177784428223,47.6396534262891],[-122.177701850591,47.6396204193193],[-122.177583227159,47.6396031404661],[-122.177450906216,47.6395777890182],[-122.177345972211,47.6395685785056],[-122.177345693733,47.6395686051378],[-122.177345444002,47.6395685845584],[-122.177208160765,47.639582291074],[-122.177139113557,47.6396243051992],[-122.177060526241,47.6396895237799],[-122.176978042932,47.6397750050906],[-122.176912950108,47.6398757488607],[-122.176869112322,47.6399319981832],[-122.176797920836,47.6400116025044],[-122.176746263216,47.6400688812483],[-122.176697203523,47.6401126532962],[-122.176601253569,47.6402021020683],[-122.176518963398,47.6402601275065],[-122.17638586092,47.640344598295],[-122.176160249935,47.6404741777287],[-122.176028248792,47.6405793500938],[-122.175912114592,47.640694500039],[-122.17580814448,47.6408124357581],[-122.175666631975,47.6409803053102],[-122.175603030354,47.6410468368246],[-122.175565908373,47.6410813548337],[-122.175502081276,47.6411358488155],[-122.175442826603,47.6412061968946],[-122.175345122239,47.6412783231272],[-122.175230931095,47.6413833401383],[-122.175066377702,47.6415388830488],[-122.175009701194,47.6415884322299],[-122.175019094877,47.6415248241827],[-122.175046351559,47.641225120916],[-122.175049077048,47.6408520375264],[-122.175055906939,47.6399168984189],[-122.175056932815,47.6397765993862],[-122.175057866164,47.6396496396768],[-122.173928115219,47.6389944916825],[-122.173547274454,47.6388250462418],[-122.173528723345,47.6388084371779],[-122.17350293451,47.6387916041526],[-122.173477072013,47.6387719147721],[-122.173454049989,47.6387531454209],[-122.173438093214,47.63873524344],[-122.173417855968,47.6387135184555],[-122.173406020664,47.6374677844294],[-122.173152439734,47.6370600367408],[-122.172554253383,47.6366426547555],[-122.172305962631,47.636440207236],[-122.172239915797,47.6358779164266],[-122.172220946971,47.6358350748413],[-122.172171034777,47.6357359588607],[-122.172111566306,47.6356400969107],[-122.172040951538,47.6355507287055],[-122.171968882397,47.6354915612365],[-122.171863368979,47.6354464784191],[-122.171794707149,47.6354347617349],[-122.171695715499,47.6354198713243],[-122.171572662475,47.6353780553919],[-122.171486418818,47.6353588308265],[-122.171398439616,47.6353104761012],[-122.171313505702,47.6352286866467],[-122.171262105,47.6351543752993],[-122.171242704983,47.6350961795409],[-122.171187926615,47.6349798144644],[-122.171160126452,47.6348299645519],[-122.171124422013,47.6346963056945],[-122.171114376153,47.6345917141103],[-122.171102653139,47.6344687909008],[-122.171105012115,47.6342843668028],[-122.17108691735,47.6341636136214],[-122.171060749426,47.6340213075639],[-122.171058681504,47.6339166988897],[-122.171080377615,47.6337742953045],[-122.171094410198,47.6337020091921],[-122.171112940645,47.6335660828451],[-122.171094969848,47.6334722914436],[-122.171067388874,47.6333709699298],[-122.171046084429,47.6332459099861],[-122.171048710204,47.6331208007095],[-122.171054718137,47.6330377462709],[-122.171049222244,47.6328802984229],[-122.171064592418,47.632750850284],[-122.171070453926,47.6326354400828],[-122.171077971926,47.6325329685797],[-122.171103021448,47.6324272261124],[-122.171128047613,47.6323160914731],[-122.17115453444,47.6321747556251],[-122.171170099549,47.6320884452434],[-122.171180851484,47.631995673047],[-122.171213878046,47.6318899143583],[-122.171234330888,47.6318262424419],[-122.171245055874,47.6317280789721],[-122.17123678778,47.6316633862056],[-122.171230199536,47.6316170257816],[-122.171209260705,47.6315728500987],[-122.171172386659,47.631534100924],[-122.171130748848,47.6314996758882],[-122.171063574627,47.6314631429252],[-122.170943769911,47.6314310352073],[-122.170792057934,47.6313989958768],[-122.170611572021,47.6313551487271],[-122.170426320544,47.631315626329],[-122.170282609862,47.6312889584097],[-122.17007505681,47.6312570303809],[-122.169934579165,47.6312400635565],[-122.169934051854,47.6312400635565],[-122.169748919853,47.6312384120953],[-122.169748391644,47.6312384139114],[-122.16955513528,47.631263022374],[-122.169261743712,47.6313349728511],[-122.16893234587,47.6313775626585],[-122.168637880815,47.6314078246288],[-122.168277267415,47.6314239578011],[-122.167959931253,47.6314127995791],[-122.167741622673,47.6313200388961],[-122.167663978588,47.6312137152364],[-122.167611404686,47.6310534856362],[-122.167492488403,47.6307123318509],[-122.167431860207,47.6305819811657],[-122.167353386977,47.6304429035518],[-122.167279452036,47.6303353552302],[-122.166929956186,47.6298516741182],[-122.166787309109,47.6296290400995],[-122.166725372965,47.6294731069712],[-122.166700574073,47.6293274221362],[-122.166713174742,47.6292026612689],[-122.166726600064,47.6291099323817],[-122.166764890753,47.6289599475837],[-122.166876137219,47.6285741212233],[-122.166944104652,47.6283490195688],[-122.167014714928,47.6282271387196],[-122.167103011236,47.6280837255458],[-122.167166372108,47.6279811415923],[-122.167233062136,47.6279098264193],[-122.167305036055,47.6278637490262],[-122.167337016977,47.6278316972167],[-122.167327004355,47.6278064665889],[-122.167302844166,47.6277782379367],[-122.167235711268,47.6277188316095],[-122.167140549136,47.6276629220965],[-122.16708302911,47.6276129068578],[-122.16699609914,47.6275125462843],[-122.166902539604,47.6273362314496],[-122.1662763339,47.6256473093699],[-122.166275806589,47.6256473166351],[-122.16598985936,47.6256482792833],[-122.165994606956,47.625530293595],[-122.16599639101,47.6254859377947],[-122.165996591335,47.6254710457602],[-122.165995219607,47.6254395119523],[-122.165993989813,47.6254112735456],[-122.16599281302,47.6253842284502],[-122.165991855416,47.6253622236493],[-122.165991104425,47.6253449715641],[-122.165989526085,47.6253086837415],[-122.165987877676,47.6252751845662],[-122.165987867795,47.6252750792191],[-122.165987862405,47.6252749768992],[-122.165987857015,47.6252748654975],[-122.165987853422,47.6252747886063],[-122.165987850727,47.6252747062659],[-122.165987842642,47.6252745585377],[-122.165987837252,47.6252744392654],[-122.165987830964,47.6252743205984],[-122.165987826472,47.6252742303874],[-122.165987822879,47.6252741371491],[-122.165987815692,47.6252740154549],[-122.165987806709,47.6252738320056],[-122.16598779593,47.6252736255493],[-122.165987786048,47.6252734360455],[-122.16598777976,47.6252733434127],[-122.165987778862,47.6252733064806],[-122.165987772573,47.6252732235349],[-122.165987760895,47.6252730213167],[-122.165987753709,47.6252729171805],[-122.165987747421,47.6252728148605],[-122.165987741132,47.6252727119352],[-122.165987733946,47.6252726035608],[-122.165987726759,47.6252724746013],[-122.165987719573,47.625272338982],[-122.165987706996,47.6252721397911],[-122.165987698912,47.6252720035663],[-122.165987691725,47.6252718897429],[-122.165987684538,47.6252717565453],[-122.165987679149,47.625271668756],[-122.16598767286,47.6252715585653],[-122.165987665674,47.625271428395],[-122.165987658487,47.6252713145716],[-122.165987653996,47.6252712522109],[-122.165987639623,47.6252709979246],[-122.165987626148,47.6252707757269],[-122.165987617165,47.6252706292095],[-122.165987609978,47.6252705081209],[-122.165987604588,47.6252704245696],[-122.165987591114,47.6252701987392],[-122.165987582131,47.6252700370858],[-122.165987570452,47.6252698560582],[-122.165987556978,47.6252696368877],[-122.1659875453,47.6252694443566],[-122.165987538113,47.6252693256897],[-122.165987530927,47.6252692136826],[-122.165987520147,47.6252690284169],[-122.165987514757,47.6252689382058],[-122.165987508469,47.6252688261987],[-122.165987503079,47.6252687305387],[-122.165987497689,47.6252686354841],[-122.165987484214,47.6252684199462],[-122.165987479723,47.6252683333677],[-122.165987470739,47.6252681977484],[-122.165987464451,47.6252680960339],[-122.16598745457,47.6252679458839],[-122.165987441095,47.6252677206589],[-122.165987429417,47.6252675208625],[-122.165987423129,47.625267413699],[-122.165987415942,47.6252673156172],[-122.165987408756,47.6252671872631],[-122.165987397078,47.6252669777797],[-122.165987389891,47.6252668476093],[-122.165987378213,47.6252666568946],[-122.165987372823,47.625266567289],[-122.165987362043,47.6252663929212],[-122.165987350365,47.625266197363],[-122.165987338687,47.6252659890903],[-122.165987324314,47.6252657723416],[-122.165987318026,47.6252656724434],[-122.165987313534,47.6252655773887],[-122.165987306348,47.6252654678034],[-122.165987299161,47.6252653582181],[-122.16598729467,47.625265263769],[-122.165987287483,47.6252651469184],[-122.1659872785,47.6252650040337],[-122.165987264127,47.6252647594345],[-122.165987250652,47.625264544502],[-122.165987238974,47.6252643404675],[-122.165987233584,47.6252642448074],[-122.165987227296,47.6252641382494],[-122.165987220109,47.6252640383512],[-122.165987213821,47.625263938453],[-122.165987208431,47.6252638458201],[-122.165987201245,47.6252637144389],[-122.165987189567,47.625263524935],[-122.165987178787,47.6252633317985],[-122.165987164414,47.6252631150497],[-122.165987158126,47.6252630133352],[-122.165987142854,47.6252627590489],[-122.165987138363,47.6252626870011],[-122.165987125786,47.6252624732795],[-122.165987109617,47.6252622044626],[-122.165987103328,47.6252621045643],[-122.165987089854,47.6252618859992],[-122.165987070989,47.6252615741957],[-122.165987056616,47.6252613459435],[-122.165987040446,47.6252610728885],[-122.165987035955,47.6252609844937],[-122.165987012599,47.6252605842955],[-122.165987000921,47.6252603923698],[-122.165986978463,47.6252600351581],[-122.165986959598,47.6252597100349],[-122.165986945225,47.6252594763336],[-122.165986930852,47.6252592432378],[-122.165986903004,47.6252587697809],[-122.165986877851,47.6252583532357],[-122.165986870665,47.6252582254871],[-122.165986840122,47.6252577144926],[-122.165986822156,47.6252574214579],[-122.165986808681,47.6252572071308],[-122.165986780833,47.6252567336739],[-122.165986769155,47.6252565369047],[-122.16598675568,47.625256324394],[-122.165986744002,47.6252561463935],[-122.165986720646,47.6252557589096],[-122.165986698188,47.6252553762692],[-122.165986679324,47.6252550668874],[-122.165986660459,47.6252547532677],[-122.165986641594,47.6252544438859],[-122.165986613747,47.6252539801161],[-122.165986585899,47.6252535108972],[-122.165986556254,47.6252530265422],[-122.165986528407,47.6252525688268],[-122.165986500559,47.6252520911317],[-122.165986488881,47.6252518889135],[-122.16598646822,47.6252515492596],[-122.165986440372,47.6252510758026],[-122.165986428694,47.6252508856932],[-122.165986390964,47.6252502578481],[-122.165986364913,47.625249822534],[-122.165986335269,47.6252493224375],[-122.165986308319,47.6252488616948],[-122.16598628137,47.6252484336461],[-122.165986277777,47.6252483301152],[-122.165986251726,47.6252479456584],[-122.165986224776,47.6252475079226],[-122.165986213098,47.625247303888],[-122.165986187047,47.6252468831046],[-122.165986166386,47.6252465186274],[-122.165986152013,47.6252462764499],[-122.165986109792,47.6252455723188],[-122.165986084639,47.6252451648551],[-122.165986054096,47.6252446472007],[-122.16598603613,47.6252443378189],[-122.165986023554,47.6252441301517],[-122.165986011875,47.6252439406478],[-122.165986005587,47.6252438401441],[-122.165985971451,47.6252432631562],[-122.165985957078,47.6252430246113],[-122.165985943603,47.6252428036243],[-122.165985908569,47.625242213922],[-122.165985894196,47.6252419947513],[-122.165985880721,47.6252417519684],[-122.165985845687,47.6252411719532],[-122.165985820534,47.6252407578295],[-122.165985813348,47.625240634319],[-122.165985760347,47.6252397570309],[-122.165985724415,47.6252391594578],[-122.16598571094,47.6252389263619],[-122.16598569477,47.6252386533067],[-122.165985674109,47.6252383203126],[-122.165985667821,47.6252382179926],[-122.165985630091,47.6252375895418],[-122.165985612125,47.6252372904525],[-122.165985579786,47.6252367600837],[-122.16598555104,47.6252362720959],[-122.165985503429,47.6252354971277],[-122.165985483666,47.6252351635281],[-122.165985426174,47.6252342166139],[-122.165985365987,47.6252332152096],[-122.165985299511,47.6252321005873],[-122.165985240223,47.6252311137136],[-122.165985196205,47.6252303811264],[-122.165985150391,47.6252296225052],[-122.165985065051,47.6252282093989],[-122.165984819811,47.625224125679],[-122.165984695844,47.6252220701965],[-122.165984620385,47.6252208108728],[-122.165984576368,47.6252200764691],[-122.165984513485,47.6252190490305],[-122.16598445779,47.6252181287555],[-122.165984411976,47.625217353787],[-122.165984363467,47.6252165485463],[-122.165984363467,47.6252165007162],[-122.165984346399,47.6252162694366],[-122.165984293398,47.6252153709575],[-122.165984245788,47.6252146099142],[-122.165984181109,47.6252135406998],[-122.165984159549,47.6252131871204],[-122.165984099362,47.6252121742123],[-122.165984040972,47.6252112030798],[-122.165983997853,47.6252104977374],[-122.165983943954,47.6252095907819],[-122.165983889156,47.6252086783775],[-122.165983826274,47.6252076351971],[-122.165983798427,47.6252071823248],[-122.16598377507,47.6252067936296],[-122.165983772375,47.6252066949422],[-122.165959923003,47.6252062184576],[-122.165938693118,47.6252057970684],[-122.165938472132,47.6252057934357],[-122.165938136162,47.6252057825377],[-122.165937562139,47.62520575832],[-122.165936953081,47.6252057238096],[-122.165936225446,47.6252056675033],[-122.165935606506,47.6252056075644],[-122.165934958821,47.6252055337001],[-122.165934060506,47.6252054132167],[-122.165933233158,47.6252052806244],[-122.165932680694,47.6252051837534],[-122.165932118348,47.6252050705353],[-122.165931856938,47.6252050124127],[-122.16593163775,47.6252049682152],[-122.165931320644,47.6252048961674],[-122.165930851724,47.6252047859765],[-122.165930310938,47.625204649146],[-122.165929681219,47.6252044778053],[-122.165929156603,47.6252043216007],[-122.165928361594,47.6252040691304],[-122.165927913334,47.6252039177694],[-122.165927434532,47.6252037464287],[-122.165926858712,47.6252035284687],[-122.165926442792,47.6252033619715],[-122.165926077178,47.6252032087942],[-122.165925799599,47.6252030907325],[-122.165925585799,47.6252029950723],[-122.165925453747,47.6252029381605],[-122.165925209405,47.625202824337],[-122.165924940809,47.6252027008264],[-122.165924635382,47.6252025512817],[-122.165924322768,47.6252023938662],[-122.165924166461,47.6252023157638],[-122.165923792762,47.6252021165727],[-122.165923483742,47.6252019512864],[-122.165923186399,47.6252017811566],[-122.1659227597,47.6252015335298],[-122.165922279101,47.6252012374676],[-122.165922038352,47.6252010830792],[-122.165921784129,47.6252009159766],[-122.165921554161,47.6252007627992],[-122.165921257716,47.6252005533154],[-122.165921053799,47.6252004092197],[-122.165920821135,47.6252002372735],[-122.165920667523,47.6252001210283],[-122.165920426775,47.625199921837],[-122.165920380961,47.6251998939866],[-122.165920354011,47.6251998727961],[-122.165920280349,47.6251998061972],[-122.165920084517,47.6251996524143],[-122.165919767411,47.6251993914678],[-122.165919370356,47.6251990445482],[-122.165919047861,47.6251987478805],[-122.165918784654,47.6251984996483],[-122.165918596907,47.6251983113551],[-122.165918300463,47.6251980104493],[-122.165918109121,47.625197801571],[-122.16591793934,47.6251976084342],[-122.165917831542,47.6251975097468],[-122.165917657269,47.6251973208482],[-122.165917394062,47.6251970090443],[-122.165917051804,47.6251965707026],[-122.165916866751,47.6251963206541],[-122.165916516408,47.6251958187407],[-122.165916273863,47.6251954488142],[-122.165916137319,47.6251952229835],[-122.165915977419,47.6251949547716],[-122.165915765417,47.6251945672872],[-122.165915675585,47.6251944001845],[-122.165915640551,47.6251943087625],[-122.165915570482,47.6251941876736],[-122.165915368361,47.6251937632571],[-122.165915218343,47.6251934114938],[-122.165915088985,47.625193088792],[-122.165914840152,47.6251923737622],[-122.165914701812,47.6251919105972],[-122.16591453203,47.6251912052544],[-122.165914485318,47.6251909776074],[-122.165914466453,47.6251908298789],[-122.165914368537,47.6251902716591],[-122.16591434518,47.625190065808],[-122.165914294875,47.6251895887178],[-122.165914262535,47.6251888373613],[-122.165914263434,47.6251884371625],[-122.165914262535,47.6251883269716],[-122.165914284095,47.6251879419089],[-122.165914308349,47.6251877536157],[-122.165914307451,47.6251876864113],[-122.165914311943,47.625187537472],[-122.16591435596,47.6251871172935],[-122.16591444669,47.6251865160872],[-122.165914603895,47.6251857568598],[-122.165914680252,47.6251854662465],[-122.165914860813,47.6251848480876],[-122.165914952442,47.6251845950118],[-122.165914960526,47.6251845635287],[-122.165915044968,47.6251843479905],[-122.16591520936,47.6251839290229],[-122.165915334225,47.6251836178244],[-122.165915409684,47.6251834343747],[-122.165915447413,47.6251833447689],[-122.165915493227,47.6251832600067],[-122.165915753739,47.6251826939161],[-122.165916147201,47.6251819837297],[-122.165916517307,47.6251813867613],[-122.165916753564,47.6251810483178],[-122.165916788598,47.6251809901952],[-122.165916821836,47.625180947814],[-122.165917047313,47.6251806196631],[-122.1659174273,47.6251801213823],[-122.165917669845,47.6251798198709],[-122.165917951018,47.6251794899036],[-122.165918241174,47.6251791653853],[-122.165918317531,47.6251790890993],[-122.165918459464,47.6251789468198],[-122.165918530431,47.6251788638739],[-122.165918596008,47.6251787875879],[-122.165918880774,47.6251785175596],[-122.165919033488,47.6251783704366],[-122.165919108048,47.6251782699328],[-122.165919215846,47.6251781700345],[-122.165919343407,47.6251780519727],[-122.165919464679,47.6251779393601],[-122.165919673987,47.6251777674138],[-122.165919792564,47.6251776663046],[-122.165919907549,47.6251775651953],[-122.165920011753,47.6251774713514],[-122.165920099788,47.6251773902218],[-122.165920132127,47.6251773599496],[-122.165920248908,47.6251772533914],[-122.165921476007,47.6251763028434],[-122.165924947097,47.6251741965016],[-122.165928904176,47.625172530318],[-122.165933231361,47.625171353939],[-122.16593951867,47.6251702980435],[-122.165944966053,47.6251694050126],[-122.165947920612,47.6251689152079],[-122.165947988884,47.6251611528011],[-122.165948025715,47.6251562947121],[-122.165948241311,47.6251277219466],[-122.165948354499,47.6251127250679],[-122.165948388635,47.6251083156094],[-122.165948271854,47.6250736841221],[-122.165947662796,47.6250322758524],[-122.165947497506,47.6250209788294],[-122.16594761249,47.6249822974505],[-122.165947669084,47.6249673053737],[-122.165947784967,47.6249370723683],[-122.165947846052,47.6249211212496],[-122.165947951155,47.6248933947718],[-122.165948061648,47.6248643508239],[-122.165948159564,47.6248388838498],[-122.165948229633,47.6248204418852],[-122.165948240413,47.6248175908271],[-122.165948241311,47.6248172663066],[-122.165948240413,47.6248172112107],[-122.165948242209,47.6248171234207],[-122.165948243108,47.6248168497579],[-122.165948244904,47.6248164162566],[-122.165948245803,47.6248159809389],[-122.165948245803,47.6248158828562],[-122.165948248497,47.6248152071754],[-122.165948252989,47.624814331091],[-122.165948255684,47.6248135107079],[-122.165948261074,47.6248121654006],[-122.165948263769,47.6248113649973],[-122.165948266464,47.6248105464304],[-122.165948270057,47.624809801123],[-122.165948274549,47.624808717975],[-122.165948357194,47.62478681162],[-122.165948440737,47.6247650348222],[-122.165948530568,47.6247413678014],[-122.165948652739,47.6247092256815],[-122.165948790182,47.624673408458],[-122.165948903369,47.624643538553],[-122.165949138728,47.6245821106934],[-122.165949313899,47.6245359377325],[-122.165949497156,47.6244879653259],[-122.165949604055,47.6244598777684],[-122.165949613937,47.6244572192247],[-122.165949085727,47.6244572198301],[-122.165944848374,47.6244571726048],[-122.165944319266,47.6244571671557],[-122.165934146744,47.6244570521197],[-122.165933618535,47.6244570466706],[-122.165876228765,47.6244564024687],[-122.165875700555,47.6244563970196],[-122.165805786473,47.6244556117471],[-122.165805258264,47.6244556056926],[-122.165801876107,47.6244555675491],[-122.165801347897,47.6244555614945],[-122.165800363344,47.6244555505964],[-122.165799839626,47.6244555451473],[-122.165799712065,47.624455543331],[-122.16579931501,47.6244555390928],[-122.165799183856,47.6244555378819],[-122.16579882453,47.6244555336437],[-122.16579829632,47.6244555281947],[-122.165785622888,47.6244553853077],[-122.165785094679,47.6244553798586],[-122.165774015757,47.6244552545299],[-122.165773487547,47.6244552490808],[-122.165755586819,47.624455047465],[-122.165755361341,47.6244311901917],[-122.165755152932,47.6244090287826],[-122.165754970574,47.6243897541675],[-122.165754985846,47.6243718926747],[-122.165755157424,47.6243579387766],[-122.165755276001,47.6243483665469],[-122.165755288578,47.6243473475674],[-122.165755297561,47.6243469746077],[-122.16575549519,47.6243304384399],[-122.165755925483,47.6242954038099],[-122.165756663899,47.6242354467979],[-122.165757348415,47.6241797618159],[-122.165758533293,47.6240834160977],[-122.165759737035,47.6239855244667],[-122.165761580378,47.6238355721897],[-122.165763143447,47.6237084381241],[-122.16576382437,47.6236530728702],[-122.165764702024,47.6235817184914],[-122.16573935516,47.6227176586469],[-122.165737858313,47.6227103827077],[-122.165733735199,47.6227035861584],[-122.165727244253,47.6226976950019],[-122.165718792324,47.6226930784916],[-122.165708909172,47.6226900259871],[-122.165698214267,47.622688728817],[-122.165687377956,47.622689268287],[-122.165677079453,47.6226916105835],[-122.165073283123,47.622685211335],[-122.164583811786,47.6226871082832],[-122.164567709708,47.6226844911888],[-122.164552757272,47.6226796779282],[-122.164539601827,47.6226728768864],[-122.164528812923,47.6226643825072],[-122.164520857654,47.6226545625457],[-122.164516080431,47.622643842146],[-122.164514688078,47.6226326854357],[-122.164516740871,47.6226215754316],[-122.164504589361,47.6221520135625],[-122.164502428014,47.6220673571497],[-122.164515529942,47.6220100931849],[-122.164543693025,47.6219723462583],[-122.164667498837,47.6219157530639],[-122.164964722619,47.6218059269256],[-122.165183721105,47.6217127731861],[-122.16537676367,47.621629767827],[-122.165555192442,47.6215449646462],[-122.165675686166,47.6214726561692],[-122.165807422305,47.6213844607871],[-122.165895278438,47.6213176214731],[-122.166011206924,47.6211998342987],[-122.166077958038,47.6211446976856],[-122.166171752035,47.6210722506028],[-122.166276730956,47.6210040933371],[-122.166375268058,47.6209219309112],[-122.166507192844,47.6208148958341],[-122.166629723048,47.620748859285],[-122.166742701467,47.6206860796187],[-122.166869979268,47.6206103289117],[-122.16698302506,47.6205637243556],[-122.167108791895,47.6205073893953],[-122.167220258448,47.6204640241681],[-122.167346095352,47.6204238650256],[-122.167432102752,47.620394570945],[-122.167502157869,47.6203653113615],[-122.167594558579,47.6203392379059],[-122.16770125957,47.6203001970281],[-122.167830257645,47.6202535594984],[-122.167948042949,47.6201972405525],[-122.168054599311,47.6201258451266],[-122.168162713352,47.6200458169332],[-122.168288378677,47.619967909701],[-122.168386983153,47.619901921128],[-122.168482354592,47.6198262346795],[-122.168792449434,47.6196646471331],[-122.16905727278,47.6195468417024],[-122.16916190046,47.6194490305864],[-122.169177741351,47.6193703686027],[-122.169185262047,47.6192548301558],[-122.169181166627,47.6191560296885],[-122.169151762073,47.6190537533757],[-122.169078801804,47.618994242067],[-122.168988461829,47.6189530457566],[-122.168918629494,47.6189282104843],[-122.168841754367,47.618889868531],[-122.168772061271,47.6188745138184],[-122.168642168474,47.6188840367925],[-122.168425903561,47.61892946451],[-122.168229762707,47.6190012212462],[-122.168116529167,47.6190508081482],[-122.168046751629,47.6191150091048],[-122.16800498446,47.6192271745452],[-122.167990226936,47.6193480809183],[-122.167965538537,47.6194298649511],[-122.167905147496,47.6195120654469],[-122.167805045528,47.6195639261585],[-122.167616226842,47.6196062663998],[-122.167356009159,47.6196414161916],[-122.167071854068,47.6196688202971],[-122.167071324961,47.6196688324073],[-122.166855787683,47.6196752774381],[-122.166855675394,47.6196752762271],[-122.166855260372,47.6196752871262],[-122.166721144595,47.619667804254],[-122.166535037923,47.6196507373917],[-122.166432636268,47.61961081014],[-122.166360817758,47.61957738058],[-122.166307515322,47.6194751965235],[-122.166264344985,47.6193728917705],[-122.166196345213,47.6190926771089],[-122.166197875942,47.6187568174173],[-122.166160186226,47.618387501632],[-122.166134197965,47.6182995335666],[-122.166096960101,47.6182357700087],[-122.166036602297,47.6181963533454],[-122.165964589751,47.6181650973242],[-122.165890831778,47.6181382646527],[-122.165820640116,47.6181351752584],[-122.165720124924,47.6181289056403],[-122.165622769107,47.6181161611285],[-122.165514231061,47.6180991234304],[-122.165416851888,47.6180809848792],[-122.165233044903,47.6180474538235],[-122.165233139226,47.6180473726829],[-122.165257630894,47.6180273818054],[-122.16535302479,47.6179570872943],[-122.165472083905,47.6178274302231],[-122.165540199559,47.6177205238441],[-122.165592271303,47.6175920796733],[-122.165641133366,47.617459328024],[-122.165681995932,47.6173212006987],[-122.165705232654,47.617164773672],[-122.165715538127,47.6169695480558],[-122.165708360587,47.616788378153],[-122.165638582151,47.6165178195867],[-122.165540618174,47.6163648720499],[-122.165324390092,47.6161603955033],[-122.165180438661,47.6160690144441],[-122.16499661371,47.6159777125524],[-122.164867103595,47.6159057142903],[-122.164742405756,47.6158401765714],[-122.164638402405,47.6157648911751],[-122.164532625781,47.6156497050659],[-122.164457127771,47.6155269086769],[-122.164448609945,47.6154029008839],[-122.164484754559,47.6152798822807],[-122.164484069145,47.6151235042531],[-122.164470501889,47.614939110597],[-122.164453441983,47.6146857017856],[-122.164430249279,47.614488386786],[-122.164402054756,47.6142414693311],[-122.164399363403,47.6139912678929],[-122.164404224187,47.6136439875361],[-122.164414296098,47.6133948381614],[-122.164414672492,47.6131165892839],[-122.164397401483,47.6128146495494],[-122.164388341973,47.612566616566],[-122.164351440978,47.612152553839],[-122.164319661278,47.6118150513911],[-122.164315013395,47.6114818108172],[-122.164321949287,47.6112445319198],[-122.164295667277,47.6110698706355],[-122.164272594049,47.6108995152604],[-122.164270377006,47.610757160395],[-122.164290641203,47.6106503515988],[-122.164310672735,47.6104896162584],[-122.164362925939,47.6104043123327],[-122.164410252781,47.6102855848794],[-122.164475151569,47.6101743716694],[-122.164566945916,47.6100134943623],[-122.164613890974,47.609808488496],[-122.164630616707,47.6096218770749],[-122.164650313168,47.6093856501926],[-122.164647930836,47.6092055483864],[-122.164661185478,47.6089553149808],[-122.164644434592,47.6087720060692],[-122.164587578421,47.6085348541739],[-122.164492506122,47.6083107212518],[-122.164355323496,47.6079389200099],[-122.164204084033,47.6076340123842],[-122.164067377515,47.6073700577104],[-122.163956362814,47.6071459537134],[-122.163853202982,47.6068948752539],[-122.163772714831,47.6067224791412],[-122.16368092767,47.6065188297739],[-122.163608578255,47.6063841621636],[-122.163529672936,47.6062085276979],[-122.163484452642,47.6060781225702],[-122.163374907585,47.6058238180387],[-122.163330962001,47.6056200731106],[-122.163291853846,47.6054281822334],[-122.163272019044,47.6052675271462],[-122.163277471818,47.6050550546602],[-122.163302218607,47.6048792140405],[-122.163311163133,47.604735757408],[-122.163367474924,47.6044843596914],[-122.163468298239,47.6042015964607],[-122.163594691199,47.6039317244336],[-122.163714785173,47.6036801986858],[-122.163811358558,47.6035203904435],[-122.163955133919,47.6032148931551],[-122.16406920918,47.6030464219696],[-122.16431176868,47.6027234715664],[-122.164513423393,47.6025278613203],[-122.16463056191,47.602331344202],[-122.164770366717,47.6022135075945],[-122.164934068508,47.6020902314286],[-122.165109040562,47.6019928171094],[-122.16531585969,47.6018845530551],[-122.165514772745,47.6017924819744],[-122.165779002305,47.6016862593762],[-122.166057618383,47.6015886353321],[-122.166337934074,47.6015147322633],[-122.166667663394,47.6014374939985],[-122.166922597187,47.601393837959],[-122.167206214187,47.6013458110036],[-122.167405443449,47.6013292312179],[-122.167599458889,47.6013277611336],[-122.1675999862,47.6013277556822],[-122.167832723521,47.601340217174],[-122.167832844793,47.6013402189912],[-122.168015663632,47.6013344707021],[-122.168016190943,47.601334462222],[-122.168246870223,47.6013339921828],[-122.168247398432,47.6013339927885],[-122.168435029546,47.6013346863387],[-122.168435557755,47.6013346833101],[-122.168622208807,47.6013547932331],[-122.168767288522,47.6013674321946],[-122.168767370268,47.6013674340117],[-122.169001208025,47.6013605009366],[-122.169001736234,47.6013604924565],[-122.169184579327,47.6013601193327],[-122.169184715871,47.6013601163042],[-122.169328063634,47.6013544346466],[-122.169514570955,47.601342190006],[-122.169654748564,47.6013106271074],[-122.169831652894,47.6012908521313],[-122.169831664572,47.6012909030119],[-122.169832181104,47.6012908460741],[-122.169859815977,47.6014083437396],[-122.16988893307,47.6015010333296],[-122.169950520668,47.601723073002],[-122.170032553023,47.6018814427119],[-122.170053795484,47.6019957178692],[-122.170079972392,47.6021434153327],[-122.170125301381,47.6022953899003],[-122.170167301214,47.6024160949574],[-122.17019177761,47.6025400687353],[-122.170222520654,47.602640303412],[-122.17028188043,47.602719990582],[-122.170310660655,47.6027371877455],[-122.170448119063,47.60280916295],[-122.170576000532,47.6028790005303],[-122.170715087586,47.6029585225857],[-122.170847902602,47.6030617831471],[-122.170979434824,47.6031491505532],[-122.170342047791,47.6031716159495],[-122.170352260737,47.6032947878099],[-122.170216143514,47.6033319267749],[-122.169956293242,47.6033481818778],[-122.169951788191,47.6035529580683],[-122.169605287324,47.6037485426764],[-122.169588955952,47.604633665484],[-122.16960177042,47.6057663230878],[-122.169852401282,47.6057664520954],[-122.170505775633,47.6057323601666],[-122.171521361486,47.6057336278334],[-122.172370992573,47.6057368396999],[-122.173445822319,47.6057509245473],[-122.173832316182,47.6057446576841],[-122.173925767022,47.6059230864405],[-122.174100926825,47.6062171462996],[-122.174301448763,47.6064755637809],[-122.174436398176,47.6066942124548],[-122.174636945267,47.6069580227594],[-122.174706898874,47.6071334306165],[-122.174703334359,47.6074048075195],[-122.174563472958,47.6077134926893],[-122.174077673035,47.6081190794741],[-122.173719635106,47.6085660008806],[-122.173543791686,47.6091178816185],[-122.173631860719,47.6094558490308],[-122.174261428817,47.6099234294772],[-122.174774956139,47.6103804722664],[-122.174990770996,47.6118376269182],[-122.176374172042,47.6118353444152],[-122.176382178726,47.6119108341053],[-122.176417397177,47.6126128255332],[-122.176415847296,47.6126358375485],[-122.176417996092,47.6126588275451],[-122.176423818238,47.6126815244963],[-122.176433245102,47.6127036608294],[-122.176446165555,47.6127249755808],[-122.176462427284,47.6127452174717],[-122.176481838583,47.6127641478713],[-122.176504170617,47.6127815436096],[-122.176529160115,47.6127971996084],[-122.176556512478,47.6128109312992],[-122.176585905252,47.6128225767988],[-122.176616991926,47.6128319988183],[-122.176649406018,47.6128390862811],[-122.176682765399,47.6128437556331],[-122.176716676794,47.6128459518271],[-122.176750740419,47.612845648972],[-122.176742690844,47.6128669191419],[-122.176739832339,47.6128887894789],[-122.176742240111,47.6129106846155],[-122.176749850824,47.612932028531],[-122.176762464259,47.6129522597058],[-122.176779748585,47.6129708458937],[-122.176801249086,47.6129872981248],[-122.176826400125,47.6130011835693],[-122.176806424289,47.6132491684672],[-122.176840536015,47.6136094750201],[-122.176850950184,47.6136226917704],[-122.176807402554,47.6136703447131],[-122.176778048305,47.613700429812],[-122.176741293735,47.6137383867904],[-122.176705609957,47.6137748310109],[-122.17668108056,47.6138075472786],[-122.176664804884,47.6138278449797],[-122.17665453175,47.6138550486589],[-122.176652454845,47.6138774931066],[-122.176644225379,47.6143787285327],[-122.176642323073,47.6143964759516],[-122.176643730884,47.6144142444426],[-122.176648426539,47.6144317528438],[-122.17665633574,47.6144487241082],[-122.176667333337,47.6144648896883],[-122.176681245309,47.6144799937851],[-122.176697851522,47.6144937973959],[-122.176716889204,47.6145060820965],[-122.17678770789,47.6145058350247],[-122.17680952161,47.6145085737915],[-122.176830206607,47.6145139990418],[-122.176849046033,47.6145219227609],[-122.176865386995,47.6145320703479],[-122.176878663186,47.6145440901325],[-122.176888414511,47.6145575655622],[-122.176894303027,47.6145720296376],[-122.176896124663,47.6145869810971],[-122.176898871711,47.6149265911828],[-122.176913812491,47.6155052461051],[-122.176928575404,47.6158482806828],[-122.176948752464,47.6159438380113],[-122.176986222093,47.616023226361],[-122.177011784552,47.616098763294],[-122.177025854865,47.6161864098825],[-122.177028121314,47.6162741968111],[-122.177015015968,47.6162985343783],[-122.177011010692,47.6163242929682],[-122.177016343602,47.6163499412994],[-122.177030697682,47.6163739546432],[-122.177121281101,47.6164527149946],[-122.177135640731,47.6164685440235],[-122.177146284725,47.6164856622206],[-122.177152966948,47.6165036737444],[-122.177155532875,47.6165221620959],[-122.177153923168,47.6165406997494],[-122.177148175044,47.6165588580387],[-122.17713842142,47.6165762170696],[-122.177124887837,47.6165923754295],[-122.177101068957,47.6165961788462],[-122.177078961081,47.6166032775641],[-122.177059548926,47.6166133553953],[-122.177043697144,47.6166259634573],[-122.1770321118,47.6166405401669],[-122.177025308928,47.6166564362536],[-122.177023591545,47.6166729436792],[-122.177027036149,47.6166893271745],[-122.177014215567,47.6167186895486],[-122.177007871539,47.6167490028228],[-122.177008139994,47.6167796175517],[-122.177015015193,47.6168098778306],[-122.177028349847,47.6168391353471],[-122.17704785828,47.6168667632718],[-122.17707312254,47.6168921696875],[-122.177103601358,47.6169148102711],[-122.177133431479,47.616969663498],[-122.177154355487,47.6170263691483],[-122.177166130191,47.6170842682356],[-122.177168618723,47.6171426879024],[-122.177171541302,47.6171631537467],[-122.177171603021,47.6171837147284],[-122.177168803329,47.6172041884253],[-122.177163167061,47.6172243931896],[-122.177154744221,47.6172441497591],[-122.177143609536,47.6172632828479],[-122.177129861793,47.6172816227019],[-122.177113622963,47.6172990066042],[-122.177067504355,47.6173404863975],[-122.177039169694,47.6173876987561],[-122.177040303368,47.6174315921387],[-122.175931015146,47.6174526677554],[-122.175894883146,47.6174614021907],[-122.175862063083,47.6174748443457],[-122.175833880045,47.6174924515031],[-122.175811471909,47.6175135127859],[-122.175795743396,47.6175371778582],[-122.175787329546,47.6175624912567],[-122.175786570073,47.6175884309664],[-122.175793495652,47.6176139496836],[-122.175809766837,47.6189309571093],[-122.175822806782,47.6189787008861],[-122.175847339772,47.6190143361181],[-122.1758638014,47.6190510727585],[-122.175877293197,47.6190649202915],[-122.175824858534,47.6191229758624],[-122.175721289968,47.6192793594888],[-122.175624639328,47.6194384329331],[-122.175561366491,47.6195796494238],[-122.175499662113,47.6197415823721],[-122.175459746371,47.6198968942196],[-122.175432067481,47.6200246121783],[-122.175427643278,47.6200240036465],[-122.175383966045,47.620040468839],[-122.175342347665,47.6200592139407],[-122.175303047925,47.6200801219435],[-122.17526631214,47.620103062338],[-122.175232369622,47.6201278919284],[-122.175201432248,47.620154455726],[-122.175173693135,47.6201825879169],[-122.17514932544,47.6202121128969],[-122.175137842276,47.6219484811915],[-122.175159094835,47.6219679955737],[-122.175182959048,47.6219860774123],[-122.175209224832,47.6220025675279],[-122.175237660966,47.6220173207533],[-122.175268017119,47.6220302072114],[-122.175300026058,47.622041113459],[-122.175333406,47.6220499434849],[-122.175367863091,47.6220566195556],[-122.175374549251,47.622056592309],[-122.175375076563,47.6220565898871],[-122.175382564919,47.6220565577966],[-122.175383093128,47.6220565553747],[-122.175396372025,47.6220564996704],[-122.175396900234,47.622056496643],[-122.175405356076,47.6220564609196],[-122.175405884285,47.6220564584977],[-122.17542489084,47.6220563773633],[-122.175425419049,47.6220563749414],[-122.175437298371,47.6220563246865],[-122.17543782658,47.6220563222646],[-122.175462465572,47.6220562175164],[-122.175462993781,47.6220562150945],[-122.175477338978,47.6220561545464],[-122.175477867187,47.6220561521245],[-122.1755032949,47.6220560437434],[-122.175503823109,47.6220560413215],[-122.175519493321,47.6220559753241],[-122.17552002153,47.6220559722967],[-122.175537795597,47.6220558972171],[-122.175538323806,47.6220558941897],[-122.175547052736,47.6220558572553],[-122.175547580945,47.6220558524115],[-122.175547602504,47.6220586309626],[-122.17554767437,47.6220680371044],[-122.175547779473,47.6220818390327],[-122.175547870202,47.6220936761739],[-122.175547964526,47.6221060521897],[-122.17554805256,47.6221176574265],[-122.175548119934,47.6221264592888],[-122.175548220545,47.6221395479466],[-122.175548278936,47.6221472841609],[-122.175548393022,47.6221620433314],[-122.175548460396,47.6221709608329],[-122.175548504413,47.6221767946266],[-122.175548567295,47.6221851242051],[-122.175548640059,47.622194464327],[-122.175548668805,47.6221983890426],[-122.175548732585,47.6222066623081],[-122.17554879906,47.6222152879611],[-122.175548837688,47.6222204078904],[-122.175548891587,47.6222275434578],[-122.175548966147,47.6222371293965],[-122.175549034419,47.622246105011],[-122.17554906047,47.622249556844],[-122.175549113471,47.6222565773666],[-122.175549180844,47.6222652641647],[-122.17554922037,47.6222703834835],[-122.175549264388,47.6222762723647],[-122.175549331761,47.6222850838879],[-122.175549369491,47.6222899610136],[-122.175549426085,47.6222973980996],[-122.175549480882,47.622304535473],[-122.175549524899,47.6223103704629],[-122.175549570713,47.6223162593395],[-122.175549601256,47.6223208422001],[-122.175544605725,47.6223234693677],[-122.17553696196,47.6223274842897],[-122.175525425795,47.6223335445146],[-122.175518389291,47.6223372373218],[-122.175517863777,47.6223372427711],[-122.175516356404,47.6223372488259],[-122.175515828195,47.6223372500368],[-122.175495680779,47.6223373063463],[-122.17549515257,47.6223373081626],[-122.17547931078,47.6223373505461],[-122.175478782571,47.6223373523625],[-122.175455106573,47.6223374177541],[-122.175454578364,47.6223374195705],[-122.175446742359,47.6223374407622],[-122.17544621415,47.6223374425786],[-122.175435302314,47.6223374728525],[-122.175434774105,47.622337474669],[-122.175416037045,47.6223375255291],[-122.175415508835,47.6223375273455],[-122.175414361687,47.6223375303729],[-122.175413833477,47.6223375315839],[-122.175404326607,47.6223375582249],[-122.175403798397,47.6223375600413],[-122.175391572326,47.6223375939481],[-122.175391044117,47.6223375957645],[-122.175382150795,47.6223376193781],[-122.175381622586,47.6223376211945],[-122.175377221739,47.6223376333041],[-122.17537669353,47.6223376351205],[-122.175374763051,47.6223376399643],[-122.175374234841,47.6223376417808],[-122.175370838311,47.6223376490465],[-122.175368265536,47.6223372264232],[-122.175362706761,47.6223363139686],[-122.175355489696,47.6223351296546],[-122.17534644456,47.6223336450238],[-122.175335188669,47.6223317977119],[-122.175329485265,47.6223308622491],[-122.175313278759,47.6223282023861],[-122.17529673269,47.6223254874245],[-122.175283234605,47.6223232725875],[-122.175265201824,47.6223203130127],[-122.175251707331,47.6223180993862],[-122.175239482159,47.6223160934385],[-122.175220140532,47.6223129201297],[-122.175218694245,47.6223120682225],[-122.175209060712,47.6223063894462],[-122.175204879054,47.6223039251514],[-122.175196917286,47.6222992333032],[-122.17518758918,47.6222937343525],[-122.17518507749,47.6222923223778],[-122.175184558264,47.6222919487979],[-122.175182431952,47.6222906954585],[-122.175174264469,47.622285881908],[-122.175159476403,47.6222771660505],[-122.175150009058,47.6222715865688],[-122.175143506154,47.6222677544969],[-122.175142462311,47.6222671375145],[-122.175142489261,47.6222674717385],[-122.175142570109,47.622268405386],[-122.175142683297,47.622269686578],[-122.175143260015,47.6222762523838],[-122.175144092754,47.6222857287221],[-122.175145128511,47.6222975313048],[-122.175146673613,47.6223151186194],[-122.175147398554,47.6223233755187],[-122.17514851516,47.6223360857037],[-122.17514964524,47.6223489478603],[-122.175150314485,47.6223565720305],[-122.17515130892,47.6223679005086],[-122.175152399475,47.6223803043115],[-122.175153434334,47.622392089314],[-122.175154219462,47.6224010164638],[-122.17515480696,47.6224077245402],[-122.175155802293,47.6224190469525],[-122.175156562268,47.6224276980004],[-122.175157082393,47.6224336135047],[-122.175157858537,47.6224424643574],[-122.175158696665,47.6224520024241],[-122.17515946742,47.6224607672961],[-122.17516003246,47.6224671992677],[-122.175160707095,47.6224748839681],[-122.175161246982,47.6224810307589],[-122.175161716801,47.6224863801374],[-122.175162249502,47.6224924476096],[-122.175163095715,47.6225020698281],[-122.175163472109,47.6225063626498],[-122.175163992234,47.6225122781452],[-122.175164235677,47.6225150548556],[-122.175164981279,47.6225235345381],[-122.175165565184,47.6225301990045],[-122.175166104173,47.6225363276245],[-122.175166935115,47.6225457924115],[-122.175167431883,47.6225514445209],[-122.175167946618,47.6225573037021],[-122.175168534116,47.6225639917777],[-122.175168991358,47.6225691982557],[-122.175169554602,47.6225756193154],[-122.175169999268,47.6225806865331],[-122.175170519393,47.6225866050475],[-122.175171020653,47.6225922989303],[-122.175171671931,47.6225997214418],[-122.175172075275,47.6226043030667],[-122.175172757096,47.6226120761463],[-122.175173516172,47.6226207156582],[-122.175174084806,47.622627186966],[-122.175174414488,47.6226309469602],[-122.175174431556,47.622631114071],[-122.175174525879,47.6226310813754]]]},"properties":{"OBJECTID":14,"SD_BASIN_ID":7,"BASIN":"WEST TRIBUTARY","TYPE":"BASIN","BASIN_NO":80,"SYMBOL":82,"SysChangeUser":"gisdba_cobgis","SysCreateDate":"Fri, 02 Oct 2026 19:14:30 GMT","SysChangeDate":"Fri, 02 Oct 2026 19:14:30 GMT","SysCreateUser":"gisdba_cobgis"}},{"type":"Feature","id":15,"geometry":{"type":"Polygon","coordinates":[[[-122.162489978995,47.6469922671583],[-122.162481085674,47.646781981323],[-122.162483334157,47.6465652026952],[-122.162479398638,47.6463937320008],[-122.162466064046,47.6462632618702],[-122.16251291029,47.6460259041896],[-122.162561618741,47.6458500155433],[-122.162600625387,47.6456450267271],[-122.162653961959,47.6454324598786],[-122.162715535183,47.6452791938684],[-122.162761218109,47.6451421362335],[-122.162797295349,47.6449975481549],[-122.162876196177,47.6447924797359],[-122.16291850503,47.6446133677743],[-122.162959161882,47.6444213179821],[-122.16303317857,47.6441936119174],[-122.163077185239,47.6440382233757],[-122.163130775135,47.6438849720367],[-122.163139491489,47.6436875941467],[-122.163146460619,47.6434557069614],[-122.163112162941,47.6432756686435],[-122.163071657905,47.6431355468864],[-122.163032617123,47.6429652233599],[-122.163001533617,47.6427894932697],[-122.162917847464,47.6426289650696],[-122.162845306708,47.6424619451309],[-122.162814415442,47.6423293546873],[-122.162765925281,47.6421892473389],[-122.162738361375,47.642087926386],[-122.162688295569,47.6419510576896],[-122.162617224457,47.6417538371212],[-122.162575372846,47.641670876903],[-122.162512772847,47.6415868797521],[-122.162446986524,47.641503967084],[-122.162382851304,47.6414339934542],[-122.162300846797,47.6412917955647],[-122.162273048431,47.6411365509168],[-122.162289957419,47.6409876870792],[-122.162340499332,47.640867875441],[-122.162414907685,47.6407318400236],[-122.162406321588,47.640591653943],[-122.16240713097,47.6404104672451],[-122.162393777513,47.6402746061648],[-122.162348548237,47.6401495911913],[-122.162335267544,47.6400299053436],[-122.162353988434,47.6399317282311],[-122.16236634027,47.639835720239],[-122.162329207509,47.6397376498955],[-122.162291945391,47.63960722851],[-122.162216271311,47.6394520769115],[-122.162166254015,47.6393259928599],[-122.162151578238,47.6392526866594],[-122.16214824998,47.6392214165954],[-122.162113842708,47.6390144170401],[-122.162106978681,47.6389033472539],[-122.162136749748,47.6387771057141],[-122.162180684552,47.6386055404514],[-122.162214895092,47.6383994833159],[-122.162211194033,47.6382819361954],[-122.162193024709,47.6381396122994],[-122.162144058441,47.6378862675176],[-122.162082644218,47.6377073606799],[-122.162021491405,47.6375877703227],[-122.161994019127,47.637508017036],[-122.161942330066,47.6373636015246],[-122.161876037991,47.6371620574934],[-122.16186240426,47.6369614878362],[-122.161867982798,47.6367759781349],[-122.161873819152,47.6366497859329],[-122.161860418983,47.6365031374697],[-122.161823014033,47.636340360577],[-122.161806381725,47.6361840140665],[-122.16177190708,47.635960837418],[-122.16173757347,47.6357700142808],[-122.161726035508,47.6356848375535],[-122.161690166677,47.6355080369727],[-122.161612431862,47.6352428852219],[-122.161576750779,47.6351092231834],[-122.161537743235,47.6349442930219],[-122.161486013749,47.6347890936779],[-122.16144224154,47.6346284876254],[-122.161371251277,47.6344474424781],[-122.161327615612,47.6343191889224],[-122.161307593062,47.6341153970184],[-122.161244695721,47.6339612963313],[-122.161234649861,47.6338513126868],[-122.161235672144,47.6337186574107],[-122.161236835462,47.6336183557786],[-122.161236346779,47.633505117061],[-122.161220160934,47.633451225917],[-122.16117985173,47.633354241089],[-122.161142824073,47.6332777417597],[-122.161101003005,47.6332001726622],[-122.161054070523,47.6330460432458],[-122.161037556793,47.6329166584744],[-122.161042836192,47.6326610479388],[-122.161042253185,47.6325262394044],[-122.161033322135,47.632305168322],[-122.161023065171,47.6321466522211],[-122.161014482667,47.6320064667146],[-122.160992968914,47.6318274810239],[-122.161000155436,47.6316441251622],[-122.161018807156,47.6315297701],[-122.161062437431,47.6312881042272],[-122.161106277014,47.6310949696509],[-122.161157766649,47.6308263266851],[-122.161177145107,47.6307291263132],[-122.161199930874,47.6306148612668],[-122.161237396011,47.6304238963197],[-122.161268606179,47.6302620618421],[-122.161288512846,47.630068974932],[-122.161332443158,47.6298974095296],[-122.161390583021,47.6296913053396],[-122.161444163935,47.6295380548983],[-122.161491559049,47.6294301130239],[-122.161538931706,47.6293167792645],[-122.161591186706,47.6292260841106],[-122.161711745109,47.6290662304235],[-122.16185309412,47.6289181991301],[-122.161935603481,47.6288145016631],[-122.161981393306,47.6287044054787],[-122.162020506852,47.62852637955],[-122.162061294857,47.6283666829451],[-122.162064029329,47.6283515320113],[-122.162103115932,47.6283217285403],[-122.162140040211,47.628290690582],[-122.162174716965,47.6282584897565],[-122.162207066183,47.628225200367],[-122.162237013224,47.6281908992283],[-122.16226448899,47.62815566549],[-122.162289430086,47.6281195804532],[-122.162311778967,47.6280827273832],[-122.16233148407,47.6280451913175],[-122.16234849993,47.6280070588692],[-122.16236278729,47.6279684180276],[-122.162374313189,47.6279293579546],[-122.162383051039,47.6278899687795],[-122.162388980682,47.6278503413908],[-122.162392088443,47.6278105672261],[-122.162392367158,47.6277707380619],[-122.162399753107,47.6274295749564],[-122.162392704667,47.6274122995014],[-122.162380839829,47.6273962741428],[-122.162364607998,47.6273821058682],[-122.162344623984,47.6273703313244],[-122.162321644718,47.6273613964914],[-122.162296540576,47.6273556397905],[-122.162270262419,47.6273532792657],[-122.162243805573,47.6273544043258],[-122.162145837105,47.6273541088812],[-122.161982419182,47.6273565590133],[-122.161915898037,47.6272119174732],[-122.161846735845,47.6270815586631],[-122.161699013286,47.6268618406801],[-122.161573921984,47.6267100228582],[-122.161495225074,47.6265883095231],[-122.161381659157,47.6265200922464],[-122.161324480491,47.6264881007613],[-122.161254810751,47.6264399249055],[-122.161153014561,47.6263948451769],[-122.161075504325,47.626354926103],[-122.160994119656,47.626321773905],[-122.160906762986,47.6262851265286],[-122.160818046267,47.626271055082],[-122.160714534295,47.6262502736274],[-122.160610520165,47.6262459750589],[-122.160444189903,47.6262262107209],[-122.160428975977,47.626224791361],[-122.160414612177,47.6262211162987],[-122.160401820512,47.6262153702644],[-122.160391243967,47.6262078420874],[-122.160383414179,47.6261989101783],[-122.160378724719,47.6261890235069],[-122.160377411303,47.6261786790348],[-122.160379539949,47.6261683967351],[-122.160407174822,47.625465599211],[-122.160400012554,47.6254531210655],[-122.160408498939,47.62507977309],[-122.160412910565,47.6248474606326],[-122.160417109291,47.6246264212463],[-122.160418988566,47.6245274474783],[-122.160419171823,47.6245179327975],[-122.160361848528,47.624490190364],[-122.160390034966,47.6244505344185],[-122.160390387106,47.6244505374458],[-122.160390724873,47.6244505398676],[-122.160391165945,47.6244505428949],[-122.160391651934,47.6244505465276],[-122.160392130736,47.6244505507657],[-122.160393243749,47.6244505774057],[-122.160394241777,47.6244505901202],[-122.160395976424,47.6244506113111],[-122.160398714489,47.624450644611],[-122.160400113166,47.6244506627745],[-122.160401460638,47.6244506791218],[-122.160402152341,47.6244506882036],[-122.160406167811,47.6244507378507],[-122.160411261258,47.6244508014233],[-122.16041373432,47.6244508323014],[-122.160418169303,47.6244508873976],[-122.160425638794,47.6244509812428],[-122.160428487352,47.6244510163591],[-122.160438255633,47.6244511380552],[-122.160459962523,47.6244514086927],[-122.160465612926,47.6244514795307],[-122.160473593559,47.624451578825],[-122.160490975062,47.6244517955771],[-122.160499900722,47.624451906375],[-122.160517441227,47.6244521249436],[-122.160526056968,47.6244522321087],[-122.160541369651,47.6244524234319],[-122.160552892341,47.6244525669242],[-122.160557268933,47.6244526208095],[-122.160557245577,47.6244537941774],[-122.160559362008,47.6244537542175],[-122.160571867455,47.6244535120363],[-122.160576937546,47.6244534145584],[-122.160586018615,47.6244532395825],[-122.160597945547,47.6244530095104],[-122.160605916299,47.6244528551198],[-122.160612141624,47.6244527352401],[-122.160614992876,47.6244526801439],[-122.160617782145,47.6244526262586],[-122.160619702744,47.6244525893259],[-122.160623805349,47.6244525100116],[-122.160627398611,47.62445244099],[-122.160628172958,47.6244524258537],[-122.160629340768,47.6244524028464],[-122.160630101641,47.6244523889211],[-122.160631029601,47.6244523707574],[-122.16063157937,47.6244523598593],[-122.16063200068,47.624452351383],[-122.160632360006,47.624452344723],[-122.160632644772,47.6244523392739],[-122.160632922351,47.6244523344303],[-122.160633214304,47.624452318083],[-122.160633409238,47.6244523186885],[-122.160714546871,47.6243760194484],[-122.160627008742,47.6243420171484],[-122.159846070926,47.6243351815694],[-122.159844080259,47.6243351640112],[-122.159705817859,47.6243339524971],[-122.1597049429,47.624221662391],[-122.159703741852,47.6240674332347],[-122.15970276179,47.6239631915239],[-122.159701291248,47.6237529225794],[-122.159700604935,47.6236647340715],[-122.159700290525,47.6236237739389],[-122.159705595975,47.6236235795854],[-122.159708641264,47.6236234693912],[-122.159712428561,47.6236233325567],[-122.159717662146,47.6236231430469],[-122.159723913522,47.6236229166039],[-122.15972908692,47.6236227295159],[-122.159729745385,47.6236227052974],[-122.159732072021,47.6236226217436],[-122.159741103683,47.6236222941883],[-122.159750362619,47.623621958762],[-122.159752432337,47.6236218842901],[-122.159759723962,47.6236216203084],[-122.159766674228,47.623621368436],[-122.159774231754,47.6236210947669],[-122.159777850168,47.623620963987],[-122.159785952972,47.6236206703376],[-122.159795882949,47.6236203112983],[-122.15980215858,47.6236200842498],[-122.159815644089,47.6236195956415],[-122.159820813893,47.6236194085535],[-122.159828662474,47.6236191245916],[-122.159832350957,47.6236189907843],[-122.159841693436,47.6236186529362],[-122.159847042903,47.6236184591881],[-122.159856609961,47.6236181128635],[-122.159859623809,47.6236180038802],[-122.159866097069,47.6236177701716],[-122.159872394259,47.6236175419122],[-122.159878995978,47.6236173033599],[-122.159882753631,47.6236171665254],[-122.159886804134,47.6236170193979],[-122.15989105586,47.6236168656104],[-122.159894316745,47.6236167475452],[-122.159896371192,47.6236166761006],[-122.159898899051,47.6236165798321],[-122.159899775807,47.6235258723652],[-122.159900466611,47.6234540255702],[-122.159901369418,47.6233600495179],[-122.159902180597,47.623275709904],[-122.159898775982,47.6232237245152],[-122.15989812111,47.6232135587198],[-122.159920312193,47.6231661566613],[-122.160002679619,47.6230301072472],[-122.160070836596,47.6229285959569],[-122.160148644175,47.6228453999882],[-122.160255099926,47.6227470507233],[-122.160379204877,47.6226723880113],[-122.160493820924,47.6226171609191],[-122.160576650085,47.6225889579217],[-122.160692962152,47.622557451438],[-122.16084436421,47.6225247987705],[-122.160957515104,47.6224997720483],[-122.161097825664,47.6224843965988],[-122.161227041131,47.6224862959763],[-122.161292548976,47.6225098949938],[-122.161366052726,47.6225388688037],[-122.161406026858,47.6225603589285],[-122.161454022047,47.6225926216481],[-122.161498737487,47.6226043944934],[-122.161553035256,47.6226183070819],[-122.161608890703,47.6226235886332],[-122.16167425392,47.6226148322652],[-122.161698157192,47.6226093902622],[-122.161750641262,47.6225726203991],[-122.161809585118,47.6225552462983],[-122.1618524653,47.6225109448882],[-122.16193024503,47.6224223558816],[-122.161968287784,47.6223661997234],[-122.162041183374,47.6222549710324],[-122.162090152337,47.6221437911486],[-122.162186368192,47.6218923154421],[-122.162233378828,47.6216980950237],[-122.16227251034,47.6215254601011],[-122.162287526578,47.6213097349746],[-122.162288052991,47.6210638403165],[-122.162288839915,47.6208772611875],[-122.162283113155,47.6206604979866],[-122.162296570816,47.6204534025006],[-122.162308751073,47.6203196469298],[-122.16233672012,47.6201481131034],[-122.162401288327,47.6199560157666],[-122.162492894927,47.6197466080845],[-122.16257201674,47.6196008567812],[-122.162657603729,47.6194745044249],[-122.162797249535,47.6193081401141],[-122.162989582431,47.619153536786],[-122.163193330218,47.6190571466845],[-122.163412917101,47.6189337618636],[-122.16354189182,47.6188817370372],[-122.163726551306,47.618797247296],[-122.163911258404,47.6187235411132],[-122.164138837598,47.6186055319235],[-122.164385552704,47.6184864058847],[-122.16461164339,47.6183932032383],[-122.164815389381,47.6182968099184],[-122.164999995867,47.6182015348262],[-122.165138430744,47.6181246827003],[-122.165233044903,47.6180474538235],[-122.165416851888,47.6180809848792],[-122.165514231061,47.6180991234304],[-122.165622769107,47.6181161611285],[-122.165720124924,47.6181289056403],[-122.165820640116,47.6181351752584],[-122.165890831778,47.6181382646527],[-122.165964589751,47.6181650973242],[-122.166036602297,47.6181963533454],[-122.166096960101,47.6182357700087],[-122.166134197965,47.6182995335666],[-122.166160186226,47.618387501632],[-122.166197875942,47.6187568174173],[-122.166196345213,47.6190926771089],[-122.166264344985,47.6193728917705],[-122.166307515322,47.6194751965235],[-122.166360817758,47.61957738058],[-122.166432636268,47.61961081014],[-122.166535037923,47.6196507373917],[-122.166721144595,47.619667804254],[-122.166855260372,47.6196752871262],[-122.166855675394,47.6196752762271],[-122.166855787683,47.6196752774381],[-122.167071324961,47.6196688324073],[-122.167071854068,47.6196688202971],[-122.167356009159,47.6196414161916],[-122.167616226842,47.6196062663998],[-122.167805045528,47.6195639261585],[-122.167905147496,47.6195120654469],[-122.167965538537,47.6194298649511],[-122.167990226936,47.6193480809183],[-122.16800498446,47.6192271745452],[-122.168046751629,47.6191150091048],[-122.168116529167,47.6190508081482],[-122.168229762707,47.6190012212462],[-122.168425903561,47.61892946451],[-122.168642168474,47.6188840367925],[-122.168772061271,47.6188745138184],[-122.168841754367,47.618889868531],[-122.168918629494,47.6189282104843],[-122.168988461829,47.6189530457566],[-122.169078801804,47.618994242067],[-122.169151762073,47.6190537533757],[-122.169181166627,47.6191560296885],[-122.169185262047,47.6192548301558],[-122.169177741351,47.6193703686027],[-122.16916190046,47.6194490305864],[-122.16905727278,47.6195468417024],[-122.168792449434,47.6196646471331],[-122.168482354592,47.6198262346795],[-122.168386983153,47.619901921128],[-122.168288378677,47.619967909701],[-122.168162713352,47.6200458169332],[-122.168054599311,47.6201258451266],[-122.167948042949,47.6201972405525],[-122.167830257645,47.6202535594984],[-122.16770125957,47.6203001970281],[-122.167594558579,47.6203392379059],[-122.167502157869,47.6203653113615],[-122.167432102752,47.620394570945],[-122.167346095352,47.6204238650256],[-122.167220258448,47.6204640241681],[-122.167108791895,47.6205073893953],[-122.16698302506,47.6205637243556],[-122.166869979268,47.6206103289117],[-122.166742701467,47.6206860796187],[-122.166629723048,47.620748859285],[-122.166507192844,47.6208148958341],[-122.166375268058,47.6209219309112],[-122.166276730956,47.6210040933371],[-122.166171752035,47.6210722506028],[-122.166077958038,47.6211446976856],[-122.166011206924,47.6211998342987],[-122.165895278438,47.6213176214731],[-122.165807422305,47.6213844607871],[-122.165675686166,47.6214726561692],[-122.165555192442,47.6215449646462],[-122.16537676367,47.621629767827],[-122.165183721105,47.6217127731861],[-122.164964722619,47.6218059269256],[-122.164667498837,47.6219157530639],[-122.164543693025,47.6219723462583],[-122.164515529942,47.6220100931849],[-122.164502428014,47.6220673571497],[-122.164504589361,47.6221520135625],[-122.164516740871,47.6226215754316],[-122.164514688077,47.6226326854357],[-122.164516080431,47.622643842146],[-122.164520857654,47.6226545625457],[-122.164528812923,47.6226643825073],[-122.164539601827,47.6226728768864],[-122.164552757272,47.6226796779282],[-122.164567709708,47.6226844911888],[-122.164583811786,47.6226871082832],[-122.165073283123,47.622685211335],[-122.165677079453,47.6226916105835],[-122.165687377956,47.622689268287],[-122.165698214267,47.622688728817],[-122.165708909172,47.6226900259871],[-122.165718792324,47.6226930784916],[-122.165727244253,47.6226976950019],[-122.165733735199,47.6227035861584],[-122.165737858313,47.6227103827077],[-122.16573935516,47.6227176586469],[-122.165764702024,47.6235817184914],[-122.16576382437,47.6236530728702],[-122.165763143447,47.6237084381241],[-122.165761580378,47.6238355721897],[-122.165759737035,47.6239855244667],[-122.165758533293,47.6240834160977],[-122.165757348415,47.6241797618159],[-122.165756663899,47.6242354467979],[-122.165755925483,47.6242954038099],[-122.16575549519,47.6243304384399],[-122.165755297561,47.6243469746077],[-122.165755288578,47.6243473475674],[-122.165755276001,47.6243483665469],[-122.165755157424,47.6243579387766],[-122.165754985846,47.6243718926747],[-122.165754970574,47.6243897541675],[-122.165755152932,47.6244090287826],[-122.165755361341,47.6244311901917],[-122.165755586819,47.624455047465],[-122.165773487547,47.6244552490808],[-122.165774015757,47.6244552545299],[-122.165785094679,47.6244553798586],[-122.165785622888,47.6244553853077],[-122.16579829632,47.6244555281947],[-122.16579882453,47.6244555336437],[-122.165799183856,47.6244555378819],[-122.16579931501,47.6244555390928],[-122.165799712065,47.624455543331],[-122.165799839626,47.6244555451473],[-122.165800363344,47.6244555505964],[-122.165801347897,47.6244555614945],[-122.165801876107,47.6244555675491],[-122.165805258264,47.6244556056926],[-122.165805786473,47.6244556117471],[-122.165875700555,47.6244563970196],[-122.165876228765,47.6244564024687],[-122.165933618535,47.6244570466706],[-122.165934146744,47.6244570521197],[-122.165944319266,47.6244571671557],[-122.165944848374,47.6244571726048],[-122.165949085727,47.6244572198301],[-122.165949613937,47.6244572192247],[-122.165949604055,47.6244598777684],[-122.165949497156,47.6244879653259],[-122.165949313899,47.6245359377325],[-122.165949138728,47.6245821106934],[-122.165948903369,47.624643538553],[-122.165948790182,47.624673408458],[-122.165948652739,47.6247092256815],[-122.165948530568,47.6247413678014],[-122.165948440737,47.6247650348222],[-122.165948357194,47.62478681162],[-122.165948274549,47.624808717975],[-122.165948270057,47.624809801123],[-122.165948266464,47.6248105464304],[-122.165948263769,47.6248113649973],[-122.165948261074,47.6248121654006],[-122.165948255684,47.6248135107079],[-122.165948252989,47.624814331091],[-122.165948248497,47.6248152071754],[-122.165948245803,47.6248158828562],[-122.165948245803,47.6248159809389],[-122.165948244904,47.6248164162566],[-122.165948243108,47.6248168497579],[-122.165948242209,47.6248171234207],[-122.165948240413,47.6248172112107],[-122.165948241311,47.6248172663066],[-122.165948240413,47.6248175908271],[-122.165948229633,47.6248204418852],[-122.165948159564,47.6248388838498],[-122.165948061648,47.6248643508239],[-122.165947951155,47.6248933947718],[-122.165947846052,47.6249211212496],[-122.165947784967,47.6249370723683],[-122.165947669084,47.6249673053737],[-122.16594761249,47.6249822974505],[-122.165947497506,47.6250209788294],[-122.165947662796,47.6250322758524],[-122.165948271854,47.6250736841221],[-122.165948388635,47.6251083156094],[-122.165948354499,47.6251127250679],[-122.165948241311,47.6251277219466],[-122.165948025715,47.6251562947121],[-122.165947988884,47.6251611528011],[-122.165947920612,47.6251689152079],[-122.165944966053,47.6251694050126],[-122.16593951867,47.6251702980435],[-122.165933231361,47.625171353939],[-122.165928904176,47.625172530318],[-122.165924947097,47.6251741965016],[-122.165921476007,47.6251763028434],[-122.165920248908,47.6251772533914],[-122.165920132127,47.6251773599496],[-122.165920099788,47.6251773902218],[-122.165920011753,47.6251774713514],[-122.165919907549,47.6251775651953],[-122.165919792564,47.6251776663046],[-122.165919673987,47.6251777674138],[-122.165919464679,47.6251779393601],[-122.165919343407,47.6251780519727],[-122.165919215846,47.6251781700345],[-122.165919108048,47.6251782699328],[-122.165919033488,47.6251783704366],[-122.165918880774,47.6251785175596],[-122.165918596008,47.6251787875879],[-122.165918530431,47.6251788638739],[-122.165918459464,47.6251789468198],[-122.165918317531,47.6251790890993],[-122.165918241174,47.6251791653853],[-122.165917951018,47.6251794899036],[-122.165917669845,47.6251798198709],[-122.1659174273,47.6251801213823],[-122.165917047313,47.6251806196631],[-122.165916821836,47.625180947814],[-122.165916788598,47.6251809901952],[-122.165916753564,47.6251810483178],[-122.165916517307,47.6251813867613],[-122.165916147201,47.6251819837297],[-122.165915753739,47.6251826939161],[-122.165915493227,47.6251832600067],[-122.165915447413,47.6251833447689],[-122.165915409684,47.6251834343747],[-122.165915334225,47.6251836178244],[-122.16591520936,47.6251839290229],[-122.165915044968,47.6251843479905],[-122.165914960526,47.6251845635287],[-122.165914952442,47.6251845950118],[-122.165914860813,47.6251848480876],[-122.165914680252,47.6251854662465],[-122.165914603895,47.6251857568598],[-122.16591444669,47.6251865160872],[-122.16591435596,47.6251871172935],[-122.165914311943,47.625187537472],[-122.165914307451,47.6251876864113],[-122.165914308349,47.6251877536157],[-122.165914284095,47.6251879419089],[-122.165914262535,47.6251883269716],[-122.165914263434,47.6251884371625],[-122.165914262535,47.6251888373613],[-122.165914294875,47.6251895887178],[-122.16591434518,47.625190065808],[-122.165914368537,47.6251902716591],[-122.165914466453,47.6251908298789],[-122.165914485318,47.6251909776074],[-122.16591453203,47.6251912052544],[-122.165914701812,47.6251919105972],[-122.165914840152,47.6251923737622],[-122.165915088985,47.625193088792],[-122.165915218343,47.6251934114938],[-122.165915368361,47.6251937632571],[-122.165915570482,47.6251941876736],[-122.165915640551,47.6251943087625],[-122.165915675585,47.6251944001845],[-122.165915765417,47.6251945672872],[-122.165915977419,47.6251949547716],[-122.165916137319,47.6251952229835],[-122.165916273863,47.6251954488142],[-122.165916516408,47.6251958187407],[-122.165916866751,47.6251963206541],[-122.165917051804,47.6251965707026],[-122.165917394062,47.6251970090443],[-122.165917657269,47.6251973208482],[-122.165917831542,47.6251975097468],[-122.16591793934,47.6251976084342],[-122.165918109121,47.625197801571],[-122.165918300463,47.6251980104493],[-122.165918596907,47.6251983113551],[-122.165918784654,47.6251984996483],[-122.165919047861,47.6251987478805],[-122.165919370356,47.6251990445482],[-122.165919767411,47.6251993914678],[-122.165920084517,47.6251996524143],[-122.165920280349,47.6251998061972],[-122.165920354011,47.6251998727961],[-122.165920380961,47.6251998939866],[-122.165920426775,47.625199921837],[-122.165920667523,47.6252001210283],[-122.165920821135,47.6252002372735],[-122.165921053799,47.6252004092197],[-122.165921257716,47.6252005533154],[-122.165921554161,47.6252007627992],[-122.165921784129,47.6252009159766],[-122.165922038352,47.6252010830792],[-122.165922279101,47.6252012374676],[-122.1659227597,47.6252015335298],[-122.165923186399,47.6252017811566],[-122.165923483742,47.6252019512864],[-122.165923792762,47.6252021165727],[-122.165924166461,47.6252023157638],[-122.165924322768,47.6252023938662],[-122.165924635382,47.6252025512817],[-122.165924940809,47.6252027008264],[-122.165925209405,47.625202824337],[-122.165925453747,47.6252029381605],[-122.165925585799,47.6252029950723],[-122.165925799599,47.6252030907325],[-122.165926077178,47.6252032087942],[-122.165926442792,47.6252033619715],[-122.165926858712,47.6252035284687],[-122.165927434532,47.6252037464287],[-122.165927913334,47.6252039177694],[-122.165928361594,47.6252040691304],[-122.165929156603,47.6252043216007],[-122.165929681219,47.6252044778053],[-122.165930310938,47.625204649146],[-122.165930851724,47.6252047859765],[-122.165931320644,47.6252048961674],[-122.16593163775,47.6252049682152],[-122.165931856938,47.6252050124127],[-122.165932118348,47.6252050705353],[-122.165932680694,47.6252051837534],[-122.165933233158,47.6252052806244],[-122.165934060506,47.6252054132167],[-122.165934958821,47.6252055337001],[-122.165935606506,47.6252056075644],[-122.165936225446,47.6252056675033],[-122.165936953081,47.6252057238096],[-122.165937562139,47.62520575832],[-122.165938136162,47.6252057825377],[-122.165938472132,47.6252057934357],[-122.165938693118,47.6252057970684],[-122.165959923003,47.6252062184576],[-122.165983772375,47.6252066949422],[-122.16598377507,47.6252067936296],[-122.165983798427,47.6252071823248],[-122.165983826274,47.6252076351971],[-122.165983889156,47.6252086783775],[-122.165983943954,47.6252095907819],[-122.165983997853,47.6252104977374],[-122.165984040972,47.6252112030798],[-122.165984099362,47.6252121742123],[-122.165984159549,47.6252131871204],[-122.165984181109,47.6252135406998],[-122.165984245788,47.6252146099142],[-122.165984293398,47.6252153709575],[-122.165984346399,47.6252162694366],[-122.165984363467,47.6252165007162],[-122.165984363467,47.6252165485463],[-122.165984411976,47.625217353787],[-122.16598445779,47.6252181287555],[-122.165984513485,47.6252190490305],[-122.165984576368,47.6252200764691],[-122.165984620385,47.6252208108728],[-122.165984695844,47.6252220701965],[-122.165984819811,47.625224125679],[-122.165985065051,47.6252282093989],[-122.165985150391,47.6252296225052],[-122.165985196205,47.6252303811264],[-122.165985240223,47.6252311137136],[-122.165985299511,47.6252321005873],[-122.165985365987,47.6252332152096],[-122.165985426174,47.6252342166139],[-122.165985483666,47.6252351635281],[-122.165985503429,47.6252354971277],[-122.16598555104,47.6252362720959],[-122.165985579786,47.6252367600837],[-122.165985612125,47.6252372904525],[-122.165985630091,47.6252375895418],[-122.165985667821,47.6252382179926],[-122.165985674109,47.6252383203126],[-122.16598569477,47.6252386533067],[-122.16598571094,47.6252389263619],[-122.165985724415,47.6252391594578],[-122.165985760347,47.6252397570309],[-122.165985813348,47.625240634319],[-122.165985820534,47.6252407578295],[-122.165985845687,47.6252411719532],[-122.165985880721,47.6252417519684],[-122.165985894196,47.6252419947513],[-122.165985908569,47.625242213922],[-122.165985943603,47.6252428036243],[-122.165985957078,47.6252430246113],[-122.165985971451,47.6252432631562],[-122.165986005587,47.6252438401441],[-122.165986011875,47.6252439406478],[-122.165986023554,47.6252441301517],[-122.16598603613,47.6252443378189],[-122.165986054096,47.6252446472007],[-122.165986084639,47.6252451648551],[-122.165986109792,47.6252455723188],[-122.165986152013,47.6252462764499],[-122.165986166386,47.6252465186274],[-122.165986187047,47.6252468831046],[-122.165986213098,47.625247303888],[-122.165986224776,47.6252475079226],[-122.165986251726,47.6252479456584],[-122.165986277777,47.6252483301152],[-122.16598628137,47.6252484336461],[-122.165986308319,47.6252488616948],[-122.165986335269,47.6252493224375],[-122.165986364913,47.625249822534],[-122.165986390964,47.6252502578481],[-122.165986428694,47.6252508856932],[-122.165986440372,47.6252510758026],[-122.16598646822,47.6252515492596],[-122.165986488881,47.6252518889135],[-122.165986500559,47.6252520911317],[-122.165986528407,47.6252525688268],[-122.165986556254,47.6252530265422],[-122.165986585899,47.6252535108972],[-122.165986613747,47.6252539801161],[-122.165986641594,47.6252544438859],[-122.165986660459,47.6252547532677],[-122.165986679324,47.6252550668874],[-122.165986698188,47.6252553762692],[-122.165986720646,47.6252557589096],[-122.165986744002,47.6252561463935],[-122.16598675568,47.625256324394],[-122.165986769155,47.6252565369047],[-122.165986780833,47.6252567336739],[-122.165986808681,47.6252572071308],[-122.165986822156,47.6252574214579],[-122.165986840122,47.6252577144926],[-122.165986870665,47.6252582254871],[-122.165986877851,47.6252583532357],[-122.165986903004,47.6252587697809],[-122.165986930852,47.6252592432378],[-122.165986945225,47.6252594763336],[-122.165986959598,47.6252597100349],[-122.165986978463,47.6252600351581],[-122.165987000921,47.6252603923698],[-122.165987012599,47.6252605842955],[-122.165987035955,47.6252609844937],[-122.165987040446,47.6252610728885],[-122.165987056616,47.6252613459435],[-122.165987070989,47.6252615741957],[-122.165987089854,47.6252618859992],[-122.165987103328,47.6252621045643],[-122.165987109617,47.6252622044626],[-122.165987125786,47.6252624732795],[-122.165987138363,47.6252626870011],[-122.165987142854,47.6252627590489],[-122.165987158126,47.6252630133352],[-122.165987164414,47.6252631150497],[-122.165987178787,47.6252633317985],[-122.165987189567,47.625263524935],[-122.165987201245,47.6252637144389],[-122.165987208431,47.6252638458201],[-122.165987213821,47.625263938453],[-122.165987220109,47.6252640383512],[-122.165987227296,47.6252641382494],[-122.165987233584,47.6252642448074],[-122.165987238974,47.6252643404675],[-122.165987250652,47.625264544502],[-122.165987264127,47.6252647594345],[-122.1659872785,47.6252650040337],[-122.165987287483,47.6252651469184],[-122.16598729467,47.625265263769],[-122.165987299161,47.6252653582181],[-122.165987306348,47.6252654678034],[-122.165987313534,47.6252655773887],[-122.165987318026,47.6252656724434],[-122.165987324314,47.6252657723416],[-122.165987338687,47.6252659890903],[-122.165987350365,47.625266197363],[-122.165987362043,47.6252663929212],[-122.165987372823,47.625266567289],[-122.165987378213,47.6252666568946],[-122.165987389891,47.6252668476093],[-122.165987397078,47.6252669777797],[-122.165987408756,47.6252671872631],[-122.165987415942,47.6252673156172],[-122.165987423129,47.625267413699],[-122.165987429417,47.6252675208625],[-122.165987441095,47.6252677206589],[-122.16598745457,47.6252679458839],[-122.165987464451,47.6252680960339],[-122.165987470739,47.6252681977484],[-122.165987479723,47.6252683333677],[-122.165987484214,47.6252684199462],[-122.165987497689,47.6252686354841],[-122.165987503079,47.6252687305387],[-122.165987508469,47.6252688261987],[-122.165987514757,47.6252689382058],[-122.165987520147,47.6252690284169],[-122.165987530927,47.6252692136826],[-122.165987538113,47.6252693256897],[-122.1659875453,47.6252694443566],[-122.165987556978,47.6252696368877],[-122.165987570452,47.6252698560582],[-122.165987582131,47.6252700370858],[-122.165987591114,47.6252701987392],[-122.165987604588,47.6252704245696],[-122.165987609978,47.6252705081209],[-122.165987617165,47.6252706292095],[-122.165987626148,47.6252707757269],[-122.165987639623,47.6252709979246],[-122.165987653996,47.6252712522109],[-122.165987658487,47.6252713145716],[-122.165987665674,47.625271428395],[-122.16598767286,47.6252715585653],[-122.165987679149,47.625271668756],[-122.165987684538,47.6252717565453],[-122.165987691725,47.6252718897429],[-122.165987698912,47.6252720035663],[-122.165987706996,47.6252721397911],[-122.165987719573,47.625272338982],[-122.165987726759,47.6252724746013],[-122.165987733946,47.6252726035608],[-122.165987741132,47.6252727119352],[-122.165987747421,47.6252728148605],[-122.165987753709,47.6252729171805],[-122.165987760895,47.6252730213167],[-122.165987772573,47.6252732235349],[-122.165987778862,47.6252733064806],[-122.16598777976,47.6252733434127],[-122.165987786048,47.6252734360455],[-122.16598779593,47.6252736255493],[-122.165987806709,47.6252738320056],[-122.165987815692,47.6252740154549],[-122.165987822879,47.6252741371491],[-122.165987826472,47.6252742303874],[-122.165987830964,47.6252743205984],[-122.165987837252,47.6252744392654],[-122.165987842642,47.6252745585377],[-122.165987850727,47.6252747062659],[-122.165987853422,47.6252747886063],[-122.165987857015,47.6252748654975],[-122.165987862405,47.6252749768992],[-122.165987867795,47.6252750792191],[-122.165987877676,47.6252751845662],[-122.165989526085,47.6253086837415],[-122.165991104425,47.6253449715641],[-122.165991855416,47.6253622236493],[-122.16599281302,47.6253842284502],[-122.165993989813,47.6254112735456],[-122.165995219607,47.6254395119523],[-122.165996591335,47.6254710457602],[-122.16599639101,47.6254859377947],[-122.165994606956,47.625530293595],[-122.16598985936,47.6256482792833],[-122.166275806589,47.6256473166351],[-122.1662763339,47.6256473093699],[-122.166902539604,47.6273362314496],[-122.16699609914,47.6275125462843],[-122.16708302911,47.6276129068578],[-122.167140549136,47.6276629220965],[-122.167235711268,47.6277188316095],[-122.167302844166,47.6277782379367],[-122.167327004355,47.6278064665889],[-122.167337016977,47.6278316972167],[-122.167305036055,47.6278637490262],[-122.167233062136,47.6279098264193],[-122.167166372108,47.6279811415923],[-122.167103011236,47.6280837255458],[-122.167014714928,47.6282271387196],[-122.166944104652,47.6283490195688],[-122.166876137219,47.6285741212233],[-122.166764890753,47.6289599475837],[-122.166726600064,47.6291099323817],[-122.166713174742,47.6292026612689],[-122.166700574073,47.6293274221362],[-122.166725372965,47.6294731069712],[-122.166787309109,47.6296290400995],[-122.166929956186,47.6298516741182],[-122.167279452036,47.6303353552302],[-122.167353386977,47.6304429035518],[-122.167431860207,47.6305819811657],[-122.167492488403,47.6307123318509],[-122.167611404686,47.6310534856362],[-122.167663978588,47.6312137152364],[-122.167741622673,47.6313200388961],[-122.167959931253,47.6314127995791],[-122.168277267415,47.6314239578011],[-122.168637880815,47.6314078246288],[-122.16893234587,47.6313775626585],[-122.169261743712,47.6313349728511],[-122.16955513528,47.631263022374],[-122.169748391644,47.6312384139114],[-122.169748919853,47.6312384120953],[-122.169934051854,47.6312400635565],[-122.169934579165,47.6312400635565],[-122.17007505681,47.6312570303809],[-122.170282609862,47.6312889584097],[-122.170426320544,47.631315626329],[-122.170611572021,47.6313551487271],[-122.170792057934,47.6313989958768],[-122.170943769911,47.6314310352073],[-122.171063574627,47.6314631429252],[-122.171130748848,47.6314996758882],[-122.171172386659,47.631534100924],[-122.171209260705,47.6315728500987],[-122.171230199536,47.6316170257816],[-122.17123678778,47.6316633862056],[-122.171245055874,47.6317280789721],[-122.171234330888,47.6318262424419],[-122.171213878046,47.6318899143583],[-122.171180851484,47.631995673047],[-122.171170099549,47.6320884452434],[-122.17115453444,47.6321747556251],[-122.171128047613,47.6323160914731],[-122.171103021448,47.6324272261124],[-122.171077971926,47.6325329685797],[-122.171070453926,47.6326354400828],[-122.171064592418,47.632750850284],[-122.171049222244,47.6328802984229],[-122.171054718137,47.6330377462709],[-122.171048710204,47.6331208007095],[-122.171046084429,47.6332459099861],[-122.171067388874,47.6333709699298],[-122.171094969848,47.6334722914436],[-122.171112940645,47.6335660828451],[-122.171094410198,47.6337020091921],[-122.171080377615,47.6337742953045],[-122.171058681504,47.6339166988897],[-122.171060749426,47.6340213075639],[-122.17108691735,47.6341636136214],[-122.171105012115,47.6342843668028],[-122.171102653139,47.6344687909008],[-122.171114376153,47.6345917141103],[-122.171124422013,47.6346963056945],[-122.171160126452,47.6348299645519],[-122.171187926615,47.6349798144644],[-122.171242704983,47.6350961795409],[-122.171262105,47.6351543752993],[-122.171313505702,47.6352286866467],[-122.171398439616,47.6353104761012],[-122.171486418818,47.6353588308265],[-122.171572662475,47.6353780553919],[-122.171695715499,47.6354198713243],[-122.171794707149,47.6354347617349],[-122.171863368979,47.6354464784191],[-122.171968882397,47.6354915612365],[-122.172040951538,47.6355507287055],[-122.172111566306,47.6356400969107],[-122.172171034777,47.6357359588607],[-122.172220946971,47.6358350748413],[-122.172239915797,47.6358779164266],[-122.172305962631,47.636440207236],[-122.172554253383,47.6366426547555],[-122.173152439734,47.6370600367408],[-122.173406020664,47.6374677844294],[-122.173417855968,47.6387135184555],[-122.173438093214,47.63873524344],[-122.173454049989,47.6387531454209],[-122.173477072013,47.6387719147721],[-122.17350293451,47.6387916041526],[-122.173528723345,47.6388084371779],[-122.173547274454,47.6388250462418],[-122.173928115219,47.6389944916825],[-122.175057866164,47.6396496396768],[-122.175056932815,47.6397765993862],[-122.175055906939,47.6399168984189],[-122.175049077048,47.6408520375264],[-122.175046351559,47.641225120916],[-122.175019094877,47.6415248241827],[-122.175009701194,47.6415884322299],[-122.175009609566,47.6415889684853],[-122.174929480741,47.6416590260378],[-122.174834626731,47.6417691754292],[-122.17477537116,47.6418395250765],[-122.174700281884,47.641939388463],[-122.174706216155,47.642228792986],[-122.174717262738,47.6426895927727],[-122.17472728075,47.6427471590964],[-122.174994295087,47.6435819099608],[-122.175011823913,47.6436059812176],[-122.175028798478,47.6436271310141],[-122.175068038687,47.6436553008714],[-122.175128109928,47.6436902952888],[-122.175275023105,47.6437390411053],[-122.175970678461,47.6439097948466],[-122.176079088946,47.6439107710786],[-122.176687509803,47.6439162387042],[-122.177150988387,47.644331650686],[-122.177414643923,47.644334015291],[-122.178549665284,47.6447417279998],[-122.178688800847,47.6447880386509],[-122.17875300883,47.6448194119012],[-122.178792106207,47.6449010646943],[-122.178826931195,47.6450220393837],[-122.17885057126,47.6451419492226],[-122.178891862322,47.6452854656769],[-122.178909921154,47.6453709384366],[-122.178901111376,47.6454388763139],[-122.178855058345,47.6454965424935],[-122.178777867011,47.6455759991378],[-122.178705402612,47.6456339780583],[-122.178593717768,47.6457004679388],[-122.178376493454,47.6458943885572],[-122.177996197068,47.6461385547504],[-122.177614416666,47.646366419977],[-122.177552067297,47.6463935183656],[-122.177333044556,47.6464998879988],[-122.177128724541,47.6465665643881],[-122.176893082069,47.6466478882495],[-122.176514558059,47.6467201879223],[-122.176225083146,47.646762874125],[-122.175850642877,47.6467887110832],[-122.175317567316,47.6468092749736],[-122.174684141853,47.6468310189838],[-122.173912481838,47.6468566126205],[-122.173824699367,47.6468506242311],[-122.17370151429,47.6468569775521],[-122.173542694843,47.6468636383106],[-122.173376478667,47.6468559112013],[-122.173148344314,47.646853051057],[-122.172941724613,47.646857230523],[-122.172821362043,47.6468621144337],[-122.172610619972,47.6468745172652],[-122.172430286772,47.6468741353883],[-122.17217499006,47.6468671702189],[-122.171897107905,47.6468719597186],[-122.171845212231,47.6469171948691],[-122.171763584117,47.6470113349349],[-122.171695649922,47.6471135456516],[-122.171556307747,47.647322812831],[-122.171487299167,47.6474438164073],[-122.17141611846,47.6475629127645],[-122.171301761128,47.6477743737467],[-122.171179186008,47.6480417761095],[-122.171095236648,47.6482404544131],[-122.171063384184,47.6483664382772],[-122.171045223843,47.6485004936541],[-122.170998406345,47.6486646560268],[-122.170973498757,47.648780947658],[-122.170948195012,47.648952150898],[-122.170912893916,47.6491224766895],[-122.170889709297,47.6492165964411],[-122.170870647047,47.6493024942507],[-122.170822130835,47.6495283232216],[-122.170776834185,47.6496977714669],[-122.170773216669,47.6498090639983],[-122.170794188738,47.6499774632003],[-122.170790147218,47.6501041726924],[-122.170787404661,47.6502241277491],[-122.170785536165,47.6503527452952],[-122.170790414916,47.6504991261368],[-122.170784623477,47.6506085107381],[-122.170794501352,47.6507553308056],[-122.17080327879,47.6508814496027],[-122.170830801374,47.651095067802],[-122.170831387076,47.6513166233777],[-122.170837368059,47.6514837063808],[-122.170830754662,47.6516634198909],[-122.170857033079,47.6519627836985],[-122.17087283714,47.6521976950839],[-122.170900758575,47.6523564020891],[-122.170951721798,47.6525274344599],[-122.170973372993,47.6527319527085],[-122.170990000809,47.6528965356544],[-122.171032943873,47.6530960547622],[-122.171081508594,47.6532531403429],[-122.171124001601,47.653428580477],[-122.171163246301,47.6536209057601],[-122.171197016668,47.6537492190401],[-122.171220140201,47.6538800311177],[-122.17123349276,47.6540220041304],[-122.171257462507,47.6541219821919],[-122.171341270831,47.6543336756035],[-122.171390687155,47.6544599279588],[-122.171408332762,47.6545267273093],[-122.171403840287,47.6546293571776],[-122.171413693908,47.6547366818319],[-122.171467087073,47.6549611560858],[-122.171535053607,47.655202365748],[-122.171534767045,47.6554152583123],[-122.171568114305,47.6555589879704],[-122.171584292963,47.6556994927032],[-122.171609366739,47.655820172512],[-122.171643138004,47.6559484852287],[-122.171681682916,47.6560651975136],[-122.171746375092,47.6562837961349],[-122.171809996475,47.6565211882794],[-122.171836028754,47.6567690169509],[-122.171892053085,47.6570194789458],[-122.171943278615,47.657242045877],[-122.171987103825,47.6574502269111],[-122.172024807016,47.657567238979],[-122.170611695988,47.6578651966528],[-122.170391051788,47.6579423715379],[-122.170320306764,47.6579740321583],[-122.170195429262,47.6580105653418],[-122.170086283955,47.6580409099071],[-122.169951181828,47.6580721596298],[-122.169824082791,47.6581117549686],[-122.169553086223,47.6582024792486],[-122.169494511575,47.6582134780638],[-122.169343585624,47.6582432876369],[-122.169168043139,47.6582915376382],[-122.168957295679,47.6583224356707],[-122.168699350733,47.6583718981391],[-122.168538018698,47.6583811694727],[-122.168388066521,47.6583980046565],[-122.168228071179,47.6584248118196],[-122.168063452208,47.6584424898368],[-122.167906743802,47.6584608884732],[-122.1677577645,47.6584647511695],[-122.167591015624,47.6584931187445],[-122.167451194647,47.658507611106],[-122.167317155226,47.6585335112307],[-122.167144713726,47.6585580959468],[-122.166919296777,47.6585898336412],[-122.166544106415,47.6586536580901],[-122.166268024484,47.6586971120367],[-122.16624581274,47.6587013498504],[-122.16614395816,47.6584575182946],[-122.166114027193,47.6583647741622],[-122.166106828993,47.6583509545881],[-122.166069336906,47.6583198696087],[-122.166029416673,47.6582857623313],[-122.165978117481,47.6582440899484],[-122.165936858758,47.6581924467152],[-122.165876037423,47.658109637248],[-122.165801251778,47.6579918156094],[-122.165717671625,47.6578938749521],[-122.165667164747,47.6578239753138],[-122.16562314101,47.657729633283],[-122.165562048384,47.6576239424151],[-122.165504787073,47.6575556053098],[-122.165454099633,47.6574704519998],[-122.165425197237,47.6574134029015],[-122.165387748269,47.6573022433544],[-122.165326384352,47.6571736713624],[-122.16520821457,47.6570148961025],[-122.165059283777,47.6568326433448],[-122.16492760513,47.6566769928894],[-122.164795745921,47.6565060884696],[-122.164673226496,47.6563610671453],[-122.164605382132,47.6562569376506],[-122.164514167198,47.6561811562063],[-122.164359301236,47.6560691087941],[-122.164258386294,47.6559369359111],[-122.164166448216,47.6558001385975],[-122.164080200966,47.6556671233517],[-122.16399039459,47.6555196357584],[-122.1639155263,47.6553941865054],[-122.163821367586,47.6552604519763],[-122.163719391734,47.6551336242936],[-122.163581668323,47.6549436814137],[-122.163460042721,47.6547780586991],[-122.163388553893,47.6546518282917],[-122.163306480215,47.6544898056312],[-122.163257659474,47.6543710802669],[-122.163195941621,47.6542119981664],[-122.163145693457,47.6540681092874],[-122.163089753568,47.6539204362494],[-122.163047148271,47.6537543873149],[-122.163032647665,47.6536736148857],[-122.162995204088,47.6535624540333],[-122.162948606677,47.6534406658781],[-122.162909034991,47.6533401957612],[-122.162840836691,47.6532055573687],[-122.162788818846,47.6531028641899],[-122.162785587606,47.6529251610114],[-122.162768934637,47.6527582084861],[-122.162753798923,47.6526240448277],[-122.162742582558,47.6525348636125],[-122.162740433788,47.6524486836831],[-122.162747078626,47.6523426250991],[-122.162770430332,47.6522174066353],[-122.162799469272,47.6520959723715],[-122.162795804146,47.6519770019314],[-122.162805103506,47.6518091453273],[-122.162814854718,47.6516794239663],[-122.162822023274,47.6515222580092],[-122.162834791029,47.6513612471171],[-122.162856715312,47.6512108662763],[-122.162869843291,47.651080363398],[-122.162878618933,47.6509636145553],[-122.162869876529,47.6507973813312],[-122.162849756063,47.6506235819958],[-122.162842965698,47.6504314042238],[-122.162856255374,47.6502192871187],[-122.162865554734,47.6500514297063],[-122.162868697939,47.650037183717],[-122.162867731352,47.6498149788242],[-122.162886033628,47.6496197371703],[-122.162913592144,47.6493511410295],[-122.162916076884,47.6491882861585],[-122.162889591855,47.6489704857047],[-122.162832583868,47.6487063705498],[-122.162808221558,47.648609356546],[-122.162780112374,47.6483840107681],[-122.162700955526,47.648165235044],[-122.162612283723,47.6479604992017],[-122.162574567057,47.6477276239595],[-122.162509815594,47.6475174469923],[-122.162513952335,47.647367530761],[-122.162492193343,47.6471346226155],[-122.162489978995,47.6469922671583]]]},"properties":{"OBJECTID":15,"SD_BASIN_ID":3,"BASIN":"GOFF CREEK","TYPE":"BASIN","BASIN_NO":81,"SYMBOL":13,"SysChangeUser":"gisdba_cobgis","SysCreateDate":"Fri, 02 Oct 2026 19:14:30 GMT","SysChangeDate":"Fri, 02 Oct 2026 19:14:30 GMT","SysCreateUser":"gisdba_cobgis"}},{"type":"Feature","id":16,"geometry":{"type":"Polygon","coordinates":[[[-122.172024807016,47.657567238979],[-122.171987103825,47.6574502269111],[-122.171943278615,47.657242045877],[-122.171892053085,47.6570194789458],[-122.171836028754,47.6567690169509],[-122.171809996475,47.6565211882794],[-122.171746375092,47.6562837961349],[-122.171681682916,47.6560651975136],[-122.171643138004,47.6559484852287],[-122.171609366739,47.655820172512],[-122.171584292963,47.6556994927032],[-122.171568114305,47.6555589879704],[-122.171534767045,47.6554152583123],[-122.171535053607,47.655202365748],[-122.171467087073,47.6549611560858],[-122.171413693908,47.6547366818319],[-122.171403840287,47.6546293571776],[-122.171408332762,47.6545267273093],[-122.171390687155,47.6544599279588],[-122.171341270831,47.6543336756035],[-122.171257462507,47.6541219821919],[-122.17123349276,47.6540220041304],[-122.171220140201,47.6538800311177],[-122.171197016668,47.6537492190401],[-122.171163246301,47.6536209057601],[-122.171124001601,47.653428580477],[-122.171081508594,47.6532531403429],[-122.171032943873,47.6530960547622],[-122.170990000809,47.6528965356544],[-122.170973372993,47.6527319527085],[-122.170951721798,47.6525274344599],[-122.170900758575,47.6523564020891],[-122.17087283714,47.6521976950839],[-122.170857033079,47.6519627836985],[-122.170830754662,47.6516634198909],[-122.170837368059,47.6514837063808],[-122.170831387076,47.6513166233777],[-122.170830801374,47.651095067802],[-122.17080327879,47.6508814496027],[-122.170794501352,47.6507553308056],[-122.170784623477,47.6506085107381],[-122.170790414916,47.6504991261368],[-122.170785536165,47.6503527452952],[-122.170787404661,47.6502241277491],[-122.170790147218,47.6501041726924],[-122.170794188738,47.6499774632003],[-122.170773216669,47.6498090639983],[-122.170776834185,47.6496977714669],[-122.170822130835,47.6495283232216],[-122.170870647047,47.6493024942507],[-122.170889709297,47.6492165964411],[-122.170912893916,47.6491224766895],[-122.170948195012,47.648952150898],[-122.170973498757,47.648780947658],[-122.170998406345,47.6486646560268],[-122.171045223843,47.6485004936541],[-122.171063384184,47.6483664382772],[-122.171095236648,47.6482404544131],[-122.171179186008,47.6480417761095],[-122.171301761128,47.6477743737467],[-122.17141611846,47.6475629127645],[-122.171487299167,47.6474438164073],[-122.171556307747,47.647322812831],[-122.171695649922,47.6471135456516],[-122.171763584117,47.6470113349349],[-122.171845212231,47.6469171948691],[-122.171897107905,47.6468719597186],[-122.17217499006,47.6468671702189],[-122.172430286772,47.6468741353883],[-122.172610619972,47.6468745172652],[-122.172821362043,47.6468621144337],[-122.172941724613,47.646857230523],[-122.173148344314,47.646853051057],[-122.173376478667,47.6468559112013],[-122.173542694843,47.6468636383106],[-122.17370151429,47.6468569775521],[-122.173824699367,47.6468506242311],[-122.173912481838,47.6468566126205],[-122.174684141853,47.6468310189838],[-122.175317567316,47.6468092749736],[-122.175850642877,47.6467887110832],[-122.176225083146,47.646762874125],[-122.176514558059,47.6467201879223],[-122.176893082069,47.6466478882495],[-122.177128724541,47.6465665643881],[-122.177333044556,47.6464998879988],[-122.177552067297,47.6463935183656],[-122.177614416666,47.646366419977],[-122.177996197068,47.6461385547504],[-122.178376493454,47.6458943885572],[-122.178593717768,47.6457004679388],[-122.178705402612,47.6456339780583],[-122.178777867011,47.6455759991378],[-122.178855058345,47.6454965424935],[-122.178901111376,47.6454388763139],[-122.178909921154,47.6453709384366],[-122.178891862322,47.6452854656769],[-122.17885057126,47.6451419492226],[-122.178826931195,47.6450220393837],[-122.178792106207,47.6449010646943],[-122.17875300883,47.6448194119012],[-122.178688800847,47.6447880386509],[-122.178549665284,47.6447417279998],[-122.177414643923,47.644334015291],[-122.177150988387,47.644331650686],[-122.176687509803,47.6439162387042],[-122.176079088946,47.6439107710786],[-122.175970678461,47.6439097948466],[-122.175275023105,47.6437390411053],[-122.175128109928,47.6436902952888],[-122.175068038687,47.6436553008714],[-122.175028798478,47.6436271310141],[-122.175011823913,47.6436059812176],[-122.174994295087,47.6435819099608],[-122.17472728075,47.6427471590964],[-122.174717262738,47.6426895927727],[-122.174706216155,47.642228792986],[-122.174700281884,47.641939388463],[-122.17477537116,47.6418395250765],[-122.174834626731,47.6417691754292],[-122.174929480741,47.6416590260378],[-122.175009609566,47.6415889684853],[-122.175009701194,47.6415884322299],[-122.175066377702,47.6415388830488],[-122.175230931095,47.6413833401383],[-122.175345122239,47.6412783231272],[-122.175442826603,47.6412061968946],[-122.175502081276,47.6411358488155],[-122.175565908373,47.6410813548337],[-122.175603030354,47.6410468368246],[-122.175666631975,47.6409803053102],[-122.17580814448,47.6408124357581],[-122.175912114592,47.640694500039],[-122.176028248792,47.6405793500938],[-122.176160249935,47.6404741777287],[-122.17638586092,47.640344598295],[-122.176518963398,47.6402601275065],[-122.176601253569,47.6402021020683],[-122.176697203523,47.6401126532962],[-122.176746263216,47.6400688812483],[-122.176797920836,47.6400116025044],[-122.176869112322,47.6399319981832],[-122.176912950108,47.6398757488607],[-122.176978042932,47.6397750050906],[-122.177060526241,47.6396895237799],[-122.177139113557,47.6396243051992],[-122.177208160765,47.639582291074],[-122.177345444002,47.6395685845584],[-122.177345693733,47.6395686051378],[-122.177345972211,47.6395685785056],[-122.177450906216,47.6395777890182],[-122.177583227159,47.6396031404661],[-122.177701850591,47.6396204193193],[-122.177784428223,47.6396534262891],[-122.177880699774,47.6396945015734],[-122.177966750293,47.6397226608405],[-122.178130574255,47.6397559261986],[-122.178315037909,47.6397875712134],[-122.178510789792,47.6398133353571],[-122.178616179243,47.6398466272894],[-122.178751776342,47.6398945862046],[-122.178867158652,47.6399287527057],[-122.17901103193,47.6399997603418],[-122.179115772797,47.6400364259442],[-122.179223142134,47.6400990776583],[-122.179268374106,47.6401545592566],[-122.179345340861,47.640229997164],[-122.17942383565,47.6403107207793],[-122.179534288904,47.6403289708553],[-122.179534644637,47.6403290265401],[-122.179696001825,47.6402693560553],[-122.179811318558,47.6402245303631],[-122.179919692212,47.6401893980435],[-122.180229820293,47.6400826826604],[-122.18036142438,47.6400324178298],[-122.180522361157,47.6399881590753],[-122.180590337573,47.6399649347445],[-122.180742349587,47.6399010069518],[-122.180847671664,47.6398553026903],[-122.180969052025,47.6397921210679],[-122.18108650585,47.6397097067201],[-122.181184202129,47.6396375765061],[-122.181302530015,47.6395638240477],[-122.181430628876,47.6394789083273],[-122.181641915326,47.6393841215635],[-122.181760472282,47.6393224083875],[-122.18192636686,47.6392390926396],[-122.182097906452,47.6391528356904],[-122.1821810626,47.6391034706266],[-122.182319572935,47.6390040146231],[-122.182457009784,47.6389233519385],[-122.182557748656,47.6388617913558],[-122.182733599263,47.6387398563361],[-122.182921387582,47.6386086655586],[-122.18310505443,47.638485697928],[-122.18322944774,47.6383935859613],[-122.183332552775,47.6383064765748],[-122.183437375389,47.6381971975586],[-122.18352941857,47.6381280045669],[-122.183590867827,47.6380990551358],[-122.183767190947,47.6380527948473],[-122.183767434391,47.6380527318966],[-122.18388476335,47.6380767584881],[-122.183994691988,47.638086402655],[-122.184154483412,47.6380850189505],[-122.184155008927,47.6380850128975],[-122.184223856709,47.638070448891],[-122.184343741375,47.6380414782426],[-122.18451069866,47.6380424303726],[-122.184511225971,47.6380424352149],[-122.184662910999,47.6380454429284],[-122.184663076289,47.6380454429284],[-122.184797880175,47.6380418747112],[-122.184798407486,47.6380418638159],[-122.184929622603,47.6380465058273],[-122.185089415824,47.6380451197006],[-122.185089937745,47.6380451136477],[-122.185206580392,47.6380330228682],[-122.185308650568,47.6380042017072],[-122.185378146933,47.6379862583095],[-122.185436771887,47.6379587766439],[-122.185458473387,47.6379383593829],[-122.185455387674,47.6378882940532],[-122.185457714311,47.6378232505764],[-122.185448942262,47.6377366293207],[-122.185426286751,47.6376693926536],[-122.185414234055,47.6375601619396],[-122.185431511352,47.6374569392285],[-122.185435136055,47.6373851406371],[-122.185444748926,47.6372159962614],[-122.185448106829,47.6370926621692],[-122.185459206413,47.6368893084299],[-122.185466034507,47.6367611292676],[-122.185466149491,47.636654682299],[-122.185459934048,47.6365150554836],[-122.185469582852,47.636385407515],[-122.185469660108,47.6362394647139],[-122.185461652525,47.6360430191837],[-122.185476525931,47.6359258481134],[-122.185492241957,47.6357778441187],[-122.185509368338,47.6355166380337],[-122.185506623087,47.6353721655655],[-122.185495866659,47.6352561788281],[-122.185494457203,47.6351444485078],[-122.185484045729,47.6349340550501],[-122.185482366777,47.6347707883974],[-122.185456586027,47.634613992269],[-122.185452313639,47.63446423574],[-122.185437211163,47.6343444339609],[-122.185427563257,47.6342491493733],[-122.185442437561,47.6341319797285],[-122.185396249783,47.6339888472924],[-122.185353575315,47.6338803631425],[-122.18526199836,47.6337487031278],[-122.185183925779,47.6336525675475],[-122.185070614085,47.6335018300206],[-122.184936021303,47.6333560928542],[-122.18480119945,47.633198316654],[-122.184686363316,47.6330422942918],[-122.184570003639,47.6328809861066],[-122.184476259947,47.6327474173052],[-122.184429499942,47.6326866515447],[-122.184354472649,47.6325616329438],[-122.18435445109,47.6325615917794],[-122.184655517864,47.6325811357926],[-122.184803690478,47.6326164566518],[-122.18492664918,47.6326375455186],[-122.185078938773,47.6326646413432],[-122.185203426407,47.6326910137514],[-122.185366569446,47.6327001818907],[-122.185366776956,47.6327001927871],[-122.185510560402,47.6326922026736],[-122.185659990658,47.6326812717315],[-122.185790960535,47.6326738694175],[-122.185843476945,47.6326252500874],[-122.185879214622,47.6325184950403],[-122.185903432304,47.6324055765967],[-122.185918687494,47.6322334940152],[-122.185911134459,47.6320611269511],[-122.185909647747,47.6318704039872],[-122.185915557763,47.6316940669258],[-122.185910180448,47.6315236074228],[-122.185916128194,47.6313867661398],[-122.185924404372,47.6311848794172],[-122.185959871656,47.6310265887506],[-122.18597886294,47.6309011938707],[-122.185998924117,47.6307570052781],[-122.186027029707,47.6306238239406],[-122.186034772287,47.6305438009212],[-122.186106429998,47.6303028339467],[-122.186130646782,47.6301899155587],[-122.186150972962,47.6300972610696],[-122.186180566162,47.6299298699211],[-122.186212561458,47.6297764252433],[-122.186223316987,47.629667476488],[-122.186262290395,47.6295438358059],[-122.186308624599,47.6293950830227],[-122.186340887593,47.6292931736336],[-122.18637311106,47.6291517678595],[-122.186399691311,47.6290133015261],[-122.186440609572,47.6288795285055],[-122.186463109675,47.628788781739],[-122.186525955813,47.6286466281366],[-122.186659084341,47.6284162034504],[-122.186714073813,47.6282355859942],[-122.186767614302,47.62812867426],[-122.186846895117,47.6279141302996],[-122.186904515755,47.6277594997505],[-122.186973231484,47.6276264463878],[-122.187009341962,47.6274647782137],[-122.187064976424,47.6272807840683],[-122.187106768746,47.627155671409],[-122.187153288003,47.6269794625304],[-122.187150988316,47.6267293087263],[-122.187153145171,47.6262908163758],[-122.187153974316,47.6261225781433],[-122.187155508638,47.6258108902928],[-122.1873016834,47.6257445694442],[-122.187433160825,47.6257104638991],[-122.187602787005,47.6256841581991],[-122.187816983996,47.6256569152663],[-122.188122052765,47.62560124754],[-122.188184720137,47.6255210630484],[-122.188226531324,47.6254589066631],[-122.188303068685,47.6253753998915],[-122.188414195675,47.6253053368522],[-122.188539123483,47.6252493502879],[-122.188684771832,47.6252101278109],[-122.188902911529,47.625109473221],[-122.189224019717,47.6250003004092],[-122.189448940796,47.6249371280695],[-122.189673862774,47.624873955048],[-122.189983905514,47.6248102618695],[-122.190271154403,47.6247538891038],[-122.190477125521,47.6247281532561],[-122.190640485054,47.6247157251869],[-122.190841442674,47.6247067076149],[-122.191044271486,47.6247257980564],[-122.191202518706,47.6247561843627],[-122.191414139329,47.6248060697416],[-122.191727528294,47.6249029705344],[-122.191998207757,47.6250392760216],[-122.192197734362,47.62514668388],[-122.19239128178,47.6252654569055],[-122.192603609377,47.6253902834771],[-122.192740844104,47.6254821925366],[-122.192960091424,47.6256097079533],[-122.193155711256,47.6257043937732],[-122.193325630286,47.6257903369052],[-122.193480842998,47.6258394517869],[-122.19363809219,47.6258731782447],[-122.193771612384,47.6259001740468],[-122.193976386048,47.6259299681596],[-122.194178187187,47.6259610954244],[-122.194332496193,47.625987456685],[-122.194558091907,47.6260079179689],[-122.194873693422,47.6260459295837],[-122.195121112808,47.6260537124439],[-122.195380397141,47.6260648621232],[-122.195581294575,47.626073234068],[-122.195792052815,47.6260916598493],[-122.195957289827,47.626107330295],[-122.196044194644,47.6261218940032],[-122.196109410537,47.6261491451698],[-122.196190810478,47.6262665282673],[-122.196244647412,47.6264164626732],[-122.196286225935,47.626488275125],[-122.196377929552,47.626564181386],[-122.196453964754,47.6265968654343],[-122.196561427517,47.6266073623463],[-122.196676106446,47.6266201677527],[-122.19683664437,47.6266154042461],[-122.196979489975,47.6266157257283],[-122.197097506146,47.6266212405709],[-122.19724446334,47.6266384008153],[-122.1973553397,47.6266440185782],[-122.197473357667,47.6266495328124],[-122.197620081299,47.626659453347],[-122.197771120438,47.6267151659588],[-122.197811567982,47.6267548014181],[-122.197856644545,47.6267984163113],[-122.197920646814,47.6269012816869],[-122.197958737178,47.6269755581528],[-122.198013193051,47.6271147745539],[-122.198073162783,47.6272032157563],[-122.198142990626,47.6272649571707],[-122.198215845792,47.6273097564448],[-122.198235597051,47.6273194231832],[-122.198238788765,47.6274410524789],[-122.198283950667,47.6276775410696],[-122.198524542857,47.627938023519],[-122.198683787207,47.6280677965767],[-122.198694153766,47.6284627216978],[-122.198698991193,47.6286470204387],[-122.198742084276,47.6288045234189],[-122.19886307387,47.6289610923965],[-122.199139165683,47.6290894638364],[-122.199768555913,47.6293189405304],[-122.200042576211,47.6293683233139],[-122.200316596509,47.6294177072615],[-122.200511335991,47.6294153686188],[-122.200668513318,47.6294661534058],[-122.200749177539,47.6295705318586],[-122.200861977192,47.6297540941693],[-122.200897327695,47.629969323142],[-122.200911053055,47.6301743147457],[-122.200927728481,47.6303599501941],[-122.200922988071,47.6305459003873],[-122.200881228089,47.6308024008848],[-122.200842966146,47.6309453907043],[-122.200792363148,47.6311489116549],[-122.200768377231,47.6312916916723],[-122.200798090806,47.6314385121582],[-122.200832846624,47.6316311242414],[-122.200896856978,47.6318450342585],[-122.200933012372,47.6319700327806],[-122.200974364519,47.6321456509492],[-122.200999658383,47.6322659814078],[-122.20103224477,47.6323910328001],[-122.201119461302,47.6325490790064],[-122.201201557438,47.6326589195004],[-122.201209633292,47.6326727289234],[-122.201216451505,47.6326843905341],[-122.201260000033,47.6326984608594],[-122.201340671441,47.6328028383049],[-122.201478719144,47.6328928898128],[-122.20148630362,47.6328853283203],[-122.202266683582,47.6326358565692],[-122.202296236358,47.6320629091452],[-122.204157176419,47.6320477066161],[-122.20432080365,47.6321717590755],[-122.204555723876,47.6320678132054],[-122.205876445872,47.6320911294296],[-122.206122858246,47.6324567101924],[-122.206907927414,47.6324827170682],[-122.206911508997,47.6326183423432],[-122.206963743335,47.6326765735504],[-122.207056836647,47.6327309703611],[-122.207512512464,47.6329844926882],[-122.20817003793,47.6329820216326],[-122.208737622273,47.6329798865483],[-122.209629433754,47.6329765250164],[-122.209671986051,47.6329763101156],[-122.209742404087,47.6332980591431],[-122.209818256932,47.6335995313056],[-122.209851410156,47.6338051721278],[-122.209855994259,47.6339783797086],[-122.209848337917,47.6342126116737],[-122.209850827149,47.634568471642],[-122.209776196912,47.6348083656688],[-122.209776805071,47.6348141829188],[-122.20977561121,47.6349810965555],[-122.209785937344,47.6351592494083],[-122.209772695279,47.6352985747617],[-122.209778742737,47.6354261600551],[-122.209783026803,47.6355364212555],[-122.209791305677,47.6357054100525],[-122.209785710071,47.635893787931],[-122.209780525893,47.6360667488826],[-122.209785925666,47.6361977111797],[-122.209790680449,47.6363320508083],[-122.209793727535,47.6364885627318],[-122.209793953012,47.6366465438835],[-122.209793944029,47.6367924867581],[-122.209811100952,47.6369416476496],[-122.209876568373,47.6373027896812],[-122.209888259947,47.6374274349683],[-122.20989583544,47.637560305396],[-122.209894768241,47.6377250414735],[-122.209867890648,47.6379184251409],[-122.209833315391,47.6380458902418],[-122.209803794056,47.6382132874749],[-122.209794850429,47.6383395618522],[-122.209797016267,47.6384874108998],[-122.209821092913,47.6389187620595],[-122.209788458915,47.6390360946873],[-122.209726488636,47.639147426884],[-122.209707416504,47.6391830259717],[-122.209705924402,47.6391903613879],[-122.209705017104,47.6391948217127],[-122.209704961408,47.6391948755827],[-122.209228070078,47.6396578387575],[-122.209095962934,47.6397790235143],[-122.209020342754,47.6398713872538],[-122.208849590984,47.6401055946187],[-122.208740712477,47.6403179495097],[-122.208545064798,47.640791633454],[-122.208391586733,47.6408919721589],[-122.207508981187,47.6417608538136],[-122.207500619668,47.6418383369677],[-122.207566026004,47.6419501007889],[-122.207685879229,47.6421526582982],[-122.207793839659,47.6422990827001],[-122.208206488869,47.6427130997505],[-122.208355131303,47.6429112445291],[-122.208473528359,47.6430623955248],[-122.208684401584,47.6433143552456],[-122.208854949435,47.6434717861799],[-122.20901097602,47.6436519842079],[-122.209130257917,47.6438117981207],[-122.209267356101,47.6439714523698],[-122.209384230512,47.6441173191032],[-122.209482408288,47.6442546814335],[-122.209517504568,47.6443367333459],[-122.209525079162,47.6444696025433],[-122.209509486206,47.6446571063588],[-122.209477428926,47.6448775084682],[-122.209468951525,47.6450278603383],[-122.209460240562,47.6451661734847],[-122.209418777922,47.6453428288152],[-122.209394192829,47.6454711684866],[-122.209355082876,47.6456222751576],[-122.209299741265,47.6458183197323],[-122.209233635141,47.6460838184593],[-122.209179641901,47.6463126044335],[-122.209091846854,47.6464525833145],[-122.209045093136,47.6465772660819],[-122.20895729719,47.6467172454641],[-122.208898785424,47.6468237300299],[-122.208848562413,47.6469532601073],[-122.208801104417,47.6470418250862],[-122.208742124629,47.6471242308933],[-122.208709893975,47.647226146662],[-122.208695892833,47.6473124877169],[-122.208681066139,47.6474296623004],[-122.208692287893,47.6475302285143],[-122.208699807691,47.6476236031272],[-122.208682805277,47.6477388700804],[-122.208628931513,47.6479007036885],[-122.208624100373,47.648018753253],[-122.208576283949,47.6481622297286],[-122.208487548365,47.648254050932],[-122.208436436022,47.6483364021762],[-122.20841490071,47.6483384125718],[-122.208334291286,47.6483454519817],[-122.208269708706,47.6483644303034],[-122.20821397992,47.6483787523958],[-122.208111615995,47.648411836136],[-122.208040423611,47.6484354440236],[-122.207975558959,47.6484438099642],[-122.207930567736,47.6484398037052],[-122.207863018919,47.6484315188575],[-122.207795391947,47.6484202038958],[-122.207743307627,47.6484026326275],[-122.207688821212,47.6483790259353],[-122.20764991877,47.6483506800985],[-122.207613179472,47.6483192768947],[-122.207578445213,47.6482787482095],[-122.207554806046,47.6482335372349],[-122.207540503969,47.6482018616307],[-122.207559253605,47.6481470391457],[-122.207542466788,47.6481062948832],[-122.207469349313,47.6480571295164],[-122.207395392813,47.6479761279895],[-122.207341947545,47.6479070114932],[-122.207273600125,47.6478684057556],[-122.207229368877,47.6478082772867],[-122.207190187059,47.6477693186546],[-122.207142111022,47.6477335014998],[-122.207098922718,47.6476278636262],[-122.207084020566,47.647488519104],[-122.207117029161,47.6474273995069],[-122.207115291819,47.6473616144475],[-122.207126374335,47.6473203521364],[-122.207149625429,47.6472789427319],[-122.207171360167,47.6472266174991],[-122.207196439333,47.6471565528887],[-122.207226046009,47.6470879503252],[-122.207253729391,47.6470315029426],[-122.207319714242,47.6469806607875],[-122.207383413778,47.6469283292039],[-122.207431168219,47.6468670903334],[-122.207483971191,47.6468270228894],[-122.207513817717,47.646767516572],[-122.207562133604,47.646727502914],[-122.207614695828,47.6466783386701],[-122.207674388879,47.6466442540483],[-122.207741180417,47.6465770058474],[-122.207789168419,47.6465415273906],[-122.207874954834,47.6464964087178],[-122.207925806665,47.6464664054325],[-122.207998395032,47.6464361406843],[-122.208049537918,47.6464171550047],[-122.208067684785,47.6463838739166],[-122.208052982059,47.6463418041024],[-122.208038085296,47.646292390153],[-122.208045168512,47.6462518956019],[-122.208063509415,47.6462259585201],[-122.208090197464,47.6462072681022],[-122.208097037237,47.6461575913682],[-122.208103587752,47.6460968986969],[-122.208118726161,47.6460526323708],[-122.208156087094,47.6460264658181],[-122.208212130289,47.6459872165696],[-122.208262106263,47.645924160983],[-122.208332703963,47.6458186108361],[-122.208339301191,47.6457597533612],[-122.208369917572,47.6456840746988],[-122.20835511693,47.6456383337372],[-122.208332310501,47.6455981987778],[-122.208299073734,47.6455747215431],[-122.208247155602,47.6455643276949],[-122.208206398139,47.6455648197294],[-122.208146813785,47.6455728871567],[-122.208104503135,47.6456174813069],[-122.208103290409,47.6456744361708],[-122.208074663796,47.6457225386169],[-122.208042785282,47.6457504761554],[-122.208009306868,47.6458206788231],[-122.207963307735,47.6459314421948],[-122.207904937903,47.6459854148787],[-122.207882083864,47.6460463049756],[-122.207852971262,47.6460760452392],[-122.207817550691,47.6460727995382],[-122.207785476343,47.6460933915498],[-122.207780770968,47.6461210002653],[-122.207758693971,47.6462112696908],[-122.207708522165,47.6462669802208],[-122.207637146524,47.646343150671],[-122.207602259551,47.646360102303],[-122.207576446462,47.6464118449925],[-122.20748575794,47.6464772275812],[-122.207429908781,47.6465238217416],[-122.207353339979,47.6466092386124],[-122.207287251822,47.6466798347134],[-122.207239468636,47.6467465617093],[-122.20719355664,47.6467926127702],[-122.207190832049,47.6468593747233],[-122.207169517723,47.6469020953082],[-122.207138577948,47.6469167397642],[-122.20709151521,47.6469227517485],[-122.20703783099,47.6469294651504],[-122.207007383492,47.6469662305874],[-122.206990515826,47.6470073812178],[-122.206938834849,47.6470898984343],[-122.206900893605,47.6471828671468],[-122.206900332158,47.6472465693712],[-122.206856701883,47.6473790359795],[-122.206790597556,47.6474253309783],[-122.206756622374,47.6474985355383],[-122.206768959836,47.64762577695],[-122.206833666384,47.6477598469367],[-122.206878051244,47.6478473956579],[-122.20692949237,47.6479256371537],[-122.206987856813,47.6480022729894],[-122.207068406049,47.6480674272502],[-122.207115475075,47.648099921138],[-122.207163124413,47.6481544513713],[-122.207183854835,47.6482091975961],[-122.207170955027,47.6482305851791],[-122.207183454186,47.6482789648629],[-122.207211257942,47.64831199299],[-122.207242748385,47.6483146466892],[-122.207312019273,47.6483031949322],[-122.207350600118,47.6483194118491],[-122.207384935524,47.6483447790257],[-122.207435696626,47.6483972459598],[-122.207500123798,47.648460804487],[-122.207509584855,47.6485102841644],[-122.207486341845,47.6485564849637],[-122.207465272759,47.6485689739327],[-122.207416758343,47.6485977341948],[-122.207330190394,47.6486134735386],[-122.207233191208,47.6486458690488],[-122.207149825753,47.6486799384454],[-122.207058308985,47.6487141046473],[-122.206948012937,47.6487576812432],[-122.20683475604,47.6487921094333],[-122.206773469379,47.6488387693077],[-122.206706019375,47.6488579507874],[-122.206625419833,47.6488938228466],[-122.206585434922,47.6489236934159],[-122.206572672556,47.6489550732598],[-122.206576117595,47.6489825830305],[-122.206568158522,47.6489900266062],[-122.206549282223,47.6489957642105],[-122.206508181604,47.648983402429],[-122.206451069413,47.6489822544238],[-122.206378378638,47.6490088461396],[-122.206336306042,47.6490626207796],[-122.206176729315,47.6491579176884],[-122.206125219917,47.6492010896629],[-122.206091493568,47.649262110963],[-122.206043938553,47.6493141146296],[-122.206000653231,47.649321983589],[-122.205959795157,47.6493188022372],[-122.205903310889,47.6493415249642],[-122.205882395414,47.6493730025937],[-122.205839257416,47.6493863803536],[-122.205812664588,47.6494087423735],[-122.205800192379,47.6494511395316],[-122.20579572326,47.6495100376289],[-122.205438975312,47.6495164444859],[-122.204042024078,47.6493800606242],[-122.202383070208,47.6494421274378],[-122.200539579922,47.6496041942021],[-122.197808085214,47.6501701648915],[-122.195413338363,47.6507800692608],[-122.193891878834,47.6513175450086],[-122.19232646384,47.6516499241073],[-122.190007434188,47.6519523590494],[-122.188692164068,47.6524772396959],[-122.188430845949,47.6530735418305],[-122.188205356236,47.6553348642162],[-122.187950220322,47.6567911495104],[-122.187687586171,47.6577982793497],[-122.187169473848,47.6590265108715],[-122.186544828518,47.6601815449714],[-122.18568087559,47.6610727247641],[-122.17477330234,47.6607685045558],[-122.172311376778,47.6607485548244],[-122.172317177199,47.6604909743252],[-122.172344828242,47.660254727416],[-122.172340846909,47.6601565042151],[-122.17234313402,47.660012470171],[-122.17234367211,47.6598511109351],[-122.172336838626,47.6597148623659],[-122.17234717554,47.6595818371262],[-122.172351411995,47.6594276717879],[-122.17234915363,47.6593072780344],[-122.172359688174,47.6591467975734],[-122.172359999889,47.6589733993434],[-122.172310523378,47.6587681564811],[-122.172280447782,47.6586470369539],[-122.172258166868,47.6584853933557],[-122.172155428346,47.6582531519535],[-122.172112306517,47.6581205852575],[-122.172104400445,47.6580031291024],[-122.172091891404,47.6578303230645],[-122.172049166631,47.6576428429417],[-122.172024807016,47.657567238979]]]},"properties":{"OBJECTID":16,"SD_BASIN_ID":2,"BASIN":"YARROW CREEK","TYPE":"BASIN","BASIN_NO":70,"SYMBOL":9,"SysChangeUser":"gisdba_cobgis","SysCreateDate":"Fri, 02 Oct 2026 19:14:30 GMT","SysChangeDate":"Fri, 02 Oct 2026 19:14:30 GMT","SysCreateUser":"gisdba_cobgis"}},{"type":"Feature","id":17,"geometry":{"type":"Polygon","coordinates":[[[-122.158644291264,47.6622588876048],[-122.15843437744,47.6622556265741],[-122.158258434307,47.6622645487294],[-122.158061311594,47.6622602954746],[-122.15782203903,47.6622485321678],[-122.157646307899,47.6622352115492],[-122.157400953741,47.6622111216522],[-122.157145116243,47.662189864428],[-122.156777714275,47.66216916986],[-122.156457076804,47.6621596674779],[-122.156231435276,47.6621401097236],[-122.156025927688,47.662121685763],[-122.155942056482,47.6621123037706],[-122.155472941867,47.6620648547129],[-122.155104707161,47.6620098707205],[-122.154890393388,47.6619806767864],[-122.154575845597,47.6619013267768],[-122.154326514596,47.6618479047731],[-122.154161629724,47.6617782978131],[-122.154052237381,47.6617297382382],[-122.153937119175,47.6616564888887],[-122.153808369036,47.6615910303143],[-122.15362447132,47.6615002096735],[-122.153491529642,47.6614276666707],[-122.153366554223,47.6613726916875],[-122.153183079614,47.6612784704191],[-122.153010507858,47.6611780165929],[-122.152875682412,47.6611002311768],[-122.152707932812,47.6610223016477],[-122.152557169457,47.6609504652611],[-122.152392773268,47.6608864197586],[-122.152267801442,47.6608314423904],[-122.152123538296,47.6607685311772],[-122.151969417038,47.6607238943005],[-122.151829972454,47.6606835089542],[-122.151607700507,47.6606367410761],[-122.151463852382,47.6606115129775],[-122.151250805234,47.6605721125405],[-122.151036498649,47.660542911147],[-122.150780251519,47.6605250402298],[-122.150379315441,47.6604887387193],[-122.150015701669,47.6604785063584],[-122.149698008875,47.6604862695694],[-122.149484329314,47.6604725074302],[-122.149186139843,47.660465962759],[-122.148880399135,47.6604795331038],[-122.148657280076,47.6604806433441],[-122.14838634639,47.6604995997098],[-122.148198456561,47.6605026962806],[-122.147962546391,47.6605047969632],[-122.147732088995,47.6605037798989],[-122.14744585161,47.6605030399407],[-122.147236784897,47.6604929576314],[-122.146984516406,47.6605044036902],[-122.146783413258,47.6605118891863],[-122.146584617882,47.6605212151981],[-122.146425242378,47.660539613707],[-122.146277398547,47.6605672208363],[-122.146079851829,47.6606074308126],[-122.145918375165,47.6606428277153],[-122.145799259457,47.6606634968719],[-122.145691472403,47.6606745332858],[-122.145533982462,47.6606981719321],[-122.145359087663,47.6607191163567],[-122.145217956043,47.6607334060194],[-122.145115201351,47.6607447255738],[-122.14492752622,47.6607255756865],[-122.144667915798,47.6607348901645],[-122.144508755889,47.660731043972],[-122.144367840764,47.6607230908171],[-122.14424055937,47.6607073478625],[-122.144127954651,47.6606958564706],[-122.143997945073,47.6606816714683],[-122.143856610434,47.660677117383],[-122.143712968024,47.6606707215757],[-122.143580858185,47.6606735361909],[-122.143468253465,47.6606620441866],[-122.143350616384,47.660650269024],[-122.143227946042,47.6606382088879],[-122.143143233114,47.6606265789281],[-122.143061461271,47.6605911487376],[-122.142994165778,47.6605411299244],[-122.142954961502,47.6605098151256],[-122.142909899312,47.6604439315882],[-122.14287909159,47.660385700472],[-122.142855625798,47.6603295966021],[-122.142845994061,47.6602845436891],[-122.142838885693,47.66021909126],[-122.14284646927,47.6601168069652],[-122.142837054926,47.6600495125823],[-122.142793727383,47.6598056927681],[-122.142789157653,47.6596787563265],[-122.142778712942,47.6595583353199],[-122.142772243275,47.6594672412918],[-122.142754268884,47.6592847689906],[-122.142741153481,47.6590015687898],[-122.142734914682,47.6588471482203],[-122.142732039174,47.6586655274868],[-122.142724552615,47.658480222524],[-122.142729653249,47.6582750866339],[-122.142727009507,47.6580301391647],[-122.142727498191,47.6578213178623],[-122.142711194667,47.6576663292734],[-122.142681068765,47.6574592043441],[-122.1426652135,47.6572186464851],[-122.142647024413,47.657058416156],[-122.142640581695,47.6568851525784],[-122.142639376156,47.6567310161873],[-122.142639430953,47.6565666800981],[-122.142639717516,47.6563390172999],[-122.142657812281,47.6561517327108],[-122.14267255633,47.6559505643113],[-122.142693188835,47.6557017956794],[-122.142711690537,47.6555521958055],[-122.142701694982,47.6553462067244],[-122.142700908956,47.6551886699867],[-122.142709575902,47.6549751756349],[-122.142736244188,47.6548619856251],[-122.142737749765,47.6547473751956],[-122.142744287703,47.6546330489132],[-122.142764267133,47.6544510068901],[-122.142782564918,47.6542825646277],[-122.142786362096,47.6542108799264],[-122.142800453968,47.6540764380191],[-122.142812037744,47.6539213112407],[-122.142805379431,47.6537702915109],[-122.142795369504,47.6536053863719],[-122.142785564392,47.6534593234517],[-122.142798638473,47.6532306704424],[-122.142773751546,47.653042670948],[-122.142774877135,47.6528082087351],[-122.142783747999,47.6526135567724],[-122.142778160478,47.6523924097149],[-122.142789974222,47.6521739569782],[-122.142802005359,47.6519332622148],[-122.142790952487,47.6517563151079],[-122.14279122288,47.6515697366179],[-122.142786071042,47.6513041054138],[-122.142774420791,47.6510295475745],[-122.142758119962,47.6508745587956],[-122.142732608706,47.6506711177004],[-122.142718843821,47.6504546438715],[-122.142719956834,47.6502612660625],[-122.142683351384,47.650004130054],[-122.142657870671,47.6497185199962],[-122.14262251388,47.6494922682337],[-122.142616073858,47.6493190061778],[-122.14261970934,47.6491052270013],[-122.142607191316,47.6489196375698],[-122.142581886673,47.64873503875],[-122.14255573941,47.6485572390102],[-122.14256187131,47.6484052288304],[-122.142555633409,47.6482508083922],[-122.142562821728,47.6480697553753],[-122.142604594287,47.6479163337046],[-122.142640058876,47.6478139121399],[-122.142661691206,47.6477004385114],[-122.142637184267,47.6476322911559],[-122.142591509426,47.6475509658011],[-122.142551069069,47.6474887672303],[-122.14250017322,47.6473472315573],[-122.142446117098,47.6472517376843],[-122.142402137378,47.6471157279684],[-122.142392116671,47.6469919070692],[-122.142354836587,47.6468836665757],[-122.142337682358,47.6467765605974],[-122.142352398559,47.6466575604888],[-122.142359777321,47.6465364346568],[-122.142325034079,47.646366708657],[-122.142316491999,47.6462104460123],[-122.142307936444,47.6460952676769],[-122.142329770895,47.6460006363505],[-122.142366902757,47.6459256982018],[-122.142403891788,47.6458324058876],[-122.14240739881,47.6458235608113],[-122.142413880155,47.6457711433396],[-122.142414907828,47.645771258934],[-122.142421789821,47.645707182103],[-122.142422954936,47.6456977614538],[-122.142423304381,47.6456930813889],[-122.142434537814,47.6455426346002],[-122.142441292246,47.6454060654561],[-122.142446784546,47.6452796974045],[-122.142441171872,47.6451407194292],[-122.142453784218,47.6450387190979],[-122.142463468956,47.6449194348152],[-122.142480271943,47.6448245181171],[-122.142486171179,47.6447358343871],[-122.142507177384,47.6446069179505],[-122.142541827201,47.644429128367],[-122.142577507386,47.6443044646809],[-122.142588247643,47.6441561388367],[-122.142573398492,47.6440508756256],[-122.142551214596,47.643943487855],[-122.142522534084,47.6438271727434],[-122.142504770797,47.6436635410844],[-122.142466869977,47.6435398578625],[-122.142438609877,47.6434201428624],[-122.142451643533,47.6433147395695],[-122.142443521865,47.6431550766557],[-122.142433502056,47.6430312560515],[-122.14243818138,47.642829519023],[-122.142419985106,47.6427103731377],[-122.142401164502,47.6425757842069],[-122.142397653886,47.6424198061863],[-122.142410076688,47.6422578787303],[-122.14239795572,47.6421510580226],[-122.142380815865,47.6420028701135],[-122.142382350187,47.6418060909694],[-122.142373171202,47.6416754695665],[-122.142375721519,47.6415729013978],[-122.142372210902,47.6414169228038],[-122.142368917679,47.6412387017086],[-122.142353649912,47.6411368396257],[-122.142317229516,47.6409807138618],[-122.142282708157,47.640788746346],[-122.142262221179,47.6406266734128],[-122.142210939953,47.6404063689744],[-122.142181435686,47.640255768958],[-122.142154006527,47.6401703380662],[-122.142130765314,47.6400919911365],[-122.142125343083,47.6400129389465],[-122.142117208838,47.6398943598321],[-122.142122688561,47.6398090754311],[-122.142128587797,47.6397203910552],[-122.142113103537,47.6396407705531],[-122.142109146458,47.6395703598383],[-122.142069364566,47.6394414342857],[-122.142042775332,47.6393492035531],[-122.142003819889,47.6392545618215],[-122.141909528225,47.6391567948443],[-122.141856714473,47.6391332693184],[-122.141795723357,47.6391144171732],[-122.141721106595,47.6391033556228],[-122.141655506223,47.6390808185008],[-122.141593892574,47.6390465255462],[-122.141430623771,47.6389945056041],[-122.141330650263,47.6389631796994],[-122.141286162995,47.6389542172453],[-122.141454632145,47.6386774535812],[-122.141596837252,47.6384287049616],[-122.141695213555,47.6382271250895],[-122.141795055011,47.638034187457],[-122.141960523788,47.6377816169462],[-122.142018859484,47.6375966065034],[-122.142109274019,47.6373774581286],[-122.142188555733,47.6372278675042],[-122.142220896879,47.6370482350701],[-122.142284911725,47.6367967820379],[-122.142299015275,47.6366212557694],[-122.142365335197,47.6363716444717],[-122.142368331977,47.636183507416],[-122.142379073133,47.6360351803057],[-122.142431967733,47.6358122009616],[-122.142493878725,47.6355777479594],[-122.142584750502,47.6352319463386],[-122.142605143157,47.6350465037419],[-122.142629711182,47.6349092297914],[-122.142653859693,47.6347753556381],[-122.142687430634,47.6346676915334],[-122.142734845511,47.6345299964845],[-122.142805118021,47.6343507954617],[-122.14288316006,47.6341292357183],[-122.142932253888,47.6339779402298],[-122.142972970029,47.6338124762158],[-122.142989360689,47.6336798759276],[-122.143025046264,47.6335141276669],[-122.143063862467,47.6333845061521],[-122.143097864599,47.6332323579888],[-122.143162264822,47.6330596715659],[-122.143219952833,47.6329003017815],[-122.143267160199,47.6327437645816],[-122.143282533069,47.6327056960913],[-122.14321919735,47.6321614703154],[-122.143266864654,47.6320677823318],[-122.143269117628,47.6318445227231],[-122.143254624209,47.631652256487],[-122.143257279779,47.631630687306],[-122.143265131803,47.6316097044365],[-122.143272253647,47.6315976327504],[-122.14327646944,47.6315917903222],[-122.143279512933,47.6315879770946],[-122.143286151483,47.6315805625184],[-122.143291595273,47.6315752049899],[-122.143295440063,47.6315717374277],[-122.143299451939,47.6315683570387],[-122.143305771587,47.6315634583799],[-122.143310180518,47.6315603122688],[-122.143317075088,47.6315557816746],[-122.143321853227,47.6315528916349],[-122.143324293051,47.6315514871747],[-122.143329276006,47.6315487599794],[-122.143336991636,47.6315448813687],[-122.1433422899,47.6315424405135],[-122.143347703148,47.6315401189162],[-122.143353226888,47.6315379196038],[-122.143391391813,47.6315267420342],[-122.143880454417,47.6314036971996],[-122.144149348927,47.6313516775181],[-122.144688434218,47.6312580455933],[-122.144756164495,47.6312063599338],[-122.144924942666,47.6311584529759],[-122.145442825918,47.6310784991825],[-122.145482062533,47.6300882341344],[-122.14548204277,47.630067773237],[-122.14548254942,47.6300626680003],[-122.145483262683,47.63005757366],[-122.145484178964,47.6300524932432],[-122.145488144128,47.6300373803322],[-122.145489867995,47.6300323979864],[-122.145490804938,47.6300299183157],[-122.145495045884,47.6300200946776],[-122.145510692702,47.6299940394866],[-122.145531891184,47.629969844382],[-122.145602883244,47.6299352821032],[-122.145627091943,47.6299242876239],[-122.145701260446,47.6298929205633],[-122.145718044569,47.6298862854889],[-122.145734933794,47.6298797739133],[-122.145751926326,47.6298733864418],[-122.145847148645,47.6298405082958],[-122.145864765506,47.6298349465723],[-122.145891355638,47.629826846445],[-122.145909188993,47.6298216092096],[-122.145981331795,47.6298019794097],[-122.146017858193,47.6297929615043],[-122.14607317016,47.6297804468577],[-122.146091738337,47.6297765463216],[-122.146178379023,47.6297602879997],[-122.146266117246,47.6297469885106],[-122.146354732029,47.6297366813505],[-122.146444000184,47.6297293924789],[-122.146533696881,47.6297251402537],[-122.14662359621,47.6297239353845],[-122.146713471751,47.6297257809058],[-122.146803097143,47.6297306721696],[-122.146897140974,47.6297443062553],[-122.14699178798,47.6297558770394],[-122.147086939117,47.6297653724138],[-122.147182494816,47.6297727824421],[-122.147278355083,47.6297780993702],[-122.147374419604,47.629781317634],[-122.147470587854,47.6297824338659],[-122.147566759198,47.6297814468978],[-122.147662832996,47.6297783577625],[-122.147758708713,47.6297731696926],[-122.147854286021,47.6297658881172],[-122.147949464902,47.629756520656],[-122.148044145757,47.6297450771116],[-122.148138229509,47.6297315694591],[-122.148231617703,47.6297160118334],[-122.148324212616,47.6296984205148],[-122.148405353056,47.6296887863919],[-122.148487618862,47.6296858223013],[-122.148762535678,47.6296969264068],[-122.148789156928,47.6296927286687],[-122.148813855495,47.6296848097542],[-122.148835507593,47.629673529974],[-122.148853128056,47.6296594025583],[-122.148865915155,47.6296430703043],[-122.148873287084,47.6296252763284],[-122.148874908425,47.6296068302548],[-122.148870705415,47.6295885713768],[-122.148857256736,47.6294744812174],[-122.14886131802,47.6292173821235],[-122.148895027301,47.6290884667438],[-122.149016507375,47.6288799928485],[-122.149051938105,47.6288536086067],[-122.149090699234,47.6288294587339],[-122.149103582872,47.6288223270946],[-122.149107941498,47.6288200053765],[-122.149125697598,47.6288109957774],[-122.149162644403,47.6287943572613],[-122.149201331253,47.6287796365242],[-122.149211248654,47.6287762662464],[-122.149262145401,47.6287613285333],[-122.149272560469,47.6287587319594],[-122.149328305018,47.6287472909534],[-122.149385442767,47.6287396078774],[-122.149396439943,47.6287385768756],[-122.14944065053,47.6287358525605],[-122.14977300832,47.628721299267],[-122.150094890856,47.6287183067573],[-122.15098781535,47.628725095147],[-122.15103321838,47.628729315183],[-122.151076766205,47.6287389701762],[-122.151117047274,47.6287537471712],[-122.151152755918,47.6287731671889],[-122.151333897602,47.6288353335573],[-122.15135462671,47.6288452013287],[-122.151377288289,47.6288528861022],[-122.151401383017,47.6288582185524],[-122.151426379993,47.6288610811849],[-122.151451728438,47.6288614109248],[-122.151476869827,47.6288592005065],[-122.151501250198,47.6288544986342],[-122.151524332357,47.6288474089084],[-122.151840759424,47.6288294635771],[-122.151877304652,47.6288222113858],[-122.151912461024,47.6288123068234],[-122.151945808693,47.6287998681734],[-122.151976949411,47.6287850439822],[-122.152054955816,47.628764119763],[-122.15213617784,47.628749842337],[-122.152219381314,47.6287424286491],[-122.152303301964,47.6287419913503],[-122.152998763284,47.6287513194034],[-122.153123647075,47.6286152790768],[-122.153101235007,47.6286035687312],[-122.153025710946,47.628558382501],[-122.15291988181,47.6285405496725],[-122.152812572516,47.6285273647696],[-122.152704229277,47.6285188826177],[-122.152595302604,47.6285151384871],[-122.152486245432,47.6285161479466],[-122.152377511243,47.6285219067986],[-122.152269552171,47.6285323910969],[-122.152162817132,47.6285475572456],[-122.152128685042,47.628549201865],[-122.152094839895,47.6285457933057],[-122.15206289921,47.6285374944689],[-122.152034389487,47.6285247019705],[-122.152027962041,47.6285208685408],[-122.152004036312,47.6285017383177],[-122.15200097665,47.6284984763897],[-122.151994116216,47.6284900085737],[-122.151988989531,47.6282877577078],[-122.151991822817,47.6282807894549],[-122.151992595369,47.628277945245],[-122.151993363428,47.628273638973],[-122.151993658076,47.6282693048518],[-122.151993649092,47.6282678597411],[-122.151992118363,47.6282578008732],[-122.151990098052,47.6282521826783],[-122.151988781122,47.6282494298836],[-122.151986433824,47.6282453924109],[-122.151984625515,47.628242771595],[-122.15198262856,47.6282402137416],[-122.151980447451,47.6282377255102],[-122.151965407856,47.6282255531527],[-122.150613771239,47.6282050194823],[-122.14922999829,47.6281957470294],[-122.148711532929,47.6281551954665],[-122.148681102499,47.6281549878109],[-122.148672422977,47.6281546070079],[-122.148668089504,47.628154363633],[-122.148659436931,47.6281537697257],[-122.148633640909,47.6281511398242],[-122.148625114999,47.6281499816746],[-122.148608197926,47.6281472476423],[-122.148599818441,47.6281456735758],[-122.148587360604,47.6281430551766],[-122.148570985215,47.6281390909503],[-122.148566938305,47.6281380157416],[-122.148558901078,47.6281357678531],[-122.148550948292,47.6281333879852],[-122.14853531042,47.6281282407862],[-122.148531460241,47.6281268737695],[-122.148505233926,47.6281164383091],[-122.148497991708,47.6281131836219],[-122.148480413475,47.6281045353311],[-122.148473605143,47.6281008768343],[-122.148457174957,47.6280912514084],[-122.148453994022,47.6280892462877],[-122.148435689052,47.6280766834055],[-122.148432772222,47.6280745033205],[-122.148408337148,47.6280538515356],[-122.148405831747,47.6280514486582],[-122.148396245824,47.6280416367565],[-122.14839172101,47.6280366160795],[-122.148375461503,47.6280158347215],[-122.148373641517,47.6280131654612],[-122.148368469017,47.6280050686841],[-122.148365264727,47.6279996030257],[-122.148362257167,47.6279940859069],[-122.148358120425,47.6279857227455],[-122.148345489214,47.6279485122913],[-122.148343364698,47.6279368423589],[-122.148342618198,47.6279309837807],[-122.148342081006,47.6279251161206],[-122.148341672272,47.6279163013102],[-122.148343292833,47.6278898792702],[-122.148338518336,47.6278726928632],[-122.148338299098,47.6278552066415],[-122.148337276816,47.6278536646531],[-122.148335799087,47.6278504390095],[-122.148335109181,47.6278470953099],[-122.148335065163,47.6278454062058],[-122.148335222369,47.6278437195232],[-122.148335580796,47.6278420473706],[-122.148337336104,47.6278380001798],[-122.148335269674,47.6278323668643],[-122.148337862517,47.6278268339271],[-122.148336663266,47.6278239636597],[-122.148336541095,47.6278227703889],[-122.148336556367,47.6278221722399],[-122.148336744115,47.6278209813907],[-122.148336915693,47.6278203947445],[-122.148337411563,47.6278192456688],[-122.148338100571,47.6278181438154],[-122.148338214657,47.6277975409677],[-122.14833772777,47.627797146843],[-122.148336193447,47.6277953796388],[-122.148335921258,47.6277949001507],[-122.148335521508,47.627793909693],[-122.148335315793,47.627792892597],[-122.148335676916,47.6277903480407],[-122.148336478213,47.62778890776],[-122.148323481388,47.627776204955],[-122.148251930575,47.627672047528],[-122.148283793819,47.6273867869868],[-122.148269544659,47.6273700104149],[-122.148252238698,47.6273546035087],[-122.148247753409,47.6273512052898],[-122.148245453722,47.6273495409918],[-122.148240743855,47.6273462838353],[-122.148215139768,47.6273315155233],[-122.148186543104,47.6273195164179],[-122.147919668006,47.6272794049211],[-122.148323369098,47.6271735495078],[-122.148341923171,47.6271655713197],[-122.148358751941,47.62715600318],[-122.148362908446,47.6271532031048],[-122.148366917627,47.6271503073727],[-122.148370772298,47.6271473159839],[-122.148372639895,47.6271457866885],[-122.148384554251,47.6271344877006],[-122.148390404978,47.627127611318],[-122.148393055008,47.6271240726264],[-122.148395519985,47.6271204727868],[-122.148397793621,47.6271168166428],[-122.148398859922,47.627114968289],[-122.148400843402,47.6271112346506],[-122.148401762378,47.6271093511822],[-122.148404219271,47.6271036384179],[-122.148409325295,47.6270821295765],[-122.148409583111,47.6270781664806],[-122.148407763124,47.6270583957976],[-122.148404549099,47.6269402636662],[-122.14839348544,47.6268223485176],[-122.148374594555,47.6267048885987],[-122.148347914665,47.6265881212349],[-122.148281017126,47.6263875134133],[-122.148274177854,47.6263585414492],[-122.148271347269,47.6263292653499],[-122.148272549819,47.6262999380457],[-122.148277775106,47.6262708129092],[-122.148279530414,47.6262642106737],[-122.148295943984,47.6262220771722],[-122.148320783747,47.6261818730688],[-122.14832966205,47.6261408536665],[-122.148330298703,47.6260993997169],[-122.148329632153,47.626092776875],[-122.148321217595,47.6260533847807],[-122.148305347995,47.6260150572575],[-122.148275068482,47.6257074463939],[-122.148275567047,47.6256985367611],[-122.148275395469,47.6256949701225],[-122.148275012787,47.6256914125652],[-122.14826996156,47.6256739317329],[-122.148269173737,47.6256722292389],[-122.148264483633,47.6256638953724],[-122.148261086205,47.6256590627586],[-122.148258583498,47.6256559217409],[-122.148257262975,47.6256543772659],[-122.148253030113,47.6256498540305],[-122.148251530825,47.6256483864461],[-122.148236166939,47.6256361704994],[-122.148234264307,47.6256349341924],[-122.148226300742,47.6256302529357],[-122.148222117288,47.6256280781975],[-122.148217807171,47.6256260197037],[-122.148204195,47.6256205646946],[-122.14819462345,47.6256175598985],[-122.148189710564,47.625616254571],[-122.148184725812,47.6256150842564],[-122.148182207835,47.6256145496533],[-122.148166960729,47.6256134265629],[-122.147164135445,47.6258056877703],[-122.147125481837,47.6258043019243],[-122.146966213232,47.6258226999503],[-122.146832091167,47.6258425183248],[-122.146685389992,47.6258821683708],[-122.146529675123,47.6259332926078],[-122.146399320592,47.6259635940566],[-122.146188702489,47.6260081946527],[-122.146052899676,47.6260416116245],[-122.145919197124,47.6260580285857],[-122.145616993082,47.6260870639997],[-122.145589071687,47.6260883642364],[-122.145561150801,47.6260870590075],[-122.145533759893,47.6260831730641],[-122.145507418381,47.626076780096],[-122.14527952298,47.6259516972482],[-122.144816192617,47.6257591247775],[-122.144753319885,47.6257184705903],[-122.144687797312,47.6256797760336],[-122.144396608413,47.6253759829324],[-122.144280071768,47.6252249060964],[-122.14428514664,47.6252119564498],[-122.144293322816,47.6251997535235],[-122.144297146046,47.6251954391271],[-122.144302846755,47.6251899538008],[-122.144305945044,47.6251873352536],[-122.144316167872,47.6251800354091],[-122.14431986444,47.6251778007132],[-122.144323695754,47.6251756713647],[-122.14432765463,47.6251736516014],[-122.144338063409,47.6251691035012],[-122.144346859712,47.6251660066516],[-122.144353688705,47.6251640147385],[-122.144534860932,47.6251688552689],[-122.144589675057,47.6251713988986],[-122.144644617683,47.6251712431491],[-122.144699398327,47.6251683888439],[-122.144753727366,47.6251628510736],[-122.144766051353,47.6251612103183],[-122.144838998147,47.6251484862896],[-122.14484632301,47.62514530952],[-122.144842751309,47.6251378867644],[-122.144800667034,47.6250071201596],[-122.144717740855,47.6248175545002],[-122.145148031182,47.6248299335038],[-122.145185539438,47.6248271914271],[-122.145222813234,47.6248152150462],[-122.145239247912,47.6247896227202],[-122.145263711117,47.6247593942476],[-122.145291666577,47.6247305828796],[-122.145322935759,47.6247033726114],[-122.145357318965,47.624677937213],[-122.145394596615,47.6246544391193],[-122.145434530643,47.6246330283933],[-122.145476866021,47.6246138417674],[-122.145521332386,47.6245970017702],[-122.1457629244,47.6245595757846],[-122.145810385092,47.6245451726912],[-122.145840712216,47.6245286571716],[-122.145857262776,47.6245076812796],[-122.145862222375,47.6244912317424],[-122.145973886558,47.6245289950138],[-122.146219251497,47.6246130353292],[-122.14639651156,47.6246949419031],[-122.146569378862,47.6247509217957],[-122.1467971476,47.624813425945],[-122.147015699624,47.6248685611106],[-122.147216858467,47.624921001371],[-122.147463280723,47.6249759965649],[-122.147727732166,47.6250080434656],[-122.147997213277,47.6250403736955],[-122.148235891156,47.6250555564669],[-122.148454669555,47.6250473623602],[-122.148619169948,47.6250480876846],[-122.148765233319,47.6250340776604],[-122.148974585696,47.624999672561],[-122.149132180739,47.6249537863456],[-122.149333992658,47.6248984133289],[-122.149557182683,47.6248339742677],[-122.149843445222,47.6247713823528],[-122.150066839165,47.6247257853419],[-122.150261521155,47.6246871267517],[-122.150513410557,47.6246568306174],[-122.150752516035,47.6246275243779],[-122.151006084388,47.6245836285602],[-122.151252316201,47.6245376045419],[-122.151515521681,47.6244976743624],[-122.151699091511,47.6244874882293],[-122.151888950446,47.6244673847782],[-122.152075664379,47.6244522393742],[-122.152318118776,47.6244368142463],[-122.15249288871,47.6244158589028],[-122.152614015746,47.624378182735],[-122.152747924911,47.6243395160168],[-122.152839083251,47.6243189796089],[-122.152946794847,47.6243079361172],[-122.153038371802,47.6242840000676],[-122.153116120989,47.6242490120265],[-122.153182131891,47.624227057606],[-122.153231378434,47.6242178522585],[-122.153293614615,47.6242264975596],[-122.153438202053,47.6242449233864],[-122.153453497667,47.624264615819],[-122.153478218406,47.6243105183813],[-122.153525776115,47.6243970819731],[-122.153561183212,47.6244589932017],[-122.153617747431,47.624575165559],[-122.153633871292,47.6246702274214],[-122.153633223606,47.6248191214016],[-122.153640542181,47.6249444993906],[-122.153663151878,47.6251306553283],[-122.153649499283,47.6253849519535],[-122.153673148331,47.6256242324466],[-122.153707066021,47.62588292335],[-122.153678324423,47.6261363681033],[-122.153665308733,47.6263239389274],[-122.153658373739,47.6264827505814],[-122.153696284441,47.6266475137116],[-122.153713859979,47.6268744698456],[-122.15370230495,47.6271117656059],[-122.153684683597,47.6272545681555],[-122.153685230671,47.6273880462583],[-122.15367887431,47.6273998174073],[-122.15366950335,47.6274106291249],[-122.153657420574,47.6274201320762],[-122.153643016384,47.6274280192134],[-122.153626756189,47.6274340356969],[-122.15360916537,47.6274379871289],[-122.1535908123,47.6274397458357],[-122.153572289982,47.6274392549918],[-122.15308683142,47.6274555946259],[-122.153056056722,47.6274660299007],[-122.153028483033,47.6274799672279],[-122.153004972983,47.6274969705856],[-122.152986262077,47.6275165080323],[-122.152972935683,47.6275379683481],[-122.152965410718,47.6275606801562],[-122.152963922605,47.6275839329266],[-122.152968517907,47.6276069992045],[-122.152998927987,47.6276467874033],[-122.153023475899,47.6276883846455],[-122.153041929367,47.6277313973572],[-122.153054113777,47.6277754185712],[-122.153059913829,47.6278200317768],[-122.153059274629,47.6278648148614],[-122.153052202208,47.6279093441038],[-122.153038763467,47.6279531981837],[-122.153021866156,47.6280526158912],[-122.15296836699,47.6281457032409],[-122.153005472801,47.6284179948498],[-122.153028589148,47.6284261369686],[-122.153095434585,47.6284795501804],[-122.153117913128,47.6285104380023],[-122.153165659484,47.6285384180427],[-122.153180992828,47.6286715786621],[-122.153184594314,47.6286838771235],[-122.153190831505,47.6286956839893],[-122.153199568842,47.6287067426436],[-122.153210616423,47.6287168127323],[-122.153223734137,47.6287256753872],[-122.153238636878,47.6287331379828],[-122.153255000742,47.6287390383232],[-122.15327247007,47.6287432481675],[-122.153392696096,47.6287701371471],[-122.15346419784,47.628801688794],[-122.153532700676,47.6288361470612],[-122.153597946396,47.628873382068],[-122.153659689066,47.6289132534673],[-122.153717695957,47.6289556109747],[-122.153771748416,47.6290002949343],[-122.153821642696,47.6290471369211],[-122.15386719072,47.6290959603756],[-122.153870662229,47.6291123192135],[-122.153879771487,47.6291276554621],[-122.153893999201,47.6291410948358],[-122.153912534284,47.6291518711851],[-122.153934320092,47.6291593701732],[-122.153958114663,47.6291631642986],[-122.153982561519,47.6291630372661],[-122.154006266994,47.6291589963177],[-122.154268984689,47.6291478672765],[-122.154436197096,47.6291418859381],[-122.154913620228,47.6291121003156],[-122.155098347987,47.6290897532173],[-122.15538486385,47.6290743040312],[-122.155767500347,47.6290779400601],[-122.156233691844,47.6290765645927],[-122.156694111664,47.6290833341685],[-122.157094778247,47.6290907975311],[-122.157399425706,47.6290832130886],[-122.15766842532,47.62908412482],[-122.157811836863,47.6290824563394],[-122.157847690423,47.6290820392193],[-122.158127738641,47.6291477319921],[-122.158411080333,47.6292066194266],[-122.158697353701,47.6292586263276],[-122.158986193202,47.6293036862856],[-122.15927723001,47.6293417417616],[-122.159570092493,47.6293727441612],[-122.159864406683,47.6293966538959],[-122.160159796759,47.6294134404341],[-122.160207787457,47.6294932738797],[-122.160251797719,47.6296292762027],[-122.160326406397,47.6297635794435],[-122.160397243048,47.6299284823683],[-122.160519846915,47.6301048611049],[-122.160600742901,47.6302292456899],[-122.160710562843,47.6303655324448],[-122.160846998968,47.6305118766748],[-122.161177145107,47.6307291263132],[-122.161157766649,47.6308263266851],[-122.161106277014,47.6310949696509],[-122.161062437431,47.6312881042272],[-122.161018807156,47.6315297701],[-122.161000155436,47.6316441251622],[-122.160992968914,47.6318274810239],[-122.161014482667,47.6320064667146],[-122.161023065171,47.6321466522211],[-122.161033322135,47.632305168322],[-122.161042253185,47.6325262394044],[-122.161042836192,47.6326610479388],[-122.161037556793,47.6329166584744],[-122.161054070523,47.6330460432458],[-122.161101003005,47.6332001726622],[-122.161142824073,47.6332777417597],[-122.16117985173,47.633354241089],[-122.161220160934,47.633451225917],[-122.161236346779,47.633505117061],[-122.161236835462,47.6336183557786],[-122.161235672144,47.6337186574107],[-122.161234649861,47.6338513126868],[-122.161244695721,47.6339612963313],[-122.161307593062,47.6341153970184],[-122.161327615612,47.6343191889224],[-122.161371251277,47.6344474424781],[-122.16144224154,47.6346284876254],[-122.161486013749,47.6347890936779],[-122.161537743235,47.6349442930219],[-122.161576750779,47.6351092231834],[-122.161612431862,47.6352428852219],[-122.161690166677,47.6355080369727],[-122.161726035508,47.6356848375535],[-122.16173757347,47.6357700142808],[-122.16177190708,47.635960837418],[-122.161806381725,47.6361840140665],[-122.161823014033,47.636340360577],[-122.161860418983,47.6365031374697],[-122.161873819152,47.6366497859329],[-122.161867982798,47.6367759781349],[-122.16186240426,47.6369614878362],[-122.161876037991,47.6371620574934],[-122.161942330066,47.6373636015246],[-122.161994019127,47.637508017036],[-122.162021491405,47.6375877703227],[-122.162082644218,47.6377073606799],[-122.162144058441,47.6378862675176],[-122.162193024709,47.6381396122994],[-122.162211194033,47.6382819361954],[-122.162214895092,47.6383994833159],[-122.162180684552,47.6386055404514],[-122.162136749748,47.6387771057141],[-122.162106978681,47.6389033472539],[-122.162113842708,47.6390144170401],[-122.16214824998,47.6392214165954],[-122.162151578238,47.6392526866594],[-122.162166254015,47.6393259928599],[-122.162216271311,47.6394520769115],[-122.162291945391,47.63960722851],[-122.162329207509,47.6397376498955],[-122.16236634027,47.639835720239],[-122.162353988434,47.6399317282311],[-122.162335267544,47.6400299053436],[-122.162348548237,47.6401495911913],[-122.162393777513,47.6402746061648],[-122.16240713097,47.6404104672451],[-122.162406321588,47.640591653943],[-122.162414907685,47.6407318400236],[-122.162340499332,47.640867875441],[-122.162289957419,47.6409876870792],[-122.162273048431,47.6411365509168],[-122.162300846797,47.6412917955647],[-122.162382851304,47.6414339934542],[-122.162446986524,47.641503967084],[-122.162512772847,47.6415868797521],[-122.162575372846,47.641670876903],[-122.162617224457,47.6417538371212],[-122.162688295569,47.6419510576896],[-122.162738361375,47.642087926386],[-122.162765925281,47.6421892473389],[-122.162814415442,47.6423293546873],[-122.162845306708,47.6424619451309],[-122.162917847464,47.6426289650696],[-122.163001533617,47.6427894932697],[-122.163032617123,47.6429652233599],[-122.163071657905,47.6431355468864],[-122.163112162941,47.6432756686435],[-122.163146460619,47.6434557069614],[-122.163139491489,47.6436875941467],[-122.163130775135,47.6438849720367],[-122.163077185239,47.6440382233757],[-122.16303317857,47.6441936119174],[-122.162959161882,47.6444213179821],[-122.16291850503,47.6446133677743],[-122.162876196177,47.6447924797359],[-122.162797295349,47.6449975481549],[-122.162761218109,47.6451421362335],[-122.162715535183,47.6452791938684],[-122.162653961959,47.6454324598786],[-122.162600625387,47.6456450267271],[-122.162561618741,47.6458500155433],[-122.16251291029,47.6460259041896],[-122.162466064046,47.6462632618702],[-122.162479398638,47.6463937320008],[-122.162483334157,47.6465652026952],[-122.162481085674,47.646781981323],[-122.162489978995,47.6469922671583],[-122.162492193343,47.6471346226155],[-122.162513952335,47.647367530761],[-122.162509815594,47.6475174469923],[-122.162574567057,47.6477276239595],[-122.162612283723,47.6479604992017],[-122.162700955526,47.648165235044],[-122.162780112374,47.6483840107681],[-122.162808221558,47.648609356546],[-122.162832583868,47.6487063705498],[-122.162889591855,47.6489704857047],[-122.162916076884,47.6491882861585],[-122.162913592144,47.6493511410295],[-122.162886033628,47.6496197371703],[-122.162867731352,47.6498149788242],[-122.162868697939,47.650037183717],[-122.162865554734,47.6500514297063],[-122.162856255374,47.6502192871187],[-122.162842965698,47.6504314042238],[-122.162849756063,47.6506235819958],[-122.162869876529,47.6507973813312],[-122.162878618933,47.6509636145553],[-122.162869843291,47.651080363398],[-122.162856715312,47.6512108662763],[-122.162834791029,47.6513612471171],[-122.162822023274,47.6515222580092],[-122.162814854718,47.6516794239663],[-122.162805103506,47.6518091453273],[-122.162795804146,47.6519770019314],[-122.162799469272,47.6520959723715],[-122.162770430332,47.6522174066353],[-122.162747078626,47.6523426250991],[-122.162740433788,47.6524486836831],[-122.162742582558,47.6525348636125],[-122.162753798923,47.6526240448277],[-122.162768934637,47.6527582084861],[-122.162785587606,47.6529251610114],[-122.162788818846,47.6531028641899],[-122.162840836691,47.6532055573687],[-122.162909034991,47.6533401957612],[-122.162948606677,47.6534406658781],[-122.162995204088,47.6535624540333],[-122.163032647665,47.6536736148857],[-122.163047148271,47.6537543873149],[-122.163089753568,47.6539204362494],[-122.163145693457,47.6540681092874],[-122.163195941621,47.6542119981664],[-122.163257659474,47.6543710802669],[-122.163306480215,47.6544898056312],[-122.163388553893,47.6546518282917],[-122.163460042721,47.6547780586991],[-122.163581668323,47.6549436814137],[-122.163719391734,47.6551336242936],[-122.163821367586,47.6552604519763],[-122.1639155263,47.6553941865054],[-122.16399039459,47.6555196357584],[-122.164080200966,47.6556671233517],[-122.164166448216,47.6558001385975],[-122.164258386294,47.6559369359111],[-122.164359301236,47.6560691087941],[-122.164514167198,47.6561811562063],[-122.164605382132,47.6562569376506],[-122.164673226496,47.6563610671453],[-122.164795745921,47.6565060884696],[-122.16492760513,47.6566769928894],[-122.165059283777,47.6568326433448],[-122.16520821457,47.6570148961025],[-122.165326384352,47.6571736713624],[-122.165387748269,47.6573022433544],[-122.165425197237,47.6574134029015],[-122.165454099633,47.6574704519998],[-122.165504787073,47.6575556053098],[-122.165562048384,47.6576239424151],[-122.16562314101,47.657729633283],[-122.165667164747,47.6578239753138],[-122.165717671625,47.6578938749521],[-122.165801251778,47.6579918156094],[-122.165876037423,47.658109637248],[-122.165936858758,47.6581924467152],[-122.165978117481,47.6582440899484],[-122.166029416673,47.6582857623313],[-122.166069336906,47.6583198696087],[-122.166106828993,47.6583509545881],[-122.166114027193,47.6583647741622],[-122.16614395816,47.6584575182946],[-122.16624581274,47.6587013498504],[-122.166289089978,47.6588049752999],[-122.166307342846,47.65888303399],[-122.166302107464,47.6589460775616],[-122.166280310742,47.65904071387],[-122.166251386787,47.6591520675675],[-122.166227080172,47.6593081892385],[-122.166204868428,47.6594473098196],[-122.166191043356,47.6595595127399],[-122.166150800628,47.6597215844092],[-122.166109084663,47.6598339307403],[-122.166043884041,47.6599723450472],[-122.165988957451,47.6600890834301],[-122.1658855946,47.6602493171643],[-122.16583737573,47.6603527380641],[-122.165765462897,47.6604633859118],[-122.165691660008,47.6605687915059],[-122.165637988365,47.6606753295096],[-122.165566492349,47.6607825769985],[-122.165511558573,47.6608582307581],[-122.165429158807,47.6609717120994],[-122.165366678284,47.6610674834002],[-122.165277988515,47.6611908806856],[-122.165188665433,47.661298837416],[-122.165108147637,47.6613764767252],[-122.165008967341,47.6614616236647],[-122.164916287255,47.6615556957669],[-122.16483975259,47.6616215754811],[-122.164538634612,47.6618032071072],[-122.164410090186,47.6618387713946],[-122.16430796701,47.6618655507752],[-122.164114832817,47.6618906330632],[-122.163884582033,47.6619495758176],[-122.16368746471,47.6619864153835],[-122.163446938098,47.6620259484621],[-122.163189631854,47.6620782310366],[-122.16286899618,47.6621098310675],[-122.162616723197,47.6621213124678],[-122.162304475093,47.6621670777146],[-122.161995791503,47.6622044834217],[-122.161608678701,47.6622614407678],[-122.16110748435,47.6622982795087],[-122.160769231814,47.6623083402938],[-122.160411054646,47.6622950245305],[-122.160135292515,47.6622914827753],[-122.15987630732,47.6622751903353],[-122.159648986841,47.6622692394096],[-122.159393356854,47.6622668290305],[-122.159158277625,47.6622621522654],[-122.158897614378,47.6622594575289],[-122.158644291264,47.6622588876048]]]},"properties":{"OBJECTID":17,"SD_BASIN_ID":1,"BASIN":"VALLEY CREEK","TYPE":"BASIN","BASIN_NO":82,"SYMBOL":23,"SysChangeUser":"gisdba_cobgis","SysCreateDate":"Fri, 02 Oct 2026 19:14:30 GMT","SysChangeDate":"Fri, 02 Oct 2026 19:14:30 GMT","SysCreateUser":"gisdba_cobgis"}},{"type":"Feature","id":18,"geometry":{"type":"Polygon","coordinates":[[[-122.173691279784,47.602336499998],[-122.170414372951,47.6008825653779],[-122.170067864898,47.6007298919363],[-122.169837723709,47.6005962942836],[-122.169653172919,47.6004723843469],[-122.169444026256,47.6003573868582],[-122.169237724558,47.6002487160011],[-122.169028391944,47.6001310897383],[-122.168829831927,47.6000100365625],[-122.168624872311,47.5998934631405],[-122.168385766834,47.5997155977499],[-122.168199784129,47.5995767687507],[-122.168013237282,47.5994159127584],[-122.167879926396,47.5992984978453],[-122.167746163657,47.5991634615255],[-122.167639357563,47.599063361932],[-122.167519074044,47.5989457947905],[-122.167431242166,47.5988234389332],[-122.167336559735,47.5986879440451],[-122.167275346735,47.5985873098738],[-122.167175196259,47.5984319438198],[-122.16708742816,47.5983084261328],[-122.166959773965,47.5981820096063],[-122.166837612968,47.5980757263707],[-122.166670332289,47.5979565063146],[-122.166417786218,47.5978113557672],[-122.166155549122,47.5976764179832],[-122.165788666381,47.5975359728447],[-122.165547711272,47.5974546403941],[-122.165121820894,47.5973418127929],[-122.164701337476,47.5972457513987],[-122.164396312724,47.5971887298173],[-122.163965967601,47.5970961476836],[-122.16353528022,47.5969901015218],[-122.163114630613,47.5968873039014],[-122.162594481809,47.5967856661351],[-122.162264588996,47.5967289305834],[-122.162035053271,47.5967046832614],[-122.161815640661,47.596687048563],[-122.161576841509,47.5966898369429],[-122.161298586553,47.5967065502577],[-122.16100077707,47.5967369546654],[-122.160535189242,47.5968231743962],[-122.160265435942,47.5968897578845],[-122.160020896555,47.5969754049098],[-122.159666110527,47.5970891358982],[-122.159331240148,47.5972276843641],[-122.159105132395,47.5973380352303],[-122.158918481343,47.5974344617319],[-122.158773410611,47.5975171323487],[-122.158619668442,47.5976294689032],[-122.158471172434,47.5977163813673],[-122.158279113525,47.5978319819416],[-122.158098944716,47.5979310419837],[-122.157942192293,47.5980004287277],[-122.157732686304,47.5981134651066],[-122.157546752108,47.5982190916252],[-122.157386207895,47.5983002762947],[-122.157204791327,47.5983872900171],[-122.1570141814,47.5984892626828],[-122.156880998973,47.5985512391175],[-122.156792627207,47.5985965724344],[-122.156696517353,47.598643238972],[-122.1565845702,47.5986959793359],[-122.156453206861,47.5987409236355],[-122.15632418004,47.5987876936275],[-122.156187990952,47.5988067196314],[-122.156025012305,47.5988158749354],[-122.155814372642,47.5988209880696],[-122.155641168472,47.5988073865621],[-122.155440448905,47.5987907266186],[-122.15524549203,47.5987675003357],[-122.155085273008,47.5987271379588],[-122.154933519709,47.5986786281945],[-122.15482563384,47.5986459606149],[-122.154654099638,47.598593060282],[-122.154494094414,47.5985270253506],[-122.15433445211,47.5984575847871],[-122.154172111267,47.5983897233341],[-122.153997726711,47.5983161361911],[-122.153753776619,47.5982066172748],[-122.153505154389,47.5980934454073],[-122.153316756115,47.5980088996649],[-122.15306149264,47.5978868414681],[-122.15293061529,47.5978325016847],[-122.152711697652,47.5977019472546],[-122.152636738631,47.5976589247551],[-122.15263503812,47.5976579494763],[-122.152422480555,47.5974614086128],[-122.151813204501,47.5969310993943],[-122.151602335768,47.5965480067753],[-122.151413422759,47.5961983498209],[-122.151410330758,47.596192937175],[-122.151295932103,47.5961942626221],[-122.151052363795,47.5961904964864],[-122.150079589852,47.5962346978291],[-122.149911951643,47.595987809293],[-122.147645124889,47.5924848717307],[-122.147277349222,47.5918904764869],[-122.14718405379,47.591759191138],[-122.147063767577,47.5916060585091],[-122.146909392993,47.5913930440515],[-122.146766549185,47.591166897787],[-122.146628889554,47.5909632623812],[-122.146505610155,47.5907671792285],[-122.146402686579,47.5905464101686],[-122.14626503144,47.5903427747718],[-122.146212477301,47.5902426098355],[-122.146065846196,47.5900282605901],[-122.14594724073,47.5898358302622],[-122.145899723445,47.5897359109386],[-122.145862060678,47.589662157738],[-122.145803379131,47.58957196451],[-122.145796441442,47.5895185491121],[-122.145800298808,47.5894824951267],[-122.145688042635,47.589332818324],[-122.145611302255,47.5892626972947],[-122.145576360485,47.5892149166947],[-122.145609449031,47.5891891754721],[-122.145676393282,47.5891681151233],[-122.145765438785,47.5891315840831],[-122.145865917146,47.5891025293587],[-122.146004471499,47.5890625575782],[-122.146152302753,47.5890130016159],[-122.146331934369,47.5889369663179],[-122.1464649551,47.5888527371891],[-122.146489457548,47.5881593835008],[-122.146454623576,47.5880570926138],[-122.146401343598,47.5879006313744],[-122.146299479136,47.5876014973158],[-122.14632683643,47.5875964794201],[-122.146342543473,47.5875915378648],[-122.146362615429,47.587585355467],[-122.146379172278,47.5875792142684],[-122.14639218168,47.5875719237146],[-122.146406919441,47.5875634232173],[-122.146419883029,47.5875543483441],[-122.146434591145,47.5875446572891],[-122.146445706898,47.5875320337708],[-122.146452394856,47.587518270588],[-122.146458234803,47.5875057082573],[-122.146454843663,47.5874896336318],[-122.146470041361,47.5874461089424],[-122.146463145893,47.5873819248491],[-122.146442915833,47.5873078981074],[-122.14643369822,47.5872698044071],[-122.14641507255,47.5872566906626],[-122.14637975798,47.5872513861508],[-122.146347376409,47.5872508081377],[-122.146310798807,47.5872512304387],[-122.146269929055,47.5872488462862],[-122.146251640254,47.5872490571337],[-122.146231880911,47.5872577939768],[-122.14614999588,47.5872383535903],[-122.145976276077,47.5871194129966],[-122.145771538346,47.5870175587389],[-122.145468441379,47.5868504180343],[-122.145471680704,47.5865883742937],[-122.145477290683,47.586134557848],[-122.145479391842,47.585964621737],[-122.145486000748,47.5854300013272],[-122.144079964851,47.5854132856226],[-122.144079644153,47.5854005579805],[-122.143893785416,47.5853761509034],[-122.143698155703,47.5853597169278],[-122.143537039263,47.5853518225828],[-122.143412773514,47.5853542940721],[-122.143297337305,47.5853452139687],[-122.143194305033,47.5853384526655],[-122.143025238503,47.5853575629332],[-122.142829537824,47.5853890639585],[-122.142654455277,47.5854252722399],[-122.142660635686,47.5850255570912],[-122.14264564999,47.5848406265223],[-122.142596328888,47.5847403741051],[-122.142557054544,47.5846894162084],[-122.142486377792,47.5846488151487],[-122.142418494801,47.5846353159922],[-122.142310662831,47.5846279886735],[-122.142192529879,47.5846307770901],[-122.142084131072,47.5846848621632],[-122.141984243803,47.5847417065073],[-122.141856314723,47.5847745954426],[-122.141727847553,47.5847860708163],[-122.141624521532,47.5847901152805],[-122.141565115044,47.5847779455322],[-122.141536534245,47.5847325766128],[-122.141535171501,47.5846783255687],[-122.141552441612,47.5846095797883],[-122.141589985801,47.5845077551838],[-122.141635577996,47.5843901292842],[-122.141656278774,47.5842899269013],[-122.1416675688,47.5841512744999],[-122.141670957246,47.5840341343538],[-122.141659539658,47.5839157360507],[-122.14164732796,47.5838317496938],[-122.141645830469,47.5837902233292],[-122.141627407819,47.5837290286259],[-122.141585449309,47.5836552518127],[-122.141527329208,47.5836102224506],[-122.141371247826,47.5835306176664],[-122.141121181105,47.5834906513255],[-122.140922365068,47.5834743724812],[-122.140768042587,47.5834647218738],[-122.140594798891,47.5834581451357],[-122.140559370235,47.5834551245864],[-122.140493053007,47.5834514502408],[-122.14031929278,47.5834106900736],[-122.140027364568,47.5833426412645],[-122.139841239031,47.5832852767254],[-122.139706820521,47.5831856660398],[-122.139660886966,47.5831064550715],[-122.139648696827,47.5829721246873],[-122.139706358787,47.5828167546854],[-122.139781456148,47.5826552357807],[-122.139830177176,47.5824940187412],[-122.13987023036,47.5824151775614],[-122.139923127655,47.5823503074339],[-122.13997092791,47.5822926358071],[-122.140005619049,47.5822731960003],[-122.14045245275,47.5822763911289],[-122.140487651438,47.5822771770348],[-122.140516885312,47.5822506598247],[-122.140517658761,47.5822113796449],[-122.140387531504,47.5820724460338],[-122.140016627005,47.5818708287947],[-122.140009174581,47.581854253745],[-122.140008813459,47.5817697641743],[-122.140013850312,47.5817601859664],[-122.140081738693,47.5817320342537],[-122.14045518812,47.5816146875189],[-122.14082947298,47.581530652024],[-122.140977228776,47.5814611204335],[-122.14111968002,47.5813904592568],[-122.141217992543,47.5813131652296],[-122.141344375622,47.5811319954308],[-122.141359761068,47.5811080832465],[-122.141408165889,47.5810109055731],[-122.141444539573,47.5809371715879],[-122.141465417319,47.5808372449719],[-122.141471487235,47.5807333436792],[-122.141458938669,47.5806889735119],[-122.141444158688,47.5806367124925],[-122.14139855661,47.5804864704819],[-122.141344671168,47.580405905344],[-122.141334068353,47.580372780974],[-122.141724706144,47.5802159028879],[-122.141928512322,47.5801243923728],[-122.14210740732,47.58001895172],[-122.142261083912,47.5799571775446],[-122.142410847443,47.5798994426845],[-122.14254877567,47.5798451205809],[-122.142700597241,47.5797940718712],[-122.142851595057,47.5797570919302],[-122.143009592546,47.5797261001671],[-122.143229655536,47.5796706641081],[-122.143354097356,47.5796478898772],[-122.143547808267,47.5796240715467],[-122.14376745893,47.5796175252306],[-122.143912693156,47.5795953078652],[-122.144052263503,47.579596561016],[-122.144287868246,47.5795999732461],[-122.144496813686,47.5796088864918],[-122.144698040801,47.5796345851601],[-122.14491408922,47.5796581926077],[-122.145149798168,47.5796703077969],[-122.145372639647,47.5796824938819],[-122.145535987502,47.5796856249357],[-122.145698410092,47.5796941194407],[-122.145918164959,47.5796962742742],[-122.146148519049,47.5796742617606],[-122.14645133664,47.5796699363363],[-122.146605009639,47.5796918718935],[-122.146666458896,47.579698904795],[-122.146787401778,47.5797149896907],[-122.146934076901,47.5797309339962],[-122.147150022912,47.5797458317856],[-122.147349912436,47.5797420650722],[-122.147546919266,47.579745680899],[-122.147783657682,47.5797611337531],[-122.148075874254,47.5797809720092],[-122.148412661638,47.579803245651],[-122.1486116241,47.5798048387459],[-122.148951396585,47.5798284339974],[-122.149321842045,47.5798511917886],[-122.149550656423,47.5798660137976],[-122.149840815853,47.5798791627219],[-122.150143945159,47.5799009454872],[-122.15050163005,47.5799324734289],[-122.150898942324,47.5799671329945],[-122.152013360825,47.5799616956429],[-122.152771541619,47.579962891218],[-122.153558037312,47.5800141554875],[-122.154038415902,47.5800423196373],[-122.154802221947,47.5800566913588],[-122.15499102087,47.5800669437136],[-122.155048793323,47.580168951474],[-122.155297514367,47.5801847290008],[-122.155702775833,47.5802080210984],[-122.156149334648,47.5802277198132],[-122.156563712218,47.5802477905829],[-122.157512707755,47.5803145321088],[-122.157655853397,47.5803377574927],[-122.157699038108,47.5803484206358],[-122.157864331714,47.5803936145957],[-122.158036106664,47.5805087159493],[-122.158110315591,47.5806049601635],[-122.158188963993,47.5807097215675],[-122.158243965143,47.5807976207592],[-122.158307988971,47.5809082650159],[-122.158362626303,47.5809818881519],[-122.158427960774,47.5810610986992],[-122.158553757253,47.5811938718382],[-122.15865586965,47.5813083557847],[-122.158735429841,47.5813659800196],[-122.158796036478,47.5814252523784],[-122.158899096598,47.5814940259727],[-122.159023112616,47.5815568442039],[-122.159121444902,47.5816056806926],[-122.159238550181,47.5816457290637],[-122.159400328679,47.5816995378789],[-122.159502447363,47.5817311919865],[-122.159606272847,47.5817471181054],[-122.159777548334,47.5817594012646],[-122.159866204866,47.5817597957363],[-122.160011978081,47.5817652353248],[-122.160125955426,47.5817653340942],[-122.160195586538,47.581764522125],[-122.16030308703,47.581758983161],[-122.160435763706,47.5817474386516],[-122.16052201994,47.581736435251],[-122.160585101435,47.5817271309253],[-122.160643781186,47.5817107376144],[-122.160726107291,47.5817112041943],[-122.160813164821,47.5817316100903],[-122.160998483671,47.5817979940338],[-122.161216070904,47.5818882788249],[-122.16136337395,47.5819536773031],[-122.16150398275,47.5820048741813],[-122.161607483942,47.5820079505612],[-122.1617701365,47.5820131901623],[-122.161981322339,47.5820178644169],[-122.162068420294,47.5820192259737],[-122.162143180787,47.5820195428826],[-122.162239026536,47.5820190181348],[-122.162313787927,47.5820193350437],[-122.16246691475,47.5820234948511],[-122.162612874814,47.5820223847613],[-122.162673522774,47.5820210801633],[-122.162727970562,47.5820180637726],[-122.162736747102,47.5820173663307],[-122.16275006822,47.5820131647127],[-122.162802896345,47.5820982313546],[-122.162907166495,47.5822141148673],[-122.162958067734,47.5823063440114],[-122.162994198873,47.5823987462918],[-122.163015521284,47.5824898935097],[-122.163044447935,47.5825481066279],[-122.163121758745,47.5826000409567],[-122.16320394561,47.5826776245396],[-122.16327263439,47.5827225195801],[-122.163351764288,47.582763008218],[-122.163403061684,47.5827881139451],[-122.163471167458,47.582810166353],[-122.163507817823,47.5828431128539],[-122.163538147642,47.5828707907343],[-122.163581516507,47.5829159813049],[-122.16360774911,47.5829513763164],[-122.163628783163,47.5829833399048],[-122.16364120866,47.5830152204609],[-122.163649044664,47.5830423201907],[-122.163653050252,47.5830942388809],[-122.163651581506,47.5831777689433],[-122.163647433984,47.5832563605433],[-122.163647347746,47.5833218154816],[-122.163650017539,47.5833574865222],[-122.163654962765,47.583413361005],[-122.163660197248,47.5834805383986],[-122.163664656485,47.5835173775582],[-122.163672440387,47.5836154667388],[-122.163668003608,47.583682757181],[-122.163656384798,47.5837650071985],[-122.163622191325,47.5838310989322],[-122.163622326971,47.5838332033038],[-122.16362237548,47.5838351071148],[-122.163623679833,47.583837948289],[-122.163626605646,47.5838423176013],[-122.16363164789,47.5838468989863],[-122.163636165518,47.5838516070088],[-122.163640850232,47.5838559557186],[-122.163645562794,47.5838601281044],[-122.163650037302,47.5838644162212],[-122.163653453595,47.5838673513118],[-122.16365811675,47.5838708674823],[-122.16366152406,47.5838734450781],[-122.163664284583,47.5838758336258],[-122.164026020876,47.5839149550169],[-122.164062063082,47.5839211972285],[-122.164113615599,47.5839286864273],[-122.164159516816,47.5839352903728],[-122.164194806233,47.5839396372579],[-122.16423437792,47.5839463145186],[-122.164273900199,47.5839510885777],[-122.164267494313,47.5839467532061],[-122.164286618547,47.5839517647866],[-122.164316269239,47.583955702067],[-122.164331138154,47.5839593363864],[-122.164341846072,47.5839653992399],[-122.164348371434,47.5839729393297],[-122.164350627104,47.5839786252985],[-122.164360551691,47.5839885539291],[-122.164360401673,47.5840013067572],[-122.164359978566,47.5840371409336],[-122.164358829621,47.5841346474572],[-122.164356554188,47.5843275810565],[-122.164354928238,47.5844655592123],[-122.164353314863,47.5846024021268],[-122.164352296174,47.5846888296843],[-122.164351058295,47.584793830734],[-122.164349945283,47.5848881796575],[-122.164348533131,47.5850079881366],[-122.164342727319,47.5850724635536],[-122.164420180962,47.5851199989069],[-122.164458544414,47.585075056238],[-122.16444764246,47.5849758409819],[-122.164461480108,47.5842352433785],[-122.164512397517,47.5835366296717],[-122.164589611309,47.5828341189635],[-122.164460197314,47.5827578777603],[-122.164335382694,47.5827038391712],[-122.164316730973,47.5823567249489],[-122.164123074859,47.5819698766355],[-122.163468742006,47.5817661860561],[-122.163202274744,47.5814717300241],[-122.162972748002,47.5812964579056],[-122.162733986579,47.5810014508414],[-122.162707348836,47.5808341957914],[-122.162610380193,47.5804550592187],[-122.162483191325,47.5801233295081],[-122.162176380723,47.5796449394008],[-122.162075406492,47.5793308111755],[-122.161979336164,47.5791211856831],[-122.161978625596,47.5789599898773],[-122.161965962944,47.578808405048],[-122.161999231152,47.5787336383968],[-122.16203295301,47.5786767160227],[-122.162066524849,47.578613845857],[-122.162153221257,47.5785652301857],[-122.162216954031,47.5784782059245],[-122.16225294683,47.5783379528685],[-122.162315387827,47.5782003669983],[-122.162361233347,47.57810165138],[-122.162415717966,47.5779968835454],[-122.162486418972,47.5778383748857],[-122.162508995432,47.5776893531954],[-122.162585713354,47.5773661262957],[-122.16258256386,47.5772987483484],[-122.162566188471,47.5771739833227],[-122.162580429463,47.5770429101265],[-122.162607856825,47.5769116826773],[-122.162640211447,47.576801223896],[-122.162712047924,47.5766873276156],[-122.162793282575,47.5765971247564],[-122.162958962456,47.5765131242342],[-122.163191900999,47.5764350788273],[-122.16360452326,47.5763104547622],[-122.163741115692,47.5762569670481],[-122.16406032574,47.5760862765041],[-122.164119036932,47.5759740706604],[-122.164094473399,47.5758386911423],[-122.164054450758,47.5757177738773],[-122.163916845026,47.5754944621142],[-122.163801248917,47.5753065950305],[-122.163714305473,47.5752076466978],[-122.163583709295,47.57505208639],[-122.163470851251,47.5749712929024],[-122.163318698201,47.5749097424554],[-122.163150465308,47.5748660588295],[-122.162943409025,47.5748029247082],[-122.162889854163,47.5747543533747],[-122.162743524891,47.5746216372348],[-122.162674607939,47.5745591318786],[-122.162609687592,47.5743859328854],[-122.162567335619,47.5739430708445],[-122.162553923772,47.573165574984],[-122.162754493321,47.5729322204011],[-122.162855863709,47.5728708869475],[-122.162941096761,47.5728341881726],[-122.163030783661,47.5727653062347],[-122.163092188901,47.5726908042839],[-122.163112198874,47.5726503054323],[-122.163151588202,47.5726007909013],[-122.163147911398,47.5725425752074],[-122.163103286688,47.5723727161854],[-122.163064313279,47.572179386409],[-122.163091798133,47.5720645194711],[-122.163127467538,47.5719538886465],[-122.163160432116,47.5718533097325],[-122.163202584663,47.5717646452187],[-122.163276940015,47.571661578048],[-122.163316286225,47.5715789587096],[-122.16332587574,47.571490676159],[-122.163323675766,47.5714045346949],[-122.163278191368,47.5712467600287],[-122.163206320756,47.5710993135446],[-122.163099389796,47.5709703112428],[-122.162953721684,47.570831743568],[-122.162849721927,47.5707306497595],[-122.162771872128,47.5705951318337],[-122.162662825636,47.5704169268548],[-122.162570263229,47.5702922054337],[-122.162495716535,47.570184127922],[-122.16240436865,47.5699964478553],[-122.162329263205,47.5697611257351],[-122.162315022212,47.5696480238747],[-122.162306644524,47.569528860882],[-122.162308751972,47.56937682388],[-122.162314873092,47.5692294521355],[-122.162290724581,47.5690340294267],[-122.162250225833,47.568877542241],[-122.162225011021,47.5687808685662],[-122.162207508246,47.5685183501088],[-122.16223226312,47.5683207076226],[-122.162232858703,47.5683161394254],[-122.162236782544,47.5682987030548],[-122.162252564147,47.5682648812797],[-122.16231909697,47.5681841549018],[-122.162434957184,47.5680520864029],[-122.162516666146,47.5680044379691],[-122.162652289296,47.5679507290273],[-122.162731827928,47.5679317451431],[-122.162822269412,47.5678920032765],[-122.162904458973,47.5678811891002],[-122.162998789264,47.5678555980056],[-122.163120560392,47.5678419290515],[-122.163246775486,47.5678251471203],[-122.163341260288,47.5678056758791],[-122.163471996603,47.5677888405986],[-122.163602811071,47.5677750661641],[-122.16371577332,47.5677706833886],[-122.163800861743,47.5677990783845],[-122.163838360118,47.5678243488752],[-122.163929496899,47.5678508315704],[-122.164026170895,47.5679170446138],[-122.164091585315,47.5679989284608],[-122.164188181158,47.5680620810889],[-122.164261545669,47.568101015494],[-122.164392405951,47.5681545412381],[-122.164449847824,47.5681881139756],[-122.164509366601,47.5682202926524],[-122.164573072426,47.5682579019977],[-122.164648814778,47.5682912601084],[-122.164732717425,47.5683106535879],[-122.164826978546,47.5683123149161],[-122.164922120915,47.5683139913967],[-122.165025859262,47.568315819403],[-122.165159026418,47.5683181656273],[-122.16530094586,47.5683206664076],[-122.165485542464,47.5682708707938],[-122.165565770104,47.5682471327486],[-122.165626960646,47.5681998426998],[-122.165741328758,47.5680755536074],[-122.165828892939,47.5679071232393],[-122.165959458574,47.5677621039123],[-122.166090268551,47.567626648008],[-122.166255912499,47.5674716518973],[-122.166414254043,47.5673187021764],[-122.166482813465,47.5672250604448],[-122.166616814258,47.5671039147861],[-122.166783976359,47.5669882996764],[-122.166915488818,47.566956939715],[-122.166945668619,47.5669497426622],[-122.166980578947,47.5669414182274],[-122.167022443134,47.5669359249725],[-122.167043672121,47.5669345121094],[-122.167107563898,47.5669356564618],[-122.167174445267,47.5669343042107],[-122.167342298173,47.5669572924761],[-122.167478124342,47.5670698970696],[-122.167517368144,47.567222490515],[-122.167463344361,47.5674045266963],[-122.167413147401,47.5675680867562],[-122.167388317967,47.5677023014987],[-122.167354632042,47.5678239015672],[-122.167406597784,47.5680254286448],[-122.167464227405,47.5681556607135],[-122.16750850267,47.5682557145699],[-122.167666629516,47.5683590848274],[-122.167987256207,47.5684605462683],[-122.168303959956,47.5684089985472],[-122.168627975092,47.5683669308222],[-122.168829919961,47.5682497668751],[-122.169059878793,47.5681227086068],[-122.169211509023,47.5679726555535],[-122.169407677725,47.5678297832444],[-122.169519777591,47.5677431890562],[-122.169675381968,47.5676699412767],[-122.169826112984,47.5675630202696],[-122.16991665508,47.5674165841093],[-122.170004097988,47.5672751613226],[-122.170171619415,47.5670012239342],[-122.17025790709,47.5668376881673],[-122.170432514428,47.5666952370474],[-122.170757199708,47.5665533534777],[-122.170955306974,47.5664471351141],[-122.171171811737,47.5664042372405],[-122.171382978711,47.566385612228],[-122.171878571169,47.5664150729361],[-122.173320492964,47.5665835432573],[-122.173436493315,47.5666787778117],[-122.17365341849,47.5668308432537],[-122.173703672043,47.566849620244],[-122.173811926222,47.5669160151766],[-122.173926985138,47.5669678850037],[-122.174035553727,47.5670487350858],[-122.174071569881,47.5670676544355],[-122.17409355525,47.567096352871],[-122.17416610948,47.5671582828385],[-122.174209453193,47.5671867684775],[-122.174275202685,47.5672632250999],[-122.174393611419,47.5674032587069],[-122.174502430638,47.5675443532413],[-122.174654235141,47.5678228687581],[-122.174791636057,47.5680526125029],[-122.174948870876,47.5682865694758],[-122.175098501456,47.5684805736667],[-122.175206981112,47.5686083238386],[-122.175503612005,47.56889402806],[-122.175877852847,47.5691298722861],[-122.176197912702,47.5693040656826],[-122.17647208212,47.5694832484337],[-122.176593483142,47.5696019460547],[-122.176700798581,47.5697596250658],[-122.17679786514,47.5699658921499],[-122.176798495758,47.5699948023387],[-122.176829281921,47.5701005225813],[-122.176833792362,47.5703077125947],[-122.176856829657,47.5703845943714],[-122.176859452738,47.5705050542413],[-122.17685296241,47.5705340350435],[-122.176875369987,47.570582005427],[-122.176876733629,47.5706446446246],[-122.176923753248,47.5708417722697],[-122.176925851712,47.5709381397103],[-122.176941456347,47.571000636661],[-122.176951093473,47.5711162065498],[-122.176959367856,47.5711691376882],[-122.176974341873,47.5712027248573],[-122.176990993943,47.5713134051481],[-122.176745735006,47.571686266672],[-122.176647142209,47.5716974982467],[-122.175869959351,47.5728416347158],[-122.17536328348,47.5735249528137],[-122.175231972243,47.5739780610291],[-122.174843018793,47.5748558121227],[-122.174722671494,47.5751273976598],[-122.174030820503,47.5767832097976],[-122.173537024677,47.5779260480154],[-122.17339691534,47.5783464209288],[-122.17322303384,47.5786276174409],[-122.172977336525,47.5788551922492],[-122.172550923328,47.5790985118055],[-122.171923671088,47.5793578097968],[-122.171465202408,47.5794895243778],[-122.170752050565,47.5795624211297],[-122.170712485166,47.5795628859108],[-122.170712283944,47.5795811165969],[-122.170716584179,47.5797406483128],[-122.170735416461,47.5799045867536],[-122.1707730406,47.5800612330813],[-122.170797876322,47.5801844823728],[-122.170832006913,47.5803991094689],[-122.170885657895,47.5805157432876],[-122.170944336748,47.5807012078365],[-122.171010799503,47.5809539765855],[-122.171021367284,47.5811224934565],[-122.171054489965,47.5813096549469],[-122.171087104199,47.5814659625857],[-122.171114197388,47.5815910761059],[-122.171107966674,47.5817190760623],[-122.171082216466,47.5819450710649],[-122.171059477411,47.5821849660177],[-122.171040977506,47.5823446697636],[-122.171015210231,47.5825021704352],[-122.170976917745,47.5826759491246],[-122.170934879285,47.5828922808005],[-122.170951721798,47.5831040277091],[-122.170937485297,47.5832862795389],[-122.170923987212,47.5834120764372],[-122.170916745892,47.5835126113366],[-122.17095160861,47.5836365365929],[-122.170997738897,47.5837355398902],[-122.171024571574,47.5838109804564],[-122.171108039437,47.5839142170034],[-122.171207543126,47.5840116874008],[-122.171313305378,47.5840838968016],[-122.171425578619,47.5841462720274],[-122.171604005594,47.5842062647055],[-122.171734818265,47.5842459196638],[-122.171908979141,47.5842833648089],[-122.172141022962,47.5843230063786],[-122.172306663317,47.5843496025201],[-122.172463779559,47.584365348491],[-122.172743675737,47.5843722620051],[-122.172923339692,47.5843724074252],[-122.17317993447,47.5843828831241],[-122.173453575678,47.5844150560915],[-122.173662308218,47.5844240121433],[-122.173936704909,47.584468221607],[-122.174132925714,47.5845276994942],[-122.174353962477,47.5846076881237],[-122.174548196208,47.5847149748405],[-122.174690557621,47.5848136228516],[-122.174802849727,47.5849102402695],[-122.174924919994,47.5850263532563],[-122.175000130543,47.5851341662552],[-122.175047770897,47.5852229947508],[-122.175061573512,47.5852838556708],[-122.175076398409,47.5854064273834],[-122.175071666084,47.5854900088935],[-122.175062187959,47.585622925305],[-122.1750599799,47.5857580462528],[-122.175083397183,47.5860969425583],[-122.175081477483,47.586350228742],[-122.175068012635,47.5865445174321],[-122.175064837091,47.5867891572312],[-122.175053416809,47.587106867535],[-122.175056009347,47.5873638822794],[-122.175040530476,47.5875374891184],[-122.17499851627,47.5877880685411],[-122.174950221044,47.5879954169868],[-122.174913961446,47.588224125861],[-122.174871932867,47.5884404582375],[-122.174805110786,47.5887047737946],[-122.174778852132,47.5888656663507],[-122.1747127505,47.5890392815374],[-122.174623088753,47.5892010315704],[-122.174554965014,47.5894003455777],[-122.174506169426,47.5896221809322],[-122.174482463784,47.5897115301174],[-122.174365066553,47.5898199883943],[-122.174278556096,47.5899052665156],[-122.174222141896,47.5899863641187],[-122.174283968445,47.5901886328937],[-122.174311216145,47.5902160179],[-122.174299558707,47.5902423014584],[-122.174216757394,47.5903784913134],[-122.174142483788,47.5904930702844],[-122.174042070106,47.590650979618],[-122.173932178299,47.5907936357811],[-122.173818218022,47.5909547775806],[-122.173790846355,47.590983944569],[-122.172744149149,47.5909962934148],[-122.172277758226,47.5909562200877],[-122.171605909124,47.5919748279509],[-122.172167805334,47.5923948645086],[-122.172286980331,47.5928153775039],[-122.17221311456,47.5929269020577],[-122.17211340336,47.5930537274849],[-122.172033477555,47.5931322321649],[-122.171950295356,47.5932156541252],[-122.171923996278,47.5932738080619],[-122.171928018035,47.593315174238],[-122.171941818853,47.5933760354417],[-122.171983683938,47.5934182448277],[-122.172041842667,47.5934701150604],[-122.17213208742,47.5935446983079],[-122.172240881486,47.593630808195],[-122.172384762848,47.5937192860472],[-122.172498561428,47.5937714885702],[-122.172634164815,47.5938302991905],[-122.172782551229,47.5938882604034],[-122.173034924823,47.5938761890937],[-122.173219143237,47.593914308882],[-122.173357994034,47.5939339551863],[-122.173544970275,47.593970549513],[-122.17362642681,47.5939846090555],[-122.173774314659,47.594045959577],[-122.173931727344,47.5941113773969],[-122.174165339624,47.5942093340457],[-122.174376147272,47.5943074637704],[-122.174595980293,47.5944130513256],[-122.174786493202,47.5945286452646],[-122.174957457872,47.5946394949428],[-122.17509883563,47.5947106780005],[-122.175286071484,47.5947626965838],[-122.175427681906,47.5947808147506],[-122.175591612767,47.5948363959503],[-122.175748783806,47.5949206293823],[-122.175885163337,47.5950257195552],[-122.176010017483,47.595140304708],[-122.17613262674,47.5952872715562],[-122.176236186323,47.595426104062],[-122.176262044328,47.5955425699149],[-122.17627387514,47.5956854859534],[-122.176286975272,47.5958712947569],[-122.176257703669,47.5960182862063],[-122.176229956506,47.5962235981259],[-122.17621451806,47.5964999420538],[-122.17620229648,47.5966686318035],[-122.176170025402,47.5968359683188],[-122.176144765674,47.5969900803198],[-122.17612101871,47.5971682645239],[-122.176105028698,47.5973110161996],[-122.176100320627,47.5974630902179],[-122.176078805078,47.59757464727],[-122.176129727877,47.5976928044767],[-122.176203458002,47.5978107893802],[-122.176289972052,47.5979279235306],[-122.176574312196,47.5982313442658],[-122.176728752356,47.5983513487544],[-122.176859111378,47.598454408213],[-122.176585131505,47.5986131549035],[-122.176503831277,47.5986839388171],[-122.176412539986,47.598747411831],[-122.176275139968,47.5988453040721],[-122.176170269744,47.5989316251233],[-122.176088155642,47.5990164770944],[-122.176012611818,47.599072493567],[-122.175938996677,47.5991211144234],[-122.175836435123,47.5991786227356],[-122.175741314314,47.5992219698764],[-122.175654309784,47.5992775354551],[-122.175598736407,47.5993415268713],[-122.175564280626,47.5994175846088],[-122.175545929841,47.5995238602727],[-122.175557112968,47.5996269325652],[-122.175582484087,47.5997199730056],[-122.175616500592,47.5998286504127],[-122.175710505693,47.5999436569382],[-122.175819434506,47.6000320968582],[-122.175938082192,47.6000940326982],[-122.17603538411,47.6001351081816],[-122.176122058959,47.6001675119428],[-122.176237336166,47.6001995788958],[-122.176385458475,47.600230319273],[-122.176530462732,47.6002656571462],[-122.176636744209,47.6002925104976],[-122.176782778834,47.6003311907597],[-122.176895035905,47.6003606880975],[-122.177017175342,47.6003887904188],[-122.177084845433,47.6004158623759],[-122.177156640587,47.6004563058295],[-122.177202693618,47.6004968958385],[-122.177238972081,47.6005475875729],[-122.177244674586,47.6006078291841],[-122.177224859548,47.6006573305545],[-122.177116838033,47.6007735909308],[-122.177022327181,47.6008756122495],[-122.176954774769,47.6009468092354],[-122.176873710798,47.6010322454907],[-122.176589565589,47.6013148489824],[-122.176385428831,47.6015001023398],[-122.176261223268,47.6014653146877],[-122.176161835461,47.6014357428635],[-122.176049469694,47.6013975389081],[-122.175947095888,47.6013666459696],[-122.175854716737,47.601343061638],[-122.175746585628,47.6013269343248],[-122.175637531949,47.601316169454],[-122.175490079784,47.6013230365114],[-122.175401119621,47.6013355967369],[-122.17530949775,47.6013729533348],[-122.175234981599,47.6014323114623],[-122.175173337408,47.6014915974418],[-122.175141454402,47.6015554001945],[-122.175092406387,47.6016722103831],[-122.175045638297,47.6018131168764],[-122.175019237709,47.6019197517081],[-122.175003105763,47.6019760994261],[-122.174950853458,47.602074175214],[-122.174932273603,47.6021727305411],[-122.174919236353,47.6022391067316],[-122.174902179143,47.6023008176634],[-122.174895823562,47.6023470641692],[-122.174845583483,47.6023681113401],[-122.174682703651,47.6024085496502],[-122.174556373572,47.6024420834656],[-122.174451660553,47.6024621002895],[-122.174342006799,47.6024828142752],[-122.174102496182,47.6024577325316],[-122.173859332116,47.6024060783605],[-122.173691279784,47.602336499998]]]},"properties":{"OBJECTID":18,"SD_BASIN_ID":18,"BASIN":"RICHARDS CREEK","TYPE":"BASIN","BASIN_NO":77,"SYMBOL":19,"SysChangeUser":"gisdba_cobgis","SysCreateDate":"Fri, 02 Oct 2026 19:14:30 GMT","SysChangeDate":"Fri, 02 Oct 2026 19:14:30 GMT","SysCreateUser":"gisdba_cobgis"}},{"type":"Feature","id":19,"geometry":{"type":"Polygon","coordinates":[[[-122.120533498897,47.5827820097516],[-122.120393246729,47.5827700110162],[-122.120048877564,47.5827742125735],[-122.119704515587,47.5827778130424],[-122.11936001437,47.5827818503906],[-122.119015598494,47.5827857756404],[-122.118671184414,47.5827896481735],[-122.118326756859,47.5827939890943],[-122.117982559273,47.5827842226278],[-122.117638236821,47.5827823308974],[-122.117293964675,47.5827769889701],[-122.116950105754,47.5827426911907],[-122.116606617837,47.5826794490148],[-122.116322723258,47.5826391814793],[-122.116096759235,47.5826055525646],[-122.115878897117,47.5825623522324],[-122.115431523529,47.5824495628107],[-122.115238311183,47.5823677972964],[-122.11507638087,47.5823104983425],[-122.114962297524,47.5822489498574],[-122.114863029193,47.5821772220735],[-122.114856452627,47.5821636459309],[-122.114785884572,47.5820414604888],[-122.114685130428,47.5818714662499],[-122.114645498554,47.5818499636456],[-122.114211396676,47.5816372675966],[-122.113684753053,47.5816054989079],[-122.113158029479,47.581601092446],[-122.112816129784,47.5816010245796],[-122.112575950819,47.5816013099817],[-122.112279389096,47.5815889389229],[-122.112099143033,47.5814030194194],[-122.111895189531,47.5813193223122],[-122.111842869852,47.5812749477938],[-122.111370375775,47.5810414439268],[-122.111330253422,47.5810399187365],[-122.11136152198,47.5809836914778],[-122.111395233058,47.5809518012012],[-122.111421253658,47.5809470874643],[-122.111615731731,47.5807065257372],[-122.111719161058,47.5804835673177],[-122.111732060865,47.5803879985294],[-122.111775979499,47.5803138182832],[-122.111829440038,47.5801404232067],[-122.111823422224,47.5799396959663],[-122.111861260162,47.5797510013206],[-122.111870123839,47.5795323279094],[-122.111896085151,47.5794251844884],[-122.111902685073,47.5793979465419],[-122.111865311564,47.5792064133662],[-122.111821206081,47.5791398552508],[-122.111586651468,47.5789453809167],[-122.111257224881,47.5787899201865],[-122.111184331087,47.578748369825],[-122.111139491679,47.5786961880702],[-122.111143322994,47.5786751907636],[-122.111239765225,47.5786555999356],[-122.111291618678,47.5786058608091],[-122.111392466247,47.5784877604935],[-122.111474548009,47.5782746187155],[-122.111532456107,47.578024173124],[-122.1116963699,47.57773679587],[-122.111707399416,47.57768253091],[-122.111670979917,47.577454441967],[-122.111677324718,47.5773254353223],[-122.111692364313,47.5773231616154],[-122.111677702011,47.5773177779232],[-122.111681113812,47.5772484261733],[-122.111626094696,47.5770920932166],[-122.1115325666,47.5770084055797],[-122.111509817664,47.5769688699756],[-122.111474872301,47.5767430455959],[-122.111398891896,47.5766643187746],[-122.111331295467,47.5766221595075],[-122.111246279807,47.5765691357075],[-122.11122964211,47.5765071047562],[-122.111270174095,47.576502754224],[-122.111417476242,47.5764068491061],[-122.111508569005,47.5763299076912],[-122.111508761245,47.5762513147833],[-122.111516772421,47.5762402205378],[-122.111732878332,47.5761057483029],[-122.111821763036,47.5760554910368],[-122.112121229012,47.5759472957316],[-122.112348871089,47.5759227460758],[-122.112369123607,47.5759191457414],[-122.112637880675,47.575870996624],[-122.11285958848,47.5758606077001],[-122.113068373122,47.5758739127702],[-122.113549107445,47.5759876078052],[-122.113715317332,47.5760574175531],[-122.114384528981,47.5749922492725],[-122.114454606556,47.5748877230812],[-122.114456380729,47.5745943683059],[-122.114588970268,47.5744350318086],[-122.114661580194,47.5743398295382],[-122.114840247019,47.5741240837088],[-122.115002719915,47.5739021893392],[-122.115214446539,47.5736310465242],[-122.11540181265,47.573288333248],[-122.115406737214,47.5730597875969],[-122.115223373098,47.5728976282985],[-122.11516447865,47.5728625913321],[-122.115107694344,47.5726990041703],[-122.114962920955,47.5726042417687],[-122.114943320613,47.5724509470394],[-122.115343192187,47.571978750466],[-122.11581918071,47.5720269346776],[-122.116234775497,47.5715509875845],[-122.116536976843,47.5713976309837],[-122.116841811152,47.5711371396138],[-122.11736297595,47.5713061935422],[-122.117588782768,47.571050162402],[-122.117643893513,47.5709317256441],[-122.118238766877,47.5702395358419],[-122.118345820906,47.5700883797224],[-122.118394419763,47.569920034012],[-122.118491981294,47.5698118266361],[-122.11856387706,47.5697324705797],[-122.118682621764,47.5696275938743],[-122.118786953898,47.56958000324],[-122.118902801535,47.5695715525508],[-122.118951059032,47.5696031388358],[-122.119045900465,47.5695984955955],[-122.119142666089,47.569458166025],[-122.119144151004,47.5693046323781],[-122.119144490567,47.5691047006124],[-122.118986452654,47.5691136277665],[-122.118502916486,47.5691133865413],[-122.118476882411,47.5690889161103],[-122.118446498693,47.5690562324845],[-122.118406326034,47.5690087892181],[-122.118394750343,47.5689672686729],[-122.118379098996,47.5688317801256],[-122.11836561169,47.5686415247465],[-122.118417603484,47.5679215976932],[-122.118559460044,47.5676297034128],[-122.118616060195,47.5675719410193],[-122.118649365234,47.5674251884929],[-122.118694889158,47.5673461306652],[-122.118619473793,47.5672827201813],[-122.11868073081,47.5671999145247],[-122.118693808484,47.5668748833133],[-122.118695754235,47.5668541982671],[-122.118696421683,47.5668242019957],[-122.118694533425,47.5667955003806],[-122.118677398061,47.5667731211955],[-122.118662315347,47.5667531840623],[-122.118630238305,47.5667359338567],[-122.118594038894,47.5667225385773],[-122.118552036366,47.5667203874526],[-122.118272002746,47.5667113356357],[-122.118214579738,47.5666812786703],[-122.118203575376,47.5666628380175],[-122.118203419069,47.5663143930723],[-122.118203015725,47.5659559549661],[-122.118204832119,47.5656874592109],[-122.118223182005,47.5656615463997],[-122.118278101408,47.5656417130985],[-122.118330604343,47.565643798805],[-122.118438659096,47.5656480914444],[-122.118653342974,47.5656566197456],[-122.118825391012,47.5656634532961],[-122.118952817035,47.5656447298265],[-122.118992718403,47.5656371392124],[-122.118987861213,47.5655258056349],[-122.11898375681,47.5651031464814],[-122.119037965646,47.5650768284795],[-122.119125148043,47.565018720195],[-122.119213035617,47.5649891641434],[-122.119284147153,47.5649577684351],[-122.119562864741,47.5648866715972],[-122.119583466704,47.5648664458281],[-122.119580827454,47.5648450538321],[-122.119526026628,47.5646423852689],[-122.119420908468,47.5644008685049],[-122.119413376095,47.5643800685257],[-122.119410420637,47.5643458290082],[-122.119457666632,47.5642938844528],[-122.119501538553,47.5642762515631],[-122.119666604885,47.564243435218],[-122.11971656469,47.5642008264919],[-122.119721453321,47.5641720531257],[-122.119645537595,47.5640546197559],[-122.119592622333,47.5639623942246],[-122.119564069382,47.5638741776354],[-122.119549112433,47.5638244420467],[-122.119546167755,47.563663883502],[-122.119574444025,47.5635196161865],[-122.119596723143,47.5633965501298],[-122.119646076584,47.5633445815989],[-122.119740184093,47.5633106723684],[-122.119993820719,47.5632435388042],[-122.120264787643,47.5631947742948],[-122.120468406073,47.563187617944],[-122.120475245846,47.5631846156224],[-122.121477489022,47.5632180497036],[-122.121547735481,47.5632545812485],[-122.121616463786,47.5632609435187],[-122.12209641388,47.563259074117],[-122.12212900386,47.563259171709],[-122.122130760066,47.5632605531508],[-122.122207725923,47.5633703815981],[-122.122294569655,47.5634693613893],[-122.122433381824,47.5635368098663],[-122.12263083871,47.563558372727],[-122.122986137677,47.5635638626992],[-122.123288470177,47.5635604324516],[-122.123745718945,47.5635647640559],[-122.124090238128,47.5635608531252],[-122.124494695601,47.5635634008069],[-122.124804176895,47.5635646464613],[-122.125043170981,47.5635595510981],[-122.125295341556,47.5635186032959],[-122.12575285892,47.5633920184788],[-122.125833530328,47.5633316782607],[-122.125883081399,47.563254872206],[-122.125943702409,47.5631470777986],[-122.12597150347,47.5630835779746],[-122.126031153402,47.5630269101495],[-122.126069506973,47.5630249079895],[-122.12630814353,47.5630587780043],[-122.126450236346,47.5631019889732],[-122.126715846616,47.5631799318064],[-122.126973430439,47.5632504017652],[-122.127136590546,47.5632740711541],[-122.127294849445,47.5632970288993],[-122.127349282859,47.5633091181721],[-122.127432251259,47.5633224543146],[-122.127506312862,47.5633311315039],[-122.127564377267,47.5633328505752],[-122.127632781281,47.5633261215865],[-122.127839751326,47.5633059140059],[-122.128041873163,47.563232209643],[-122.128189416059,47.5631555555894],[-122.128249856508,47.5630681201987],[-122.128252986238,47.5630251159038],[-122.128225496892,47.5629802070043],[-122.128179809475,47.5629105149986],[-122.128128694437,47.5628202841654],[-122.12811614138,47.5627541531795],[-122.128123865993,47.5627112237916],[-122.128122408925,47.5626788035063],[-122.127992575417,47.562380694029],[-122.127967265384,47.5622878133087],[-122.127886205006,47.5622086167937],[-122.127790918009,47.5620485867309],[-122.127766500901,47.5619857917706],[-122.127699662651,47.5619139598496],[-122.127633386746,47.561864731589],[-122.127563921822,47.5618286312798],[-122.127551128015,47.5617383312972],[-122.127606044724,47.5616841540215],[-122.127675138644,47.5616345751728],[-122.127682597356,47.5615809372906],[-122.12759304161,47.56144391115],[-122.127548876837,47.5613646800192],[-122.127502202172,47.5613259400413],[-122.127466101575,47.5612882687374],[-122.127418364203,47.5612066999213],[-122.12740496583,47.5611628205848],[-122.127378894026,47.5610334022123],[-122.127357426087,47.5609628165203],[-122.12727358183,47.5608890724895],[-122.127178825737,47.5607943584313],[-122.127085158403,47.5606844100133],[-122.127004776253,47.560577950002],[-122.126939513647,47.5604651114044],[-122.126901165466,47.5603386489348],[-122.126881598363,47.5601860778696],[-122.126871251567,47.5600307548241],[-122.126899324818,47.5599973265893],[-122.126960850432,47.5599261751293],[-122.127041730249,47.5598414755894],[-122.127071943287,47.5597888385288],[-122.127072237934,47.559744898597],[-122.127072633193,47.5596858744876],[-122.127072972756,47.559635435364],[-122.127074050734,47.5594301351117],[-122.127074755013,47.5593250644027],[-122.127075553616,47.5592060234148],[-122.127075618294,47.559159115602],[-122.127048641886,47.5591441513346],[-122.127011776824,47.5591321938605],[-122.126932398092,47.5591073920197],[-122.126895763896,47.5590910225436],[-122.126862625944,47.5590729611309],[-122.126825595591,47.5590543413925],[-122.126790119324,47.5590308040695],[-122.126790504701,47.5589039671361],[-122.126790911638,47.5587699123202],[-122.126791123641,47.5587001013513],[-122.126791495543,47.5585780157414],[-122.126791743478,47.5584962353795],[-122.126792079448,47.5583861263406],[-122.126792338163,47.5583007259471],[-122.126792662455,47.5581942119883],[-122.126793102629,47.5580494052283],[-122.126793244563,47.5580023175445],[-122.126793836553,47.5578076810509],[-122.126810253265,47.5576435903778],[-122.126850850827,47.5575793424673],[-122.127200116708,47.5573940482149],[-122.127339484934,47.5573205374093],[-122.127418374983,47.5572691818127],[-122.127727317287,47.5569186319778],[-122.129172890734,47.556099959491],[-122.129236389048,47.5559901418704],[-122.129390714224,47.5558904738022],[-122.129401892859,47.5558068432215],[-122.129422162445,47.5556898767054],[-122.129535135474,47.5556723233695],[-122.129562196323,47.5556577339809],[-122.129616231784,47.5556103798228],[-122.129635293136,47.5555500997544],[-122.129662266849,47.5554647971949],[-122.129738945245,47.5552223111571],[-122.129943318261,47.5551212351155],[-122.129960936918,47.5551280021396],[-122.129979466468,47.5551335433144],[-122.129992235121,47.5551365291222],[-122.130025188919,47.5551414203904],[-122.130038629512,47.5551423237108],[-122.130066709052,47.5551422533852],[-122.130094503825,47.5551395537302],[-122.130114842581,47.555135833141],[-122.130134498618,47.5551307017952],[-122.130153260831,47.555124216074],[-122.130170926201,47.5551164450901],[-122.130634276326,47.5550720065349],[-122.130727760405,47.555060735626],[-122.130751934069,47.5550572466211],[-122.130780807719,47.5550519188405],[-122.130794918455,47.5550467589924],[-122.130803105701,47.5550366696721],[-122.130809538536,47.5550212010343],[-122.130767090444,47.5548283479933],[-122.1307239237,47.5544788918964],[-122.130805566186,47.5542847709778],[-122.130922083967,47.5542818299851],[-122.13104950999,47.5542038357189],[-122.131070819825,47.5541853761233],[-122.131158447786,47.5541094690918],[-122.131400103581,47.5540739133236],[-122.131841011993,47.5540606512166],[-122.132409173054,47.554003718999],[-122.132619774988,47.5540373856835],[-122.132667658786,47.5541038465689],[-122.132701132708,47.5541683163907],[-122.132757059123,47.5542648284854],[-122.132792251523,47.5543047765142],[-122.132863112429,47.5542710639253],[-122.132943743412,47.5542402365335],[-122.133134364119,47.5543869574899],[-122.133244854204,47.5543095890456],[-122.133563651027,47.5544033211603],[-122.13372399761,47.5544504642171],[-122.133804783103,47.5544055073478],[-122.133821039915,47.5544056552761],[-122.134112256662,47.5543125797505],[-122.134113386743,47.5543120286557],[-122.13443064026,47.5543852684381],[-122.134455785902,47.5543794392088],[-122.13499187531,47.5542826520807],[-122.135058181758,47.5542628514536],[-122.135097030301,47.5542417006652],[-122.135108600602,47.5542403777934],[-122.13513457449,47.5542386517548],[-122.135165147752,47.5542380642833],[-122.135198478843,47.5542353021364],[-122.135261462422,47.5542005600627],[-122.135337350301,47.5541295813982],[-122.135478127085,47.5539946831726],[-122.135644905606,47.5537399115157],[-122.135667982427,47.5536667053888],[-122.135697176776,47.5535299877562],[-122.135733216287,47.553346837527],[-122.135814959384,47.5529644523477],[-122.135839954109,47.5528817325822],[-122.13588577807,47.5528583580012],[-122.135983035072,47.5528672394217],[-122.136117285597,47.552921396107],[-122.136212646256,47.5530231232924],[-122.136302465208,47.5531563318963],[-122.136424216573,47.5533008860234],[-122.136676390741,47.5535017177997],[-122.137009637864,47.5537483987103],[-122.137210513738,47.5538926056305],[-122.137383836485,47.5540078974012],[-122.137429649667,47.5540360791757],[-122.138390245149,47.5545762921989],[-122.138495506141,47.5546351929308],[-122.13855003298,47.5546395943868],[-122.138576394941,47.5546392918625],[-122.13861559742,47.5546205856719],[-122.138660364064,47.5545877499406],[-122.13871971306,47.5545358969555],[-122.138811435542,47.5544520059447],[-122.138984261521,47.5542991382494],[-122.139224828557,47.554100415702],[-122.139596620592,47.5538026399693],[-122.139770663789,47.5536386477016],[-122.139857357502,47.5535223202087],[-122.139948818574,47.5533740647727],[-122.14005355495,47.5531744068679],[-122.14011634629,47.5530895096794],[-122.140212700485,47.5529950925432],[-122.140298645003,47.552929712463],[-122.140385082697,47.5528839909806],[-122.140415892216,47.5528806734084],[-122.140451112463,47.5528831246044],[-122.140482995469,47.5528927541718],[-122.140496990323,47.552905103515],[-122.140946702226,47.5544187996808],[-122.140962818002,47.5545442039613],[-122.14102952959,47.554600290463],[-122.14106396471,47.5546275043259],[-122.141109672788,47.5546555396583],[-122.141147871849,47.554664620234],[-122.141216458221,47.5546757360253],[-122.141282068474,47.5546928780441],[-122.141331103912,47.554700379305],[-122.141404829546,47.5547408477791],[-122.141484811946,47.5547287977548],[-122.141551169597,47.5547638116888],[-122.141733827637,47.5547697748587],[-122.141965348639,47.5548160500292],[-122.142019780257,47.5548452801967],[-122.14205922079,47.5548757677278],[-122.142105900845,47.5549145015626],[-122.142176326068,47.5549661716896],[-122.142211116023,47.5549739827087],[-122.142269140902,47.5549745046962],[-122.142299153615,47.5549646942404],[-122.142324010898,47.5548971049878],[-122.142333108136,47.5548896310368],[-122.142343490865,47.5548830858725],[-122.142361890158,47.5548807311651],[-122.142394741548,47.5548791888439],[-122.142685716648,47.5548978858483],[-122.143135276736,47.5548927065847],[-122.143316976273,47.5548964672042],[-122.143713526776,47.5551904609669],[-122.144125185145,47.555517028774],[-122.144251796396,47.5556174680961],[-122.144260963703,47.555627621567],[-122.144270236113,47.5556398441658],[-122.144275246916,47.5556503062134],[-122.144274497721,47.5556624536319],[-122.144111439124,47.5558892546401],[-122.144091193793,47.555923047425],[-122.14401029601,47.5560196611682],[-122.143987766262,47.5560884681303],[-122.143995579809,47.5561055145067],[-122.144028735727,47.5561236975849],[-122.144168448907,47.5561427930536],[-122.144323675991,47.5561495708582],[-122.144354344475,47.5561527875869],[-122.144381859872,47.5561791040098],[-122.144430152404,47.5562405534027],[-122.144444419447,47.5562531420289],[-122.144479577711,47.5562670170984],[-122.144597023451,47.5562993085845],[-122.145298183683,47.5568434933688],[-122.144848517594,47.5569757168306],[-122.145060497544,47.5575107635859],[-122.144940193364,47.5575414235536],[-122.145122984355,47.5579315483267],[-122.144786532043,47.5579647008358],[-122.144814307053,47.5581609032196],[-122.144790579852,47.5582608537108],[-122.144775737887,47.5583084024948],[-122.144738221546,47.5583459510603],[-122.144696758905,47.5583749919374],[-122.14462047487,47.5584175235626],[-122.14455946938,47.5584384574584],[-122.144463431392,47.55846455692],[-122.144363520766,47.5584764199767],[-122.144177684486,47.5585022332853],[-122.144175136864,47.5585028661752],[-122.143667466558,47.5585161944481],[-122.143626444092,47.5586044812875],[-122.143497383135,47.5589747847498],[-122.143533184593,47.559366606534],[-122.143529961437,47.55938375793],[-122.143514910165,47.5594126406183],[-122.143489167144,47.5594394458242],[-122.143462907591,47.5594578380988],[-122.143420413685,47.5594612237557],[-122.143304316316,47.5594587534689],[-122.14308489652,47.5594584255118],[-122.142951878484,47.5594542457255],[-122.142799128055,47.5594483885684],[-122.142639989706,47.5594402247984],[-122.142630872704,47.5594412826272],[-122.142615797177,47.5594470409735],[-122.142600838431,47.5594521100638],[-122.142561668291,47.5595977392027],[-122.142555533696,47.5596102003258],[-122.142544226601,47.5596386870385],[-122.142522350828,47.5596636923121],[-122.142485983432,47.5596717275323],[-122.142396186039,47.5596803774408],[-122.142163468482,47.5597106663554],[-122.14185761189,47.5597408455298],[-122.141666623773,47.5597525634153],[-122.141238285486,47.5597760216078],[-122.140530406754,47.5598651265139],[-122.140500701264,47.5598770474487],[-122.14043766109,47.559904548941],[-122.140399917475,47.5599243207635],[-122.140381969136,47.5599447581858],[-122.140375134753,47.5599701258206],[-122.140373175528,47.5599796692178],[-122.140370659347,47.5600020112961],[-122.140370199409,47.5600186775249],[-122.14036693583,47.5600462650231],[-122.140378414502,47.5603355543081],[-122.140381897271,47.5603804097048],[-122.140451339737,47.5609094695271],[-122.140536054462,47.5619359901344],[-122.140631836431,47.5633399020403],[-122.140697126884,47.5645626837567],[-122.140726320334,47.5650365401323],[-122.140799757608,47.5652054682791],[-122.140870404716,47.5652631981263],[-122.141342344532,47.5654568134659],[-122.141412698788,47.565502837956],[-122.141457698095,47.5655725713669],[-122.141452284848,47.5657014263387],[-122.14121942356,47.5660729215972],[-122.14095752962,47.5663218114484],[-122.140665726273,47.5664129799869],[-122.140288623398,47.5665519630308],[-122.140130786708,47.5668113625511],[-122.140100534144,47.5668307814295],[-122.13929265226,47.5668626900047],[-122.139083932297,47.566869220338],[-122.138819692856,47.5669129997341],[-122.138673627689,47.5669550674146],[-122.138643594314,47.566982707023],[-122.13861233384,47.5669990413029],[-122.138563096281,47.5670301909161],[-122.138499208098,47.5671751589313],[-122.138452908929,47.5672642306448],[-122.138435570545,47.5673301213709],[-122.138448478438,47.567424225379],[-122.13847491406,47.5675054893375],[-122.138650898516,47.5677309244288],[-122.138520993142,47.5678100962303],[-122.138447214508,47.5678828146817],[-122.138403246466,47.5679499568469],[-122.13836756718,47.5680929421699],[-122.138367259956,47.5682592160301],[-122.138368554428,47.5683160072949],[-122.138375801138,47.5683589429995],[-122.138416619686,47.5684557338245],[-122.138479374195,47.5685343935877],[-122.138533777067,47.5685813281599],[-122.138599089978,47.5686239727193],[-122.138653506325,47.5686516714508],[-122.138727795202,47.568680858746],[-122.138809172685,47.5687036056238],[-122.138873040207,47.5687625025964],[-122.138914155199,47.5688467689002],[-122.138945985205,47.5690068169854],[-122.138986360884,47.5691443991322],[-122.138996025858,47.5695298657773],[-122.139014231115,47.5695546481378],[-122.139076714333,47.5695920128774],[-122.139158474499,47.5696267744437],[-122.13925612137,47.5696500682077],[-122.139294728266,47.5697039372321],[-122.139294290787,47.5697799234939],[-122.139294174006,47.5699318011378],[-122.139286016405,47.5703439434286],[-122.139329651171,47.570737588711],[-122.139365599952,47.5708247628098],[-122.139385198497,47.5709330717314],[-122.139395307239,47.5709995978539],[-122.139376923216,47.5715005847335],[-122.139367441499,47.5716834860509],[-122.139386466918,47.571768951296],[-122.139416123,47.5718295417957],[-122.139444967904,47.5718577715604],[-122.13964184897,47.5719015570898],[-122.140138575101,47.5719434213697],[-122.140379834739,47.5719699631942],[-122.140408361639,47.5717659337086],[-122.140408463149,47.5717652118877],[-122.140437001727,47.5715611082704],[-122.14043710144,47.5715603876588],[-122.140446686464,47.5714918392],[-122.140446999078,47.5714899494857],[-122.140447409608,47.5714880670442],[-122.140447916258,47.5714861955119],[-122.140448517231,47.571484338525],[-122.140449214323,47.5714824954776],[-122.140450005739,47.571480670006],[-122.140450889681,47.5714788645346],[-122.14045186615,47.5714770802755],[-122.140452931552,47.5714753196528],[-122.140454088582,47.5714735863031],[-122.14045533185,47.5714718802263],[-122.140456663154,47.5714702050589],[-122.140458080695,47.5714685614068],[-122.140459579085,47.5714669529066],[-122.140459987818,47.571466546842],[-122.140461161018,47.5714653801642],[-122.140462822003,47.5714638456039],[-122.140464110187,47.5714627377144],[-122.140464560243,47.571462351044],[-122.140465529525,47.5714615746729],[-122.140473730246,47.5714560285582],[-122.140483768919,47.5714510600244],[-122.140494813705,47.5714471908951],[-122.140510612376,47.5714420508436],[-122.140551781267,47.5714286573737],[-122.140570236257,47.5714220724569],[-122.140575093447,47.5714201948615],[-122.140622295424,47.5714009358681],[-122.140637469766,47.5713941127633],[-122.140688092527,47.5713687664183],[-122.14069780601,47.5713633681743],[-122.140748729707,47.5713324387164],[-122.140752530479,47.5713298489878],[-122.140802704981,47.5712930273133],[-122.140803614974,47.5712923557894],[-122.140857265956,47.5712524110155],[-122.140858537971,47.5712514643358],[-122.14086038311,47.5712502940167],[-122.140919110472,47.5712130625833],[-122.140929046737,47.5712071806798],[-122.14095662322,47.5711919653047],[-122.140984954287,47.571177400238],[-122.140987258466,47.5711762984032],[-122.14098961834,47.5711752523267],[-122.14099202852,47.5711742620087],[-122.140994489904,47.5711733298733],[-122.140996997102,47.5711724553146],[-122.140999549216,47.5711716407567],[-122.141002139059,47.5711708855937],[-122.141004768428,47.5711701934619],[-122.141007431034,47.5711695625432],[-122.141010124183,47.5711689958679],[-122.14101284518,47.5711684928299],[-122.141015589533,47.5711680540353],[-122.141018355446,47.5711676794841],[-122.14101898786,47.57116760918],[-122.141316168522,47.5709758513483],[-122.141461272492,47.5710721530864],[-122.141460731706,47.5710732403777],[-122.141458619767,47.5710815108216],[-122.141436361311,47.571240518124],[-122.141405795235,47.571458859495],[-122.141367588089,47.5717317868982],[-122.14133321136,47.5719773522845],[-122.141306466717,47.5721683919064],[-122.14128736584,47.5723048384826],[-122.141271195266,47.5724142922123],[-122.141267018998,47.5724386313936],[-122.141295620459,47.5724637687381],[-122.141495068011,47.572507766486],[-122.14162461316,47.5725618549927],[-122.141830146799,47.572647670921],[-122.14227835043,47.5728348057382],[-122.1423370203,47.5728416632001],[-122.142391966652,47.5728448395107],[-122.14248588821,47.5728313809462],[-122.142608247735,47.5728299724845],[-122.142942199137,47.5729509073269],[-122.143003850515,47.5729491825107],[-122.143124661344,47.5729420790067],[-122.143236793549,47.5729255538566],[-122.143968067106,47.5726905412572],[-122.144191611967,47.5726289378271],[-122.144516246042,47.5725630622518],[-122.144953757925,47.5725205881707],[-122.145112457896,47.5725478666643],[-122.145221121706,47.5726170646419],[-122.145296474189,47.572766159555],[-122.145382992731,47.5730112473731],[-122.145363799326,47.5731428518619],[-122.145354177471,47.5732077006714],[-122.1452756728,47.5733304685333],[-122.145080033206,47.5734945731014],[-122.144889823928,47.5736509992206],[-122.144748626732,47.5738279974797],[-122.144660803836,47.57394126667],[-122.144452232993,47.5742634505158],[-122.1443551844,47.5744321289149],[-122.144210075041,47.5745918417658],[-122.143997809427,47.5748363925835],[-122.143753597926,47.5749855842023],[-122.143279197624,47.575212400343],[-122.143055181148,47.5753256562365],[-122.142651573481,47.5755145250022],[-122.142491282593,47.5756863106656],[-122.142401411539,47.5759729580183],[-122.142352120081,47.5761948757318],[-122.142329673877,47.5763093790938],[-122.142328469236,47.5764293514367],[-122.142355365694,47.5764918763767],[-122.142374604913,47.5765016512892],[-122.14247244582,47.5765319419918],[-122.142602472466,47.5765832841596],[-122.14266541652,47.5766525349814],[-122.142718134152,47.576734755442],[-122.142731123791,47.5768317144068],[-122.142728699238,47.5769031453006],[-122.142704853459,47.5769619712398],[-122.142475364447,47.5771516903823],[-122.142212332341,47.5773503630695],[-122.14217638356,47.5773765421908],[-122.142059749897,47.5774092418341],[-122.141750140145,47.5774342246871],[-122.1413053564,47.5774550509942],[-122.140998505373,47.5774638161358],[-122.140432979071,47.5774379055149],[-122.13987065167,47.5774562678364],[-122.139287609118,47.5773499097827],[-122.139253222507,47.5773562545849],[-122.13901523633,47.577358987637],[-122.138752698298,47.5774096036146],[-122.138424155653,47.577633535021],[-122.138282435637,47.5778155538023],[-122.137735176576,47.5782126655333],[-122.137072260321,47.5784285272281],[-122.136021036504,47.5785893307804],[-122.135896608159,47.5788882697068],[-122.135932804875,47.5792805721542],[-122.136485908375,47.5795955502541],[-122.137380095002,47.5801862778487],[-122.138250310086,47.5805214114529],[-122.139052430176,47.5805955096002],[-122.139826088943,47.5805866243967],[-122.140582312309,47.5805838836356],[-122.141013098505,47.5805789311169],[-122.141295474033,47.5806173356966],[-122.141458938669,47.5806889735119],[-122.141471487235,47.5807333436792],[-122.141465417319,47.5808372449719],[-122.141444539573,47.5809371715879],[-122.141408165889,47.5810109055731],[-122.141359761068,47.5811080832465],[-122.141344375622,47.5811319954308],[-122.141217992543,47.5813131652296],[-122.14111968002,47.5813904592568],[-122.140977228776,47.5814611204335],[-122.14082947298,47.581530652024],[-122.14045518812,47.5816146875189],[-122.140081738693,47.5817320342537],[-122.140013850312,47.5817601859664],[-122.140008813459,47.5817697641743],[-122.140009174581,47.581854253745],[-122.140016627005,47.5818708287947],[-122.140387531504,47.5820724460338],[-122.140517658761,47.5822113796449],[-122.140516885312,47.5822506598247],[-122.140487651438,47.5822771770348],[-122.14045245275,47.5822763911289],[-122.140005619049,47.5822731960003],[-122.13997092791,47.5822926358071],[-122.139923127655,47.5823503074339],[-122.13987023036,47.5824151775614],[-122.139830177176,47.5824940187412],[-122.139781456148,47.5826552357807],[-122.139706358787,47.5828167546854],[-122.139648696827,47.5829721246873],[-122.139660886966,47.5831064550715],[-122.139706820521,47.5831856660398],[-122.139841239031,47.5832852767254],[-122.140027364568,47.5833426412645],[-122.14031929278,47.5834106900736],[-122.140493053007,47.5834514502408],[-122.140559370235,47.5834551245864],[-122.140594798891,47.5834581451357],[-122.140768042587,47.5834647218738],[-122.140922365068,47.5834743724812],[-122.141121181105,47.5834906513255],[-122.141371247826,47.5835306176664],[-122.141527329208,47.5836102224506],[-122.141585449309,47.5836552518127],[-122.141627407819,47.5837290286259],[-122.141645830469,47.5837902233292],[-122.14164732796,47.5838317496938],[-122.141659539658,47.5839157360507],[-122.141670957246,47.5840341343538],[-122.1416675688,47.5841512744999],[-122.141656278774,47.5842899269013],[-122.141635577996,47.5843901292842],[-122.141589985801,47.5845077551838],[-122.141552441612,47.5846095797883],[-122.141535171501,47.5846783255687],[-122.141536534245,47.5847325766128],[-122.141565115044,47.5847779455322],[-122.141624521532,47.5847901152805],[-122.141727847553,47.5847860708163],[-122.141856314723,47.5847745954426],[-122.141984243803,47.5847417065073],[-122.142084131072,47.5846848621632],[-122.142192529879,47.5846307770901],[-122.142310662831,47.5846279886735],[-122.142418494801,47.5846353159922],[-122.142486377792,47.5846488151487],[-122.142557054544,47.5846894162084],[-122.142596328888,47.5847403741051],[-122.14264564999,47.5848406265223],[-122.142660635686,47.5850255570912],[-122.142654455277,47.5854252722399],[-122.14132425875,47.5853770415844],[-122.140215778113,47.5853747918576],[-122.139817253114,47.5853641073197],[-122.139460074872,47.5853170557012],[-122.139359541714,47.5852211939946],[-122.139301665955,47.5851839876421],[-122.139064933827,47.5851735775415],[-122.138811864038,47.5852322911843],[-122.138561942844,47.5852697332001],[-122.138456434816,47.5852709438016],[-122.138355485738,47.5852435404543],[-122.13813945798,47.5848354508249],[-122.137992817891,47.5846693350232],[-122.137604767248,47.5843453314088],[-122.137434768267,47.5840253133556],[-122.13746531458,47.5839001468785],[-122.137479360638,47.5837914260878],[-122.137478034724,47.583685537165],[-122.137484394797,47.5835782325842],[-122.137486810366,47.5835185760817],[-122.137489950877,47.5834196850767],[-122.137499529612,47.5833039666217],[-122.13749848577,47.5831946738062],[-122.137491444775,47.5830663757034],[-122.137489273547,47.5829706971085],[-122.137484044454,47.5828510033357],[-122.137477807451,47.5827739489915],[-122.137472055538,47.5825996095292],[-122.137452125515,47.5825230619855],[-122.137422143344,47.5824496221928],[-122.137333331403,47.5824149382152],[-122.137094251977,47.5824200596174],[-122.136834845473,47.582456354784],[-122.136550644568,47.5824857931214],[-122.136371885216,47.5825116418622],[-122.136312099639,47.5825123265728],[-122.136244865232,47.5824964370429],[-122.13621548044,47.5824467912443],[-122.136170243079,47.5823259237782],[-122.136123814552,47.5821574683455],[-122.136049545438,47.5821416580864],[-122.135908460531,47.5821266113109],[-122.135774645689,47.5821210033077],[-122.13562080201,47.5821584687569],[-122.135526564246,47.5821881090406],[-122.135458400082,47.5822049542348],[-122.135438388312,47.5822069695984],[-122.135416054398,47.5822000848836],[-122.135392558961,47.5821889288806],[-122.135370852071,47.5821649008381],[-122.135360652599,47.5821271899865],[-122.13537861621,47.5820534218227],[-122.135438991082,47.5818935008656],[-122.13548185689,47.5817930458716],[-122.135525213179,47.581753160613],[-122.135526745705,47.5817539483446],[-122.135536590342,47.5816921804579],[-122.135546014568,47.5816058642951],[-122.135516578573,47.5814976895485],[-122.135554662649,47.581379770876],[-122.135526340565,47.5812823610211],[-122.135369792059,47.5810791840404],[-122.135070305421,47.5806111839851],[-122.134407496065,47.58024032752],[-122.134069154597,47.5805126868167],[-122.133800206187,47.5807299721223],[-122.132117092128,47.579868269215],[-122.131776596499,47.579726477081],[-122.131670092239,47.5797071969036],[-122.131579496245,47.5797184794774],[-122.131352367106,47.5797210724269],[-122.131170921792,47.5797333912077],[-122.131025297698,47.5797870765526],[-122.130924911863,47.5798239231591],[-122.130847483374,47.5798505112849],[-122.130748957052,47.5798773405729],[-122.130660446047,47.5798826349245],[-122.130622289207,47.5798759292709],[-122.130598225137,47.5798419307576],[-122.130586608124,47.5797992214045],[-122.13048369443,47.5797347043462],[-122.130366865832,47.5796810734851],[-122.130289909857,47.579644269196],[-122.130113363056,47.5795891602754],[-122.129875769443,47.5795404588556],[-122.129693888446,47.579525395577],[-122.129414154863,47.5795642851018],[-122.129194138585,47.5796281994279],[-122.128959686381,47.5797381080837],[-122.128930677085,47.5797896804062],[-122.128918338725,47.5799025543344],[-122.128826978264,47.5798830978848],[-122.12883564521,47.5802314452861],[-122.128846098006,47.5806515124646],[-122.128850686601,47.580835931861],[-122.128838093119,47.5809385592289],[-122.128795215632,47.5810415323963],[-122.128737704589,47.5811651690086],[-122.128678920634,47.5812375768469],[-122.128589340634,47.5812898390843],[-122.128485382199,47.5813730102726],[-122.128335487514,47.5814362079743],[-122.128275936397,47.5814778798166],[-122.128156072392,47.5815304865997],[-122.128067254164,47.5816134853161],[-122.127963549952,47.5817069007525],[-122.127874478398,47.5817796538372],[-122.127830579527,47.581841644609],[-122.127712495085,47.581965968897],[-122.12760828063,47.5820388943158],[-122.127489940168,47.5821529734624],[-122.127370837036,47.5822363159729],[-122.127281762788,47.5823090707457],[-122.127133135625,47.5824234940833],[-122.12701352225,47.5824863451317],[-122.126938572213,47.5825179430172],[-122.126775310597,47.5826530289584],[-122.126685217658,47.5826847994352],[-122.126596650958,47.5827780420861],[-122.126477035786,47.582840892103],[-122.126387450396,47.5828931533457],[-122.126357928163,47.5829242335182],[-122.126328150808,47.5829450697601],[-122.126298120128,47.5829556590542],[-122.126253709217,47.5829971576022],[-122.126179266728,47.5830492459981],[-122.126075302005,47.5831324156031],[-122.125926416128,47.5832365908624],[-122.125777275129,47.5833305226837],[-122.125688959957,47.5834340098205],[-122.125540073182,47.5835381862974],[-122.12545073932,47.5836006918417],[-122.125346773699,47.5836838599646],[-122.125228170929,47.5837876911736],[-122.125079026337,47.5838816214001],[-122.124975058021,47.5839647890766],[-122.124916265082,47.5840371960724],[-122.124827437871,47.5841201920264],[-122.124589466965,47.5842971179358],[-122.124486513745,47.5844212673418],[-122.124352256933,47.5845047783209],[-122.12426291858,47.584567283317],[-122.124115804181,47.5847431758458],[-122.123982560668,47.5848676689574],[-122.123849317155,47.5849921611671],[-122.123775125296,47.5850544935029],[-122.123686548714,47.5851477343566],[-122.123597465482,47.5852204844772],[-122.123508635575,47.5853034791611],[-122.123419803871,47.5853864743192],[-122.123345610215,47.5854488061856],[-122.123273191631,47.5855828569522],[-122.123110927144,47.5857589205679],[-122.122993075365,47.5858934861608],[-122.12287497116,47.5860178062793],[-122.122742230704,47.5861627889891],[-122.122639776947,47.586307428361],[-122.122616445903,47.5864263017279],[-122.122576136699,47.5864268652087],[-122.122517925869,47.5864276771056],[-122.122456769463,47.5863741391377],[-122.122403017869,47.5863225890549],[-122.122375152129,47.5862901306717],[-122.122408000824,47.5860247280577],[-122.12241868359,47.5857893119476],[-122.122414406711,47.5857531105829],[-122.122411755782,47.5857312436087],[-122.122409875608,47.5856979438672],[-122.122410124442,47.5856796141254],[-122.122411734223,47.5856587135345],[-122.122486101253,47.5855734169819],[-122.122502052638,47.5855554240788],[-122.122569689491,47.5854802605013],[-122.122647025453,47.585394317763],[-122.122657372249,47.5853829830927],[-122.122821997508,47.5852054561579],[-122.12293155065,47.5850901482151],[-122.123101486749,47.5849155219939],[-122.123120440303,47.5848963533974],[-122.123268850073,47.5847483182272],[-122.1233030678,47.5847146924851],[-122.1234393575,47.5845825759984],[-122.123513905991,47.5844346817252],[-122.123528767719,47.5844097609864],[-122.123537109475,47.584381111423],[-122.123548748047,47.5841342027121],[-122.12354596866,47.5839962267124],[-122.123531244374,47.5839419003768],[-122.123513420002,47.583904020541],[-122.12347304073,47.5838644925675],[-122.123424837132,47.5838320950702],[-122.12306749899,47.5836317485688],[-122.122779781181,47.5835540846],[-122.122432686528,47.5834078773549],[-122.122015743371,47.5832463281598],[-122.121656273526,47.583152029599],[-122.121231136835,47.5829476837575],[-122.120796970279,47.582857071165],[-122.120652509503,47.5828149362743],[-122.120533498897,47.5827820097516]]]},"properties":{"OBJECTID":19,"SD_BASIN_ID":24,"BASIN":"VASA CREEK","TYPE":"AREA","BASIN_NO":93,"SYMBOL":52,"SysChangeUser":"gisdba_cobgis","SysCreateDate":"Fri, 02 Oct 2026 19:14:30 GMT","SysChangeDate":"Fri, 02 Oct 2026 19:14:30 GMT","SysCreateUser":"gisdba_cobgis"}},{"type":"Feature","id":20,"geometry":{"type":"Polygon","coordinates":[[[-122.182102617217,47.5754255224675],[-122.181996070737,47.5753315813109],[-122.181909511771,47.5752488265592],[-122.181830957692,47.5752346419911],[-122.181830690893,47.5752346153261],[-122.181830536383,47.5752346141141],[-122.181830442958,47.575234639567],[-122.181830305516,47.5752347122897],[-122.181817521591,47.5752822880892],[-122.181801974448,47.5753338829813],[-122.181800541635,47.5753872152849],[-122.18178257533,47.5754540714845],[-122.181767521362,47.5755247018879],[-122.181755231511,47.5755933953605],[-122.181745606062,47.5756563449053],[-122.181727540942,47.5757193943673],[-122.181684209806,47.5757846478353],[-122.181614278656,47.5758007109048],[-122.181524065344,47.5757941635047],[-122.181461932469,47.5757853799031],[-122.181357554521,47.5757751927657],[-122.181230476146,47.5757576576737],[-122.181172835746,47.5757050256974],[-122.181132616374,47.5756731334175],[-122.181057281857,47.575552433937],[-122.18097443473,47.5755138723191],[-122.180846095121,47.5754475597962],[-122.180776327464,47.5754019737134],[-122.180679813368,47.5753908235341],[-122.180570350956,47.5753937039519],[-122.180454591353,47.5754057855846],[-122.179981518762,47.5754305494081],[-122.179955979658,47.5754290670819],[-122.179936532929,47.5754251321902],[-122.179917024216,47.5754188168491],[-122.179906182449,47.5754076400084],[-122.179893414694,47.5753899405615],[-122.179885072938,47.5753733780044],[-122.179874911196,47.5753544568068],[-122.179866446371,47.5753331363626],[-122.179862560259,47.5753189021235],[-122.179865223764,47.5753038691436],[-122.179607462074,47.5752779259407],[-122.179521791542,47.5752789398161],[-122.179307240615,47.5752669823887],[-122.179091938696,47.5752260376784],[-122.178874766484,47.5751126276394],[-122.178657969768,47.5750137086354],[-122.178461840592,47.5748855510809],[-122.178086513687,47.5744550629827],[-122.177911432038,47.5743121568442],[-122.177693143221,47.5741552648408],[-122.177454185965,47.5740276112261],[-122.177259560569,47.5739574230288],[-122.176980763031,47.5739462204226],[-122.17694129465,47.5740771656185],[-122.176946156333,47.5742655764833],[-122.176853653215,47.5748320746379],[-122.174843018793,47.5748558121227],[-122.175231972243,47.5739780610291],[-122.17536328348,47.5735249528137],[-122.175869959351,47.5728416347158],[-122.176647142209,47.5716974982467],[-122.176745735006,47.571686266672],[-122.176990993943,47.5713134051481],[-122.176974341873,47.5712027248573],[-122.176959367856,47.5711691376882],[-122.176951093473,47.5711162065498],[-122.176941456347,47.571000636661],[-122.176925851712,47.5709381397103],[-122.176923753248,47.5708417722697],[-122.176876733629,47.5706446446246],[-122.176875369987,47.570582005427],[-122.17685296241,47.5705340350435],[-122.176859452738,47.5705050542413],[-122.176856829657,47.5703845943714],[-122.176833792362,47.5703077125947],[-122.176829281921,47.5701005225813],[-122.176798495758,47.5699948023387],[-122.17679786514,47.5699658921499],[-122.176700798581,47.5697596250658],[-122.176593483142,47.5696019460547],[-122.17647208212,47.5694832484337],[-122.176197912702,47.5693040656826],[-122.175877852847,47.5691298722861],[-122.175503612005,47.56889402806],[-122.175206981112,47.5686083238386],[-122.175098501456,47.5684805736667],[-122.174948870876,47.5682865694758],[-122.174791636057,47.5680526125029],[-122.174654235141,47.5678228687581],[-122.174502430638,47.5675443532413],[-122.174393611419,47.5674032587069],[-122.174275202685,47.5672632250999],[-122.174209453193,47.5671867684775],[-122.17416610948,47.5671582828385],[-122.17409355525,47.567096352871],[-122.174071569881,47.5670676544355],[-122.174035553727,47.5670487350858],[-122.173926985138,47.5669678850037],[-122.173811926222,47.5669160151766],[-122.173703672043,47.566849620244],[-122.17365341849,47.5668308432537],[-122.173436493315,47.5666787778117],[-122.173320492964,47.5665835432573],[-122.171878571169,47.5664150729361],[-122.171382978711,47.566385612228],[-122.171171811737,47.5664042372405],[-122.170955306974,47.5664471351141],[-122.170757199708,47.5665533534777],[-122.170432514428,47.5666952370474],[-122.17025790709,47.5668376881673],[-122.170171619415,47.5670012239342],[-122.170004097988,47.5672751613226],[-122.16991665508,47.5674165841093],[-122.169826112984,47.5675630202696],[-122.169675381968,47.5676699412767],[-122.169519777591,47.5677431890562],[-122.169407677725,47.5678297832444],[-122.169211509023,47.5679726555535],[-122.169059878793,47.5681227086068],[-122.168829919961,47.5682497668751],[-122.168627975092,47.5683669308222],[-122.168303959956,47.5684089985472],[-122.167987256207,47.5684605462683],[-122.167666629516,47.5683590848274],[-122.16750850267,47.5682557145699],[-122.167464227405,47.5681556607135],[-122.167406597784,47.5680254286448],[-122.167354632042,47.5678239015672],[-122.167388317967,47.5677023014987],[-122.167413147401,47.5675680867562],[-122.167463344361,47.5674045266963],[-122.167517368144,47.567222490515],[-122.167478124342,47.5670698970696],[-122.167342298173,47.5669572924761],[-122.167174445267,47.5669343042107],[-122.167107563898,47.5669356564618],[-122.167043672121,47.5669345121094],[-122.167022443134,47.5669359249725],[-122.166980578947,47.5669414182274],[-122.166945668619,47.5669497426622],[-122.166915488818,47.566956939715],[-122.166783976359,47.5669882996764],[-122.166616814258,47.5671039147861],[-122.166482813465,47.5672250604448],[-122.166414254043,47.5673187021764],[-122.166255912499,47.5674716518973],[-122.166090268551,47.567626648008],[-122.165959458574,47.5677621039123],[-122.165828892939,47.5679071232393],[-122.165741328758,47.5680755536074],[-122.165626960646,47.5681998426998],[-122.165565770104,47.5682471327486],[-122.165485542464,47.5682708707938],[-122.16530094586,47.5683206664076],[-122.165159026418,47.5683181656273],[-122.165025859262,47.568315819403],[-122.164922120915,47.5683139913967],[-122.164826978546,47.5683123149161],[-122.164732717425,47.5683106535879],[-122.164648814778,47.5682912601084],[-122.164573072426,47.5682579019977],[-122.164509366601,47.5682202926524],[-122.164449847824,47.5681881139756],[-122.164392405951,47.5681545412381],[-122.164261545669,47.568101015494],[-122.164188181158,47.5680620810889],[-122.164091585315,47.5679989284608],[-122.164026170895,47.5679170446138],[-122.163929496899,47.5678508315704],[-122.163838360118,47.5678243488752],[-122.163800861743,47.5677990783845],[-122.16371577332,47.5677706833886],[-122.163602811071,47.5677750661641],[-122.163471996603,47.5677888405986],[-122.163341260288,47.5678056758791],[-122.163246775486,47.5678251471203],[-122.163120560392,47.5678419290515],[-122.162998789264,47.5678555980056],[-122.162904458973,47.5678811891002],[-122.162822269412,47.5678920032765],[-122.162731827928,47.5679317451431],[-122.162652289296,47.5679507290273],[-122.162516666146,47.5680044379691],[-122.162434957184,47.5680520864029],[-122.16231909697,47.5681841549018],[-122.162252564147,47.5682648812797],[-122.162236782544,47.5682987030548],[-122.162232858703,47.5683161394254],[-122.162031538163,47.5683412732937],[-122.161770338621,47.5683981081088],[-122.161600543558,47.5685489454491],[-122.16126753359,47.5686546831566],[-122.161051248914,47.568798228408],[-122.160981410291,47.5687833753854],[-122.160888431066,47.568768792072],[-122.16080662329,47.5687384102067],[-122.160712443915,47.5686768336447],[-122.160547832131,47.5685769078738],[-122.16051131831,47.5685068244997],[-122.160463629446,47.5684525396707],[-122.160301313756,47.5683290833569],[-122.160254126152,47.5682943791152],[-122.160206439085,47.5682400940661],[-122.160158052231,47.5681583972763],[-122.160149772459,47.5680605633999],[-122.160143088095,47.5680253868235],[-122.160151512496,47.5680252886342],[-122.160150709402,47.5679937723121],[-122.160147704537,47.5678758117105],[-122.160147275142,47.5678589606939],[-122.160145557564,47.5677915541485],[-122.160169169781,47.5677407100683],[-122.160190267614,47.567695273653],[-122.160287344055,47.5675536370552],[-122.16036615595,47.5674665381246],[-122.160421922464,47.5673836260827],[-122.160522779016,47.567253179954],[-122.16040037188,47.567219353867],[-122.160196658228,47.5671747255583],[-122.160074949982,47.5671683110313],[-122.159803399153,47.5671871485122],[-122.159606969042,47.5672011910046],[-122.159364646697,47.5672314379918],[-122.159209117779,47.5672606727493],[-122.159082818243,47.5673013175996],[-122.158968689083,47.567365323871],[-122.158965311417,47.5673678374252],[-122.158778065681,47.5674982947844],[-122.158728848783,47.5675276942556],[-122.158700886025,47.5675520654075],[-122.158665702609,47.5675716876648],[-122.158581508009,47.5676303471024],[-122.158546323694,47.5676499699365],[-122.158503916925,47.5676648451005],[-122.158475851758,47.5676843976129],[-122.158433651601,47.5677089093093],[-122.158413285895,47.5677230977343],[-122.158304262759,47.5677530383349],[-122.158165592524,47.5677624887917],[-122.158020637675,47.5677524267705],[-122.157863711876,47.5677268344007],[-122.157723646557,47.5676814597966],[-122.157571412659,47.5676127226092],[-122.157453596813,47.5675318327881],[-122.157382669431,47.5674739005752],[-122.157252883534,47.567377481908],[-122.157169787574,47.5672961880513],[-122.157139263719,47.5672338679085],[-122.157277446169,47.5669776398737],[-122.157294009306,47.5669461095866],[-122.157295415169,47.5667737351958],[-122.157237764888,47.5665550427432],[-122.157206450515,47.5663477942434],[-122.157212137749,47.5663438113916],[-122.157204713174,47.5663154653092],[-122.157207278762,47.5663040277097],[-122.157213883176,47.5662798656968],[-122.157212646196,47.5662220448389],[-122.157219148202,47.5661930652874],[-122.157215538771,47.5660244209634],[-122.157207904888,47.5660003994436],[-122.157204193049,47.565826936965],[-122.157196559166,47.5658029147485],[-122.157195940226,47.5657740040642],[-122.157188099731,47.5657403455269],[-122.15718624471,47.5656536139287],[-122.157170769432,47.5655959330027],[-122.157167574125,47.5654465624934],[-122.157159940241,47.5654225401025],[-122.157159217996,47.5653888110274],[-122.157151274194,47.5653503340582],[-122.157136521162,47.565326381329],[-122.157097833418,47.5651821779937],[-122.15709711207,47.5651484499762],[-122.157089477289,47.5651244274485],[-122.15708875684,47.5650906987877],[-122.157081122058,47.5650666762335],[-122.157073178256,47.5650281990277],[-122.157065440169,47.5649993588343],[-122.157065107792,47.5649838137332],[-122.157069660454,47.5649509414602],[-122.157090221992,47.5647352545407],[-122.157081550555,47.5646217563187],[-122.157067789263,47.5645357381215],[-122.157047942783,47.5644380387109],[-122.156987596658,47.5643408113081],[-122.156921663011,47.5642514824649],[-122.156914276164,47.5642405693407],[-122.156913897973,47.5642393770435],[-122.156899143145,47.5642154244124],[-122.156887466843,47.5641892053731],[-122.156684863508,47.5639291097322],[-122.156505716085,47.5637118310824],[-122.156315399907,47.5635103504487],[-122.156110013592,47.563399142069],[-122.155981036178,47.5633340489546],[-122.1558657967,47.5632948867264],[-122.155861262903,47.5632954431822],[-122.15581885793,47.5633103171582],[-122.155783469698,47.563320301838],[-122.155734049781,47.563340063279],[-122.155663478132,47.5633696705723],[-122.155621177364,47.5633893622862],[-122.155586097254,47.5634138020412],[-122.155410184663,47.5635119113068],[-122.155382222803,47.5635362819025],[-122.155326095166,47.5635753869714],[-122.155290912648,47.5635950088999],[-122.155248713389,47.5636195188732],[-122.155213529973,47.563639140179],[-122.155185467501,47.5636586923756],[-122.155150283187,47.5636783142729],[-122.155122218919,47.5636978664549],[-122.155051852984,47.5637371102128],[-122.155009653726,47.5637616201196],[-122.154974367901,47.5637764236492],[-122.154939185383,47.5637960448963],[-122.154911121115,47.5638155976404],[-122.154868612836,47.5638256513257],[-122.154833327012,47.5638404548372],[-122.154798144494,47.5638600766664],[-122.154762858669,47.5638748801682],[-122.154720556104,47.563894571086],[-122.15468527028,47.563909374578],[-122.154649777843,47.5639145414335],[-122.154607476176,47.5639342323364],[-122.154571983739,47.5639393991894],[-122.154536594609,47.5639493837493],[-122.154486967181,47.5639595071165],[-122.154451578949,47.5639694916726],[-122.154387817428,47.5639845739738],[-122.154338293306,47.5639995162494],[-122.154295681721,47.5640047521973],[-122.15426029259,47.5640147367448],[-122.153776204857,47.5640194677661],[-122.153740506706,47.5640149967843],[-122.153697690304,47.5640105955097],[-122.153626295799,47.5640016547566],[-122.153576155433,47.5639876865694],[-122.153468754654,47.5639598186793],[-122.153425834947,47.5639505990869],[-122.153389932878,47.5639364914708],[-122.153354132319,47.5639272027728],[-122.153311110203,47.563913164252],[-122.153275208135,47.5638990566258],[-122.153232084509,47.563880200384],[-122.153196181542,47.5638660927489],[-122.153153057019,47.5638472364952],[-122.153117050746,47.5638283099207],[-122.153088164519,47.5638093148439],[-122.153059072579,47.563780682497],[-122.153030083945,47.5637568684658],[-122.152986343177,47.5637091015611],[-122.152950235394,47.5636853572054],[-122.152935485057,47.5636614037148],[-122.152891744289,47.5636136367231],[-122.152862755655,47.563589822616],[-122.152819015786,47.563542055559],[-122.152790129559,47.5635230603784],[-122.152775379222,47.5634991074197],[-122.15273143274,47.5634417035606],[-122.152702445004,47.5634178887691],[-122.152643440962,47.5633220766765],[-122.152621469068,47.5632933749609],[-122.152606203996,47.5632453306178],[-122.152576702424,47.5631974244356],[-122.152569070338,47.5631734016194],[-122.152554215796,47.5631446301136],[-122.152546584608,47.5631206078793],[-122.152531834271,47.5630966541305],[-122.152508938011,47.5630245873287],[-122.152494187674,47.5630006335359],[-122.152493570531,47.5629717231236],[-122.152485939343,47.56294770081],[-122.152485323099,47.5629187903684],[-122.152498533723,47.5628704680578],[-122.152525983543,47.5628220062843],[-122.152546827153,47.5627977050654],[-122.152560550715,47.5627734741506],[-122.152574172768,47.5627444248005],[-122.15260213373,47.5627200550487],[-122.152622977339,47.5626957549948],[-122.152651041607,47.5626762024388],[-122.15267178191,47.5626470839316],[-122.15275566749,47.5625739751124],[-122.152790850906,47.5625543534076],[-122.152853994386,47.5625103618461],[-122.152888972987,47.5624811044337],[-122.152917037254,47.5624615530099],[-122.152944999114,47.5624371825203],[-122.152980079224,47.562412743522],[-122.153036002046,47.5623640036984],[-122.153099146424,47.5623200119771],[-122.153119990033,47.5622957117376],[-122.153147848587,47.5622665227029],[-122.153168689501,47.5622422218325],[-122.153196753769,47.5622226703195],[-122.153224202691,47.562174208553],[-122.153252162754,47.5621498385359],[-122.153265886317,47.5621256079276],[-122.153328414451,47.5620527062988],[-122.153349051448,47.5620187689542],[-122.153369894159,47.5619944685751],[-122.153390634462,47.5619653502951],[-122.153404358025,47.5619411183891],[-122.153425200736,47.5619168179739],[-122.153438924298,47.5618925872579],[-122.153466781954,47.5618633979985],[-122.153487624665,47.5618390981534],[-122.153501348228,47.5618148674014],[-122.153521984326,47.5617809292965],[-122.153542827038,47.561756628807],[-122.153556448192,47.5617275788931],[-122.153577186699,47.5616984598586],[-122.153583792909,47.5616742993584],[-122.153604634722,47.5616499982133],[-122.153611239136,47.5616258364784],[-122.153624860291,47.5615967877043],[-122.153638379038,47.5615629191689],[-122.153659220851,47.5615386179722],[-122.153672842005,47.5615095691497],[-122.153679344011,47.5614805869911],[-122.153693066676,47.5614563560733],[-122.153699466274,47.5614225577644],[-122.153713189836,47.5613983268197],[-122.153719793352,47.5613741649687],[-122.153740636063,47.5613498648967],[-122.153768083188,47.5613014029289],[-122.153808944856,47.5612142535939],[-122.153829786669,47.5611899534478],[-122.153836391981,47.5611657915006],[-122.153857233794,47.5611414907259],[-122.153870957356,47.5611172596512],[-122.153877562669,47.5610930988829],[-122.153891182925,47.561064048601],[-122.15391202384,47.561039747779],[-122.1539257483,47.5610155166573],[-122.153946485909,47.5609863978332],[-122.15396021037,47.5609621666868],[-122.153987450882,47.5609040671741],[-122.153996162744,47.5608886863473],[-122.15407144965,47.5607880825467],[-122.154229176746,47.5605492352652],[-122.154432166355,47.5603136845984],[-122.154684902869,47.5600355043911],[-122.154905116776,47.5598112206977],[-122.154452956964,47.5597973623281],[-122.15444812313,47.5598007485694],[-122.152261556355,47.5597922265892],[-122.152029782028,47.5597834469719],[-122.151825753067,47.5597552307039],[-122.151698561505,47.5597168350712],[-122.151347600503,47.5596905313369],[-122.151059076905,47.5596709388623],[-122.150843274624,47.5596237435191],[-122.150763652449,47.5596017292357],[-122.150552239337,47.5595047862598],[-122.15007850828,47.559307665655],[-122.149758956872,47.5591775679896],[-122.14950706208,47.5590428634101],[-122.149145966286,47.5588329657444],[-122.148996085075,47.5587123711243],[-122.149001059047,47.558712313534],[-122.148934942144,47.5586833965115],[-122.14889894126,47.5586644692839],[-122.148863043683,47.5586503602443],[-122.148819925448,47.558631501507],[-122.148776909621,47.5586174621732],[-122.148733791385,47.5585986046365],[-122.148661995333,47.5585703865179],[-122.148611657338,47.5585467786565],[-122.148575859474,47.5585374877904],[-122.148539860387,47.5585185599039],[-122.148504065218,47.558509269639],[-122.14846104939,47.5584952302725],[-122.148396473098,47.5584717612009],[-122.148324678842,47.5584435424078],[-122.148281663015,47.5584295024174],[-122.14824566303,47.5584105750981],[-122.148209866962,47.5584012842078],[-122.148166851135,47.5583872442062],[-122.148130852048,47.5583683162654],[-122.148094953573,47.558354207146],[-122.148042699471,47.5583267333321],[-122.147293979733,47.5580649766361],[-122.14678007961,47.5578415471641],[-122.146595753399,47.5576984101877],[-122.146377556209,47.557555663837],[-122.146204240648,47.5572795568439],[-122.146185405672,47.5572297913515],[-122.146174171341,47.5572025503472],[-122.146138781312,47.5571934386873],[-122.146080722297,47.5571917291142],[-122.145987895785,47.5572001096592],[-122.145911497663,47.5572268808356],[-122.145783337717,47.5572626114839],[-122.145694465589,47.5572896542196],[-122.145563902649,47.5572631486043],[-122.145519049767,47.557236176784],[-122.145298183683,47.5568434933688],[-122.144597023451,47.5562993085845],[-122.144479577711,47.5562670170984],[-122.144444419447,47.5562531420289],[-122.144430152404,47.5562405534027],[-122.144381859872,47.5561791040098],[-122.144354344475,47.5561527875869],[-122.144323675991,47.5561495708582],[-122.144168448907,47.5561427930536],[-122.144028735727,47.5561236975849],[-122.143995579809,47.5561055145067],[-122.143987766262,47.5560884681303],[-122.14401029601,47.5560196611682],[-122.144091193793,47.555923047425],[-122.144111439124,47.5558892546401],[-122.144274497721,47.5556624536319],[-122.144275246916,47.5556503062134],[-122.144270236113,47.5556398441658],[-122.144260963703,47.555627621567],[-122.144251796396,47.5556174680961],[-122.144125185145,47.555517028774],[-122.143713526776,47.5551904609669],[-122.143316976273,47.5548964672042],[-122.143135276736,47.5548927065847],[-122.142685716648,47.5548978858483],[-122.142394741548,47.5548791888439],[-122.142361890158,47.5548807311651],[-122.142343490865,47.5548830858725],[-122.142333108136,47.5548896310368],[-122.142324010898,47.5548971049878],[-122.142299153615,47.5549646942404],[-122.142269140902,47.5549745046962],[-122.142211116023,47.5549739827087],[-122.142176326068,47.5549661716896],[-122.142105900845,47.5549145015626],[-122.14205922079,47.5548757677278],[-122.142019780257,47.5548452801967],[-122.141965348639,47.5548160500292],[-122.141733827637,47.5547697748587],[-122.141551169597,47.5547638116888],[-122.141484811946,47.5547287977548],[-122.141404829546,47.5547408477791],[-122.141331103912,47.554700379305],[-122.141282068474,47.5546928780441],[-122.141216458221,47.5546757360253],[-122.141147871849,47.554664620234],[-122.141109672788,47.5546555396583],[-122.14106396471,47.5546275043259],[-122.14102952959,47.554600290463],[-122.140962818002,47.5545442039613],[-122.140946702226,47.5544187996808],[-122.140496990323,47.552905103515],[-122.140482995469,47.5528927541718],[-122.140451112463,47.5528831246044],[-122.140415892216,47.5528806734084],[-122.140385082697,47.5528839909806],[-122.140298645003,47.552929712463],[-122.140212700485,47.5529950925432],[-122.14011634629,47.5530895096794],[-122.14005355495,47.5531744068679],[-122.139948818574,47.5533740647727],[-122.139857357502,47.5535223202087],[-122.139770663789,47.5536386477016],[-122.139596620592,47.5538026399693],[-122.139224828557,47.554100415702],[-122.138984261521,47.5542991382494],[-122.138811435542,47.5544520059447],[-122.13871971306,47.5545358969555],[-122.138660364064,47.5545877499406],[-122.13861559742,47.5546205856719],[-122.138576394941,47.5546392918625],[-122.13855003298,47.5546395943868],[-122.138495506141,47.5546351929308],[-122.138390245149,47.5545762921989],[-122.137429649667,47.5540360791757],[-122.137383836485,47.5540078974012],[-122.137210513738,47.5538926056305],[-122.137009637864,47.5537483987103],[-122.136676390741,47.5535017177997],[-122.136424216573,47.5533008860234],[-122.136302465208,47.5531563318963],[-122.136212646256,47.5530231232924],[-122.136117285597,47.552921396107],[-122.135983035072,47.5528672394217],[-122.13588577807,47.5528583580012],[-122.135839954109,47.5528817325822],[-122.135814959384,47.5529644523477],[-122.135733216287,47.553346837527],[-122.135697176776,47.5535299877562],[-122.135667982427,47.5536667053888],[-122.135644905606,47.5537399115157],[-122.135478127085,47.5539946831726],[-122.135337350301,47.5541295813982],[-122.135261462422,47.5542005600627],[-122.135198478843,47.5542353021364],[-122.135165147752,47.5542380642833],[-122.13513457449,47.5542386517548],[-122.135108600602,47.5542403777934],[-122.135097030301,47.5542417006652],[-122.135058181758,47.5542628514536],[-122.13499187531,47.5542826520807],[-122.134455785902,47.5543794392088],[-122.13443064026,47.5543852684381],[-122.134113386743,47.5543120286557],[-122.134112256662,47.5543125797505],[-122.133821039915,47.5544056552761],[-122.133804783103,47.5544055073478],[-122.13372399761,47.5544504642171],[-122.133563651027,47.5544033211603],[-122.133244854204,47.5543095890456],[-122.133134364119,47.5543869574899],[-122.132943743412,47.5542402365335],[-122.132863112429,47.5542710639253],[-122.132792251523,47.5543047765142],[-122.132757059123,47.5542648284854],[-122.132701132708,47.5541683163907],[-122.132667658786,47.5541038465689],[-122.132619774988,47.5540373856835],[-122.132409173054,47.554003718999],[-122.131841011993,47.5540606512166],[-122.131400103581,47.5540739133236],[-122.131158447786,47.5541094690918],[-122.131070819825,47.5541853761233],[-122.13107057728,47.5541709463751],[-122.131054687879,47.5540689219216],[-122.131011807697,47.5538129993176],[-122.131012229906,47.5537962971637],[-122.130987179486,47.5536354514318],[-122.130953215083,47.553417351026],[-122.130949687399,47.5531840770023],[-122.130964566195,47.5531039354814],[-122.130985735893,47.5530222939016],[-122.131026561628,47.5529675619604],[-122.131109031462,47.5528909335089],[-122.131206512145,47.5528241297483],[-122.131377340271,47.5527153589829],[-122.131435438812,47.5526766144284],[-122.131616872449,47.5525645809366],[-122.131624999507,47.5525521120751],[-122.131632410608,47.5525391745519],[-122.131632698967,47.5525225101879],[-122.131624362601,47.5525101480225],[-122.130866818712,47.5521262828466],[-122.129334562332,47.5514351662635],[-122.129078000792,47.5511638386271],[-122.128771144376,47.5507860393796],[-122.128604236498,47.5506334138204],[-122.128228022057,47.5503430238682],[-122.127816325959,47.5500577920405],[-122.127506179912,47.5498631575652],[-122.127484226883,47.5498344502953],[-122.127131279706,47.5496354034136],[-122.12580694828,47.5490215072635],[-122.125769585551,47.5486721937362],[-122.125843126131,47.5481661802718],[-122.125833488107,47.5477776914614],[-122.125535026447,47.547314767837],[-122.125065879493,47.5469120738076],[-122.124892094113,47.545689965528],[-122.12459943018,47.5454601321995],[-122.12419779162,47.545464694507],[-122.123795667969,47.5454498318367],[-122.123478650709,47.545395141103],[-122.122790124383,47.5454029547614],[-122.122188626842,47.5454486372928],[-122.121471410122,47.5454567686798],[-122.120871347191,47.5455607187402],[-122.12050223483,47.545720337719],[-122.120075260186,47.5458611826199],[-122.119818981615,47.5459418033278],[-122.119480946472,47.5461982179267],[-122.119284437309,47.5463753101684],[-122.11885745458,47.5465161490649],[-122.118545228933,47.5466556899866],[-122.11826168829,47.5467949043195],[-122.118265520503,47.54695029995],[-122.118069005051,47.5471273902569],[-122.117758689223,47.5473446267245],[-122.117016105876,47.5474890252869],[-122.116675178158,47.5476288843737],[-122.116388758415,47.5476515470162],[-122.116191278172,47.5477897855279],[-122.115906290344,47.5478707215976],[-122.115706416091,47.5479118374588],[-122.115022266357,47.5479939338711],[-122.114534231426,47.5479564191184],[-122.114124217873,47.5478213467476],[-122.113523920481,47.5473595240256],[-122.113054999004,47.547055500978],[-122.112404903504,47.5465941414327],[-122.112173413944,47.5464131838028],[-122.111913657096,47.5462421304117],[-122.111768855859,47.5461230081607],[-122.111234721184,47.5457617584489],[-122.110852311961,47.5455099252414],[-122.110622018058,47.5453867859566],[-122.110456068683,47.5452775001069],[-122.110074456265,47.5450642122553],[-122.109837442964,47.5449604115909],[-122.109465121821,47.5448530610055],[-122.108957394023,47.5447373410038],[-122.108557596111,47.544678438243],[-122.107687626267,47.5445998433177],[-122.106238875479,47.5444109940515],[-122.105297358416,47.544313772536],[-122.105126469205,47.5443105514422],[-122.104513090546,47.5442488115501],[-122.104455963084,47.5442397061271],[-122.104341906687,47.5442311324992],[-122.104291994493,47.544226779286],[-122.104249198753,47.5442223599768],[-122.104149373467,47.544213652942],[-122.104099363357,47.5442044814173],[-122.104042334709,47.5442001942975],[-122.103999636885,47.5442005932968],[-122.103871247868,47.5441873335422],[-122.10383556948,47.5441828475276],[-122.10379277374,47.5441784270019],[-122.103750075018,47.5441788260014],[-122.103714297815,47.5441695216729],[-122.103671599093,47.544169920066],[-122.103586007613,47.5441610802249],[-122.103500514049,47.544157058697],[-122.103414922569,47.5441482188536],[-122.103372224745,47.5441486172469],[-122.103329429005,47.5441441973247],[-122.103286731181,47.5441445951117],[-122.103243837525,47.5441353562664],[-122.103193925331,47.5441310036516],[-122.103151129591,47.5441265825152],[-122.103094100045,47.544122295389],[-122.103044286666,47.5441227604845],[-122.103001392111,47.5441135216355],[-122.102915801529,47.544104680572],[-122.102851656428,47.5441004607525],[-122.102808860688,47.5440960396135],[-122.10275904641,47.544096504103],[-122.102709135115,47.5440921502721],[-122.10267345493,47.5440876642494],[-122.102616427181,47.5440833759073],[-122.102573532626,47.5440741370512],[-122.102530736886,47.5440697171227],[-122.102488039062,47.5440701155166],[-122.102452360674,47.5440656282792],[-122.102395331128,47.5440613411481],[-122.102352536286,47.5440569200057],[-122.102309837564,47.5440573183997],[-122.102267042722,47.5440528978634],[-122.102224345797,47.5440532956511],[-122.102181549158,47.5440488757208],[-122.102131637863,47.5440445212797],[-122.102074608317,47.5440402335404],[-122.102017678484,47.5440407641261],[-122.101967767189,47.5440364096843],[-122.10192497055,47.5440319891463],[-122.101853611977,47.544023015271],[-122.101810914154,47.5440234130588],[-122.101775235765,47.5440189264238],[-122.101739457664,47.5440096214606],[-122.101682527832,47.5440101514403],[-122.101639732091,47.5440057309001],[-122.101597034268,47.5440061280817],[-122.101561355879,47.5440016420516],[-122.101504425148,47.5440021720314],[-122.101468647946,47.5439928658524],[-122.101425950122,47.5439932642469],[-122.101383154382,47.5439888437052],[-122.101311796707,47.5439798686098],[-122.101269097985,47.543980266398],[-122.101233418698,47.5439757791529],[-122.101190622958,47.5439713586097],[-122.101119264385,47.5439623847241],[-122.101069156359,47.5439483930028],[-122.101033282138,47.5439342690858],[-122.10099038938,47.5439250295972],[-122.100954612177,47.5439157240109],[-122.100918932891,47.5439112367603],[-122.1008758443,47.5438923605907],[-122.100832950643,47.5438831210946],[-122.100782940533,47.5438739482994],[-122.100747164228,47.5438646414912],[-122.10070427147,47.543855403203],[-122.100668494267,47.5438460963916],[-122.100625699426,47.5438416758375],[-122.100589922223,47.5438323702364],[-122.100554242038,47.5438278823723],[-122.100511348382,47.5438186428649],[-122.100439990707,47.5438096683467],[-122.100339972283,47.543791321516],[-122.10030419508,47.543782015906],[-122.100232837406,47.5437730413816],[-122.100197060203,47.5437637351619],[-122.100161381815,47.5437592478983],[-122.100089830104,47.5437406360588],[-122.100046838531,47.5437265781821],[-122.099903730618,47.5436893544734],[-122.09986083786,47.5436801143351],[-122.099817847186,47.5436660558358],[-122.099774953529,47.5436568156935],[-122.099731865836,47.5436379394323],[-122.099696089532,47.543628633795],[-122.099660117395,47.5436096902146],[-122.09960991235,47.5435908800327],[-122.099567018694,47.5435816404835],[-122.09949527115,47.5435533912355],[-122.099459494846,47.5435440849768],[-122.099416406255,47.5435252074622],[-122.099380532034,47.5435110828249],[-122.099344559897,47.5434921404147],[-122.099301668037,47.5434829002417],[-122.099272812353,47.5434638911184],[-122.099236937234,47.5434497664645],[-122.099200966893,47.5434308228194],[-122.099172110312,47.54341181489],[-122.099136139073,47.5433928712311],[-122.099093050482,47.5433739942685],[-122.099064195696,47.5433549851057],[-122.099021108004,47.5433361081294],[-122.098977922395,47.5433124127544],[-122.098920211926,47.5432743943772],[-122.098877026317,47.5432506983679],[-122.098848171532,47.5432316891604],[-122.098776227257,47.5431938029184],[-122.098689662003,47.5431367752133],[-122.098660709302,47.5431129469478],[-122.098552795585,47.5430561168396],[-122.098523841985,47.5430322897501],[-122.098494988098,47.5430132804634],[-122.098465938379,47.5429846331133],[-122.098437081797,47.5429656238093],[-122.098408031179,47.5429369776459],[-122.098379079375,47.5429131498961],[-122.098357146109,47.5428844382131],[-122.098335309861,47.542860544342],[-122.098313374799,47.5428318314174],[-122.098226030706,47.5427362557717],[-122.098189766616,47.5427028565261],[-122.098167930368,47.5426789625722],[-122.098138294048,47.5426214061325],[-122.098123574254,47.5425974454375],[-122.098108756543,47.5425686668775],[-122.098101153203,47.542544640667],[-122.098086433409,47.5425206811497],[-122.09807882917,47.5424966549172],[-122.098064109375,47.5424726947716],[-122.098056505137,47.5424486685171],[-122.098041785342,47.5424247083495],[-122.098034181104,47.542400682073],[-122.098019363393,47.5423719034051],[-122.098004643599,47.5423479438088],[-122.09799703936,47.5423239174972],[-122.097982319566,47.5422999578789],[-122.097974618309,47.5422711130576],[-122.097944202251,47.542175008817],[-122.097936500994,47.5421461645333],[-122.0979217812,47.5421222042275],[-122.097914079943,47.5420933599148],[-122.097898873262,47.5420453070472],[-122.097875767695,47.5419587739345],[-122.097867872402,47.5419202912798],[-122.097860073228,47.541886628333],[-122.097859487527,47.5418577190049],[-122.09785178627,47.5418288739403],[-122.097850323813,47.5417565971754],[-122.097835115335,47.5417085446055],[-122.09783453143,47.5416796321472],[-122.097819713719,47.5416508536898],[-122.09780450614,47.5416028016294],[-122.097800701775,47.5414148821145],[-122.097813762381,47.5413569282981],[-122.097813178476,47.5413280174651],[-122.097819708329,47.5412990411233],[-122.097826336998,47.5412748827387],[-122.097824384959,47.5411785140933],[-122.097837642296,47.5411301984148],[-122.097836959576,47.5410964694675],[-122.097850702902,47.54107224489],[-122.097850118098,47.5410433345065],[-122.097870002307,47.5409708595723],[-122.097876532161,47.5409418830331],[-122.097882965895,47.5409080872585],[-122.097896515185,47.5408742259688],[-122.097910160594,47.5408451832763],[-122.097923905716,47.5408209591891],[-122.097943789026,47.5407484839475],[-122.097957435334,47.5407194411854],[-122.097971178659,47.5406952170401],[-122.097991746486,47.5406564714831],[-122.098005392794,47.54062742867],[-122.098033174092,47.5405934356051],[-122.098074404069,47.5405207617481],[-122.098095263848,47.5404964714108],[-122.098108715221,47.5404577918072],[-122.098136689657,47.5404334353404],[-122.098164178105,47.5403849867743],[-122.098185037884,47.5403606957676],[-122.098212524535,47.5403122477408],[-122.098233384314,47.5402879567004],[-122.098274615189,47.5402152836328],[-122.098309414127,47.5401764061262],[-122.098323157452,47.54015218173],[-122.098351131889,47.5401278251211],[-122.098371795835,47.540093897833],[-122.098392654716,47.5400696066915],[-122.098420435116,47.5400356132648],[-122.098441099063,47.540001685917],[-122.098475897102,47.539962808252],[-122.098489640427,47.5399385837571],[-122.098517614864,47.539914227049],[-122.098538473744,47.5398899364306],[-122.098566351163,47.5398607615971],[-122.098608069823,47.5398121802995],[-122.098635848426,47.5397781873124],[-122.0986708414,47.5397489463155],[-122.0986986218,47.5397149520745],[-122.098726692356,47.5396954139873],[-122.098810324611,47.5396078891134],[-122.098838299047,47.5395835322516],[-122.098873389039,47.5395591092771],[-122.098915399651,47.5395249833164],[-122.098943179153,47.5394909901431],[-122.098978073312,47.5394569296332],[-122.099006145664,47.5394373914498],[-122.099034022184,47.539408216971],[-122.099062094537,47.539388678163],[-122.099082953418,47.5393643879076],[-122.099103714382,47.539335278277],[-122.099124572365,47.5393109879968],[-122.099180325405,47.5392526376692],[-122.099201184286,47.5392283467443],[-122.09922915962,47.5392039897062],[-122.09925703614,47.5391748150975],[-122.099270681549,47.53914577207],[-122.099312788282,47.5391164646183],[-122.099326530709,47.5390922397324],[-122.099361620701,47.539067816529],[-122.099382479581,47.5390435267313],[-122.099410452221,47.5390191696074],[-122.099431311102,47.5389948785744],[-122.099459382556,47.5389753402188],[-122.099480241437,47.5389510503783],[-122.099508117957,47.5389218744159],[-122.099543110032,47.5388926329414],[-122.099571082672,47.5388682763539],[-122.099591844535,47.5388391670542],[-122.099647595778,47.538780816808],[-122.099682489937,47.5387467564432],[-122.099703249105,47.5387176470761],[-122.099744965968,47.5386690659322],[-122.099751593738,47.5386449069422],[-122.099772353805,47.538615798125],[-122.099813581086,47.538543124559],[-122.099827226495,47.5385140817881],[-122.099840284406,47.5384561277973],[-122.099853536353,47.5384078114292],[-122.099859968291,47.5383740158405],[-122.099858599258,47.5383065568038],[-122.099850897103,47.5382777128176],[-122.099850311402,47.5382488021059],[-122.09984251133,47.5382151392275],[-122.099834909786,47.5381911134476],[-122.099834125557,47.5381525661692],[-122.09982632818,47.5381189032289],[-122.09982486213,47.538046626201],[-122.099817062058,47.5380129625863],[-122.099816280524,47.5379744157833],[-122.099808675387,47.5379503892867],[-122.099800877112,47.5379167268231],[-122.099793271974,47.5378927003],[-122.099792588356,47.5378589716958],[-122.099784985016,47.5378349457527],[-122.099777282861,47.5378061009006],[-122.099769385771,47.5377676194429],[-122.09976791972,47.5376953425371],[-122.099760217565,47.5376664988211],[-122.099759631864,47.5376375877724],[-122.099751929708,47.5376087440246],[-122.099743935601,47.5375654435018],[-122.099736330463,47.5375414174243],[-122.099734277813,47.5374402302621],[-122.099726576556,47.5374113857993],[-122.099718778281,47.5373777223833],[-122.099717800914,47.5373295384429],[-122.099710098759,47.5373006933127],[-122.099702299586,47.5372670310386],[-122.099701615968,47.5372333020318],[-122.099693523045,47.5371851834568],[-122.099692546576,47.5371369993396],[-122.099684649487,47.5370985179972],[-122.099676556564,47.537050399905],[-122.099668757391,47.5370167368636],[-122.099653353081,47.5369590480626],[-122.099652670361,47.5369253182514],[-122.099645066122,47.5369012924869],[-122.099637169032,47.5368628109715],[-122.099636486313,47.5368290823113],[-122.099628686241,47.5367954197343],[-122.09962810054,47.5367665075988],[-122.099612696229,47.5367088197355],[-122.099612012611,47.5366750903698],[-122.099596609199,47.5366174011929],[-122.099588810924,47.53658373848],[-122.099587638623,47.5365259175985],[-122.099572431043,47.5364778650862],[-122.099557614231,47.5364490868059],[-122.099556344013,47.5363864467474],[-122.099548739774,47.5363624213425],[-122.099548153174,47.5363335095748],[-122.099540550732,47.5363094841456],[-122.099532849475,47.5362806396673],[-122.099525049404,47.5362469767382],[-122.099524463702,47.5362180661197],[-122.099516762445,47.5361892209846],[-122.099516077929,47.5361554924975],[-122.099500675415,47.5360978033555],[-122.099498330812,47.5359821610636],[-122.099490433722,47.5359436794801],[-122.099487307585,47.5357894890455],[-122.099479703346,47.5357654627606],[-122.09947862986,47.5357124600677],[-122.099470635752,47.5356691597984],[-122.099469855116,47.5356306124853],[-122.099461859212,47.5355873133614],[-122.099460589892,47.5355246728799],[-122.099452791617,47.5354910100719],[-122.099451130632,47.5354090972501],[-122.099443331459,47.535375434368],[-122.099442646943,47.535341704751],[-122.099427440261,47.5352936523664],[-122.09942685456,47.5352647418288],[-122.09941164698,47.5352166893736],[-122.099411061279,47.5351877794002],[-122.099396342383,47.5351638189466],[-122.099388739042,47.5351397929815],[-122.099388152442,47.5351108823591],[-122.099372945761,47.535062829763],[-122.099372360958,47.5350339203111],[-122.099364756719,47.5350098936801],[-122.099357625892,47.5346581475384],[-122.099349728803,47.5346196661962],[-122.09934611488,47.5344413831143],[-122.099338317504,47.5344077202175],[-122.099336460686,47.5343161702988],[-122.099321059071,47.5342584809527],[-122.099320472471,47.5342295704509],[-122.099312674196,47.5341959080245],[-122.099311990578,47.5341621782553],[-122.099304289321,47.5341333332022],[-122.099303605703,47.5340996046057],[-122.099280795681,47.5340275264277],[-122.099265979767,47.5339987480156],[-122.099265394066,47.5339698373706],[-122.099250578152,47.5339410589267],[-122.099242876895,47.533912214965],[-122.099228061879,47.5338834364896],[-122.099220165688,47.5338449539725],[-122.099212562347,47.5338209292226],[-122.099211976646,47.5337920184796],[-122.099204373305,47.533767991886],[-122.099189557391,47.5337392139379],[-122.099188971689,47.5337103031498],[-122.099181368349,47.5336862771253],[-122.099176486005,47.5334453545762],[-122.099168881766,47.5334213284303],[-122.099167710363,47.5333635070942],[-122.099174337235,47.5333393492986],[-122.099173653617,47.533305619585],[-122.099180280489,47.5332814611562],[-122.099173736262,47.5329586255562],[-122.099166035904,47.5329297816607],[-122.099164766584,47.5328671410371],[-122.099171393456,47.5328429836194],[-122.099168463152,47.5326984300817],[-122.099174894191,47.5326646344521],[-122.099181521062,47.5326404763346],[-122.099180740426,47.5326019286147],[-122.099187170567,47.5325681335294],[-122.099193700421,47.5325391559854],[-122.099193016803,47.5325054275766],[-122.099199641878,47.5324812687792],[-122.099206170834,47.5324522924003],[-122.099201092658,47.5322017326345],[-122.099193392299,47.532172888929],[-122.099192708681,47.5321391602847],[-122.099185106239,47.5321151341469],[-122.099182370869,47.5319802168645],[-122.09917467051,47.5319513730374],[-122.099172620555,47.5318501853987],[-122.099164918399,47.531821340287],[-122.099164333596,47.5317924296546],[-122.099148932879,47.5317347405648],[-122.099145710622,47.5315757316269],[-122.099137911449,47.5315420693166],[-122.099136544213,47.5314746111947],[-122.099128942669,47.5314505847524],[-122.099121716621,47.5310940206955],[-122.099113820429,47.5310555391641],[-122.099106217089,47.5310315125299],[-122.099105632286,47.5310026020685],[-122.099098028945,47.5309785760166],[-122.099093244518,47.5307424720998],[-122.099085544159,47.5307136275918],[-122.099077744986,47.5306799647282],[-122.099070143442,47.5306559385283],[-122.099055425444,47.5306319790368],[-122.099040611327,47.5306032005809],[-122.099018779571,47.5305793065715],[-122.098989833157,47.530555478664],[-122.098968001401,47.5305315852395],[-122.09890309363,47.5304888144478],[-122.098874148115,47.5304649864992],[-122.098830973286,47.5304412907658],[-122.098794913114,47.5304175289086],[-122.098751738285,47.5303938337603],[-122.098722791871,47.5303700051621],[-122.098679617042,47.5303463105988],[-122.09860769253,47.5303084235371],[-122.098564614719,47.530289546109],[-122.098528554547,47.5302657847897],[-122.098492787226,47.5302564785986],[-122.098435384879,47.5302329149974],[-122.098363654404,47.5302046652287],[-122.098327888879,47.5301953590267],[-122.098284811068,47.5301764821646],[-122.098234523378,47.5301528518076],[-122.098191640501,47.5301436111032],[-122.098148466571,47.5301199152246],[-122.098105488472,47.5301058567284],[-122.098048084329,47.5300822930595],[-122.098012220888,47.5300681684398],[-122.097976257734,47.5300492254184],[-122.097933181719,47.5300303472905],[-122.097897219464,47.5300114042555],[-122.097868372763,47.5299923944936],[-122.097810969518,47.5299688307737],[-122.097681448624,47.5298977428688],[-122.097631160036,47.5298741129928],[-122.097595295697,47.5298599877104],[-122.097552218784,47.5298411107275],[-122.097516355343,47.5298269854363],[-122.097473279328,47.529808107835],[-122.097437414989,47.5297939825349],[-122.097394338974,47.5297751049218],[-122.097358376719,47.529756161188],[-122.097308186945,47.5297373490685],[-122.097265110931,47.5297184720415],[-122.097214921158,47.5296996611216],[-122.097128769129,47.5296619046075],[-122.097078578457,47.5296430930608],[-122.097042812034,47.5296337861527],[-122.096992719279,47.5296197930336],[-122.096949740282,47.5296057331902],[-122.096899550509,47.5295869222299],[-122.096827823627,47.5295586715066],[-122.096784845529,47.5295446116468],[-122.096734752774,47.5295306178974],[-122.096698889333,47.5295164925225],[-122.09665581242,47.5294976148095],[-122.096612834322,47.5294835561464],[-122.096562548429,47.5294599248707],[-122.096519471516,47.5294410471373],[-122.096469283539,47.5294222349048],[-122.096411880294,47.5293986715354],[-122.096361497383,47.5293702217613],[-122.096325536026,47.5293512784877],[-122.096289769603,47.5293419703147],[-122.096239384895,47.5293135217228],[-122.096203520556,47.5292993962895],[-122.096153234663,47.5292757655373],[-122.096117274204,47.5292568216232],[-122.096074199087,47.5292379432102],[-122.096038335646,47.529223818363],[-122.096002374289,47.5292048744301],[-122.095930647407,47.5291766228945],[-122.095887474374,47.5291529259724],[-122.095851514813,47.5291339826205],[-122.095815650474,47.5291198565322],[-122.095772576256,47.5291009786764],[-122.095700849374,47.5290727270848],[-122.095672003572,47.5290537169826],[-122.095614603022,47.5290301522345],[-122.095564510267,47.5290161583479],[-122.095521338132,47.5289924613533],[-122.095413652588,47.52894526507],[-122.095384805887,47.5289262549216],[-122.095349040362,47.5289169472797],[-122.095313079903,47.5288980026294],[-122.095241353021,47.5288697521416],[-122.095184051286,47.5288510046061],[-122.095140977068,47.5288321260469],[-122.095105113627,47.5288180004839],[-122.095062136427,47.5288039410321],[-122.095026273884,47.528789814855],[-122.094983296684,47.5287757541826],[-122.094947433243,47.5287616292109],[-122.094832827976,47.528724135269],[-122.094796867517,47.528705190549],[-122.094725336467,47.5286865757916],[-122.094682359268,47.5286725150915],[-122.094646399707,47.5286535709594],[-122.094596308748,47.5286395769723],[-122.09448872112,47.5285971982966],[-122.094445744818,47.5285831375725],[-122.094374018835,47.5285548850954],[-122.094345173931,47.5285358754121],[-122.094309408406,47.5285265670943],[-122.094266431206,47.5285125075644],[-122.094230569562,47.5284983813087],[-122.09420172376,47.5284793703918],[-122.094158747458,47.5284653096361],[-122.094129902554,47.5284462993138],[-122.094086924456,47.5284322391558],[-122.094058079552,47.5284132288215],[-122.094029137631,47.5283893993234],[-122.094014423226,47.528365439403],[-122.093927595664,47.5282939520242],[-122.093841059156,47.5282369208501],[-122.093783174414,47.528189262896],[-122.093754136373,47.5281606147248],[-122.09366682372,47.5280650353839],[-122.093644897641,47.528036322242],[-122.093630184135,47.5280123615537],[-122.093615372712,47.5279835828734],[-122.093600659206,47.5279596215545],[-122.093578831043,47.5279357269473],[-122.093564117537,47.5279117668196],[-122.093542193254,47.5278830529873],[-122.093512764446,47.5278351314598],[-122.093490840163,47.527806418192],[-122.093476125759,47.5277824573987],[-122.093461217318,47.5277488599831],[-122.093446407692,47.5277200811584],[-122.093431693288,47.5276961209322],[-122.093409671987,47.5276625883647],[-122.09340207224,47.5276385613891],[-122.093380050041,47.527605029998],[-122.093372449395,47.5275810036027],[-122.093357735889,47.527557043313],[-122.093342925365,47.5275282643829],[-122.093328211859,47.5275043034625],[-122.093305413515,47.5274322241052],[-122.09329771675,47.5274033789899],[-122.093290117003,47.5273793525022],[-122.093289534894,47.5273504418474],[-122.093274336298,47.527302388206],[-122.093273752393,47.5272734775089],[-122.093266152646,47.5272494509617],[-122.093263823314,47.527133809174],[-122.093270451084,47.5271096509351],[-122.093269868976,47.5270807401316],[-122.093282931379,47.5270227880623],[-122.09328234927,47.5269938759979],[-122.093288977041,47.5269697189076],[-122.093288394932,47.5269408080271],[-122.093307988087,47.5268538787573],[-122.093321244526,47.5268055620105],[-122.093334889935,47.526776520624],[-122.093341519502,47.5267523622205],[-122.093362375687,47.5267280721772],[-122.093390345632,47.5267037178247],[-122.093418219457,47.5266745435399],[-122.093460125865,47.526635600794],[-122.093543744645,47.526548079597],[-122.093599878571,47.5265090057345],[-122.093634768238,47.5264749477104],[-122.093669754923,47.526445707787],[-122.093711758349,47.5264115842103],[-122.09373982621,47.5263920472319],[-122.093767795257,47.5263676915101],[-122.093795862219,47.526348155122],[-122.093831139959,47.5263333707414],[-122.093866223662,47.5263089488743],[-122.09393678004,47.526279380087],[-122.093985994243,47.5262500096377],[-122.094028288723,47.526230339756],[-122.094063566462,47.5262155553422],[-122.094098746285,47.5261959533856],[-122.094140943748,47.5261714659428],[-122.094176222385,47.5261566815124],[-122.094288489338,47.5260785331754],[-122.094323765281,47.5260637487189],[-122.094386915947,47.5260197896091],[-122.094421901734,47.5259905494319],[-122.094477840725,47.5259418382109],[-122.094505712754,47.5259126647155],[-122.094540698541,47.5258834250852],[-122.09457558731,47.5258493660483],[-122.094617297885,47.5258007863272],[-122.094652185756,47.5257667278433],[-122.0946801557,47.5257423718312],[-122.094700913071,47.5257132637372],[-122.094721769257,47.5256889744259],[-122.094756755045,47.5256597346709],[-122.094777415398,47.5256258077268],[-122.094791156927,47.5256015838875],[-122.094819028057,47.5255724095962],[-122.094847094121,47.5255528723052],[-122.094931000362,47.5254798051504],[-122.094951758631,47.5254506969107],[-122.09498674352,47.5254214570229],[-122.095014712567,47.5253971008505],[-122.095077861436,47.5253531417887],[-122.095105732566,47.5253239679658],[-122.095140911491,47.5253043644629],[-122.095161766779,47.5252800743556],[-122.095189832843,47.5252605369558],[-122.095217801889,47.5252361813153],[-122.095259803519,47.5252020569518],[-122.095287674649,47.525172883045],[-122.095315738917,47.5251533456052],[-122.095357448594,47.5251047652395],[-122.095385416742,47.5250804101333],[-122.095413483704,47.5250608720525],[-122.095441354834,47.5250316980671],[-122.095483354667,47.524997572964],[-122.095511323713,47.5249732172014],[-122.095616277481,47.524885497297],[-122.095644246528,47.5248611408758],[-122.095700375962,47.5248220657567],[-122.095721231249,47.5247977760328],[-122.095805135693,47.5247247084328],[-122.095833199961,47.5247051708261],[-122.095861168109,47.5246808149277],[-122.095896250016,47.5246563922912],[-122.095952185414,47.5246076804378],[-122.096022153395,47.5245492003126],[-122.096050025423,47.5245200254361],[-122.096085106432,47.5244956033312],[-122.096105959024,47.5244713134561],[-122.096155269347,47.5244467596942],[-122.09619726918,47.5244126348171],[-122.096218121772,47.5243883442969],[-122.096246090819,47.5243639882514],[-122.096259830551,47.524339764436],[-122.09628068494,47.5243154744886],[-122.096308653088,47.5242911184094],[-122.096322392821,47.524266893347],[-122.096405807683,47.5241697339619],[-122.096419451295,47.5241406911161],[-122.096433191028,47.5241164671976],[-122.0964398179,47.5240923087822],[-122.096453557632,47.5240680848413],[-122.096467201244,47.5240390419393],[-122.096480940977,47.5240148179738],[-122.096494193822,47.5239665016449],[-122.096507836536,47.5239374586866],[-122.09651446251,47.5239133001888],[-122.096528204039,47.5238890761652],[-122.096541456884,47.5238407603271],[-122.096568936349,47.5237923109886],[-122.096575368286,47.5237585162927],[-122.096581995158,47.5237343583191],[-122.09659573489,47.5237101342129],[-122.096602360864,47.523685976217],[-122.096623214355,47.5236616853604],[-122.096636468997,47.5236133693128],[-122.096650208729,47.5235891451507],[-122.096656737684,47.5235601681052],[-122.096670476518,47.5235359439185],[-122.09669123389,47.5235068352068],[-122.096697858965,47.5234826771173],[-122.096725340226,47.5234342286613],[-122.096738592173,47.5233859124042],[-122.096738008268,47.523357001975],[-122.096744537224,47.5233280254078],[-122.09674395242,47.5232991149466],[-122.096757692153,47.5232748906394],[-122.096764319025,47.5232507324431],[-122.09676373512,47.5232218213327],[-122.096770360195,47.5231976631119],[-122.096768607582,47.5231109308583],[-122.096761006038,47.523086904831],[-122.096753211356,47.5230532413187],[-122.096745318758,47.5230147605606],[-122.096743370312,47.5229183911126],[-122.096749899268,47.5228894149097],[-122.096747950822,47.5227930458381],[-122.096740350176,47.5227690196651],[-122.096725538754,47.5227402411412],[-122.09671784109,47.5227113958722],[-122.096710046408,47.5226777327255],[-122.096702348745,47.5226488886354],[-122.096694748099,47.5226248623964],[-122.096686953417,47.5225911985876],[-122.096686367716,47.5225622877204],[-122.096671556293,47.5225335090831],[-122.096656160966,47.5224758201217],[-122.096626149151,47.5223989887631],[-122.096618549403,47.5223749624097],[-122.096603737981,47.5223461836697],[-122.096589024475,47.5223222240219],[-122.096574213053,47.5222934452529],[-122.096566612407,47.5222694188512],[-122.096566028502,47.5222405078066],[-122.096558331737,47.5222116640826],[-122.09655609044,47.5221008388098],[-122.096548392776,47.5220719944025],[-122.09654040316,47.52202869379],[-122.096539818357,47.5219997832194],[-122.096532120693,47.5219709393631],[-122.096524520946,47.5219469128137],[-122.096509808338,47.5219229529835],[-122.096502012758,47.521889289331],[-122.096494412113,47.5218652627441],[-122.096479698607,47.5218413034834],[-122.096472097961,47.5218172774812],[-122.096442671847,47.5217693564784],[-122.096420845481,47.5217454626911],[-122.096413244835,47.5217214360384],[-122.096383623787,47.5216638790387],[-122.096345622355,47.5215437479049],[-122.09633081273,47.5215149693155],[-122.096323115066,47.5214861239793],[-122.09631551442,47.5214620978145],[-122.096300606878,47.5214284999905],[-122.096285405587,47.5213804482037],[-122.096263482203,47.5213517350425],[-122.096255883354,47.5213277088161],[-122.096241168949,47.5213037480965],[-122.0962335701,47.5212797206349],[-122.096218758678,47.5212509419006],[-122.09620404607,47.521226981146],[-122.096189039713,47.5211885663863],[-122.096174327106,47.5211646056032],[-122.096152207888,47.5211262557092],[-122.096130284504,47.5210975424088],[-122.096108458137,47.5210736483156],[-122.096079420994,47.521045001718],[-122.096057596424,47.5210211069941],[-122.096035575123,47.520987576226],[-122.096020764599,47.5209587973315],[-122.096006051992,47.5209348370501],[-122.095984127709,47.520906123645],[-122.095969415101,47.5208821639462],[-122.095947588735,47.5208582691482],[-122.095918163519,47.5208103484827],[-122.095903255977,47.520776750848],[-122.095881429611,47.5207528566086],[-122.095852003497,47.5207049370601],[-122.095830081011,47.5206762247425],[-122.095800654897,47.5206283039107],[-122.09577882853,47.5206044096037],[-122.095756906044,47.5205756960178],[-122.095735079678,47.5205518016869],[-122.095706140451,47.5205279728639],[-122.095662488616,47.5204801841477],[-122.095633452371,47.520451537226],[-122.095618739764,47.520427576713],[-122.095596914295,47.5204036823146],[-122.095538841806,47.520346388372],[-122.095495191768,47.5202985994904],[-122.095466252541,47.5202747705525],[-122.095436924343,47.5202316686541],[-122.095415098875,47.5202077741665],[-122.095407499128,47.5201837480229],[-122.095371155986,47.5201455296638],[-122.095349232602,47.5201168164334],[-122.095334519994,47.5200928563741],[-122.095312694526,47.5200689612166],[-122.095297982817,47.5200450011355],[-122.095276157349,47.5200211065629],[-122.095261444741,47.5199971458533],[-122.095239521356,47.519968433755],[-122.095210583926,47.5199446046671],[-122.095202984179,47.5199205777963],[-122.095202401172,47.5198916672772],[-122.095252192093,47.5198912062133],[-122.09528795133,47.5199005130302],[-122.095323614447,47.5199050023357],[-122.095366291609,47.5199046073982],[-122.095401953828,47.5199090960967],[-122.095437713962,47.5199184041237],[-122.095473375283,47.5199228922144],[-122.095516150362,47.5199273147851],[-122.095551911395,47.5199366228089],[-122.095623235832,47.5199456008068],[-122.095666107929,47.5199548420945],[-122.0957376273,47.5199734563107],[-122.095844614854,47.519986922994],[-122.095916135123,47.5200055378055],[-122.095951796443,47.5200100258888],[-122.095987556578,47.5200193326845],[-122.096023219695,47.5200238219799],[-122.096130499201,47.5200517435684],[-122.096201823638,47.5200607209398],[-122.096237583773,47.5200700277267],[-122.09628045587,47.5200792689924],[-122.096352171074,47.5201075199681],[-122.096388126143,47.5201264635467],[-122.09642388538,47.5201357715352],[-122.096459742533,47.5201498957963],[-122.096495697602,47.520168840573],[-122.096531457737,47.5201781473406],[-122.096567412806,47.5201970915004],[-122.096610382819,47.5202111502258],[-122.096646239972,47.5202252756801],[-122.096675082181,47.5202442859486],[-122.096710842316,47.5202535927029],[-122.096739683626,47.5202726029612],[-122.096775541677,47.5202867277922],[-122.096847450918,47.5203246160265],[-122.096905136234,47.5203626358781],[-122.096941090405,47.5203815793646],[-122.096976948456,47.5203957047729],[-122.097013000543,47.5204194663171],[-122.097048956511,47.5204384103897],[-122.097077797821,47.520457420581],[-122.097120963667,47.5204811165784],[-122.097236331604,47.5205571554205],[-122.097272287572,47.5205760988368],[-122.097315355501,47.5205949761208],[-122.097358521347,47.5206186726627],[-122.097416205765,47.5206566916946],[-122.097452064715,47.5206708170288],[-122.097516959011,47.5207135879402],[-122.097588870946,47.5207514746529],[-122.097646555363,47.5207894941951],[-122.097675496387,47.5208133222927],[-122.097711646391,47.5208419028918],[-122.097754909255,47.5208704167436],[-122.097783850278,47.520894245411],[-122.097812692487,47.5209132548306],[-122.097841633511,47.5209370828719],[-122.09788470144,47.5209559606327],[-122.097899414946,47.5209799202978],[-122.097942680505,47.5210084346813],[-122.097985845453,47.5210321298231],[-122.098072374774,47.5210891585177],[-122.098144285811,47.5211270461725],[-122.098187453454,47.5211507412607],[-122.098259365389,47.521188628871],[-122.098309644994,47.5212122578068],[-122.09834560186,47.5212312003799],[-122.098381654845,47.5212549633656],[-122.098432033265,47.5212834126883],[-122.09846808625,47.521307174437],[-122.098511156875,47.521326051458],[-122.098547210759,47.5213498131874],[-122.098583165828,47.5213687569241],[-122.09863344723,47.5213923857788],[-122.098690840593,47.5214159491051],[-122.098726894477,47.5214397107938],[-122.098762752528,47.5214538353106],[-122.098813130948,47.5214822839189],[-122.098885044679,47.5215201694698],[-122.098928212322,47.5215438662004],[-122.098964167391,47.5215628086537],[-122.099050309539,47.521600562505],[-122.099100589144,47.5216241918619],[-122.099157983405,47.5216477550841],[-122.099193940271,47.5216666974998],[-122.099237107016,47.5216903935576],[-122.099272966863,47.521704518007],[-122.09931603659,47.521723394885],[-122.099366220075,47.5217422056322],[-122.099402079024,47.5217563300676],[-122.09943092303,47.5217753391747],[-122.099466781081,47.5217894642078],[-122.099502740642,47.5218084065725],[-122.09961031749,47.521850779207],[-122.09966059979,47.5218744090578],[-122.099703669516,47.5218932852681],[-122.099746642225,47.521907343539],[-122.099789711951,47.5219262197374],[-122.099825473882,47.5219355255867],[-122.099875657367,47.5219543362579],[-122.099918533058,47.5219635759785],[-122.099954392007,47.5219777009609],[-122.099990153939,47.5219870061944],[-122.100076099355,47.5220151226823],[-122.10012618672,47.522029114797],[-122.100169159429,47.5220431730315],[-122.100204822545,47.5220476603338],[-122.100240683291,47.5220617846869],[-122.100290671842,47.522070958265],[-122.100326433774,47.5220802640887],[-122.100397761804,47.5220892386864],[-122.100440637494,47.5220984783833],[-122.100497836821,47.5221124043523],[-122.100540711613,47.5221216440451],[-122.100597716905,47.522125931757],[-122.100640590798,47.5221351714474],[-122.100676255711,47.5221396593484],[-122.1007191323,47.5221488978231],[-122.100761909176,47.5221533195995],[-122.100826027327,47.5221575411854],[-122.100897355357,47.5221665163766],[-122.100954358852,47.5221708046915],[-122.101004250385,47.5221751591294],[-122.101039915298,47.5221796458138],[-122.101089708016,47.52217918295],[-122.101161036944,47.5221881569243],[-122.101232267957,47.522192312384],[-122.10127504573,47.5221967329435],[-122.101310710644,47.5222012202326],[-122.101353389603,47.5222008222792],[-122.101410393996,47.5222051111979],[-122.10145317177,47.5222095317563],[-122.101495851627,47.5222091344096],[-122.101538629401,47.5222135549677],[-122.101574294315,47.5222180410421],[-122.101616973274,47.5222176436954],[-122.10170252972,47.5222264848098],[-122.101759533214,47.5222307737264],[-122.10180221397,47.5222303751666],[-122.101837877087,47.5222348624528],[-122.101880557843,47.5222344638929],[-122.101916222756,47.5222389511789],[-122.101958901715,47.5222385538324],[-122.102008793248,47.522242907658],[-122.102065798539,47.5222471959667],[-122.102115591257,47.5222467312836],[-122.102158368132,47.5222511518386],[-122.102208162647,47.5222506871556],[-122.102258052383,47.5222550415868],[-122.102307846897,47.5222545775105],[-122.102379175826,47.5222635508652],[-122.102428969442,47.5222630861823],[-122.102500199556,47.5222672416362],[-122.102557106033,47.5222667108301],[-122.102592771844,47.5222711968999],[-122.102649775339,47.5222754852062],[-122.102692553113,47.5222799051521],[-122.10273523297,47.5222795065926],[-122.102906149131,47.5222875511844],[-122.102941814045,47.5222920372525],[-122.102998818438,47.5222963243438],[-122.103034482453,47.5223008110178],[-122.103091388929,47.522300280212],[-122.103127053843,47.5223047662789],[-122.103226836908,47.5223134739189],[-122.103269517664,47.5223130759663],[-122.10330518078,47.5223175620323],[-122.103362088155,47.5223170312266],[-122.103426205409,47.5223212521927],[-122.103468886164,47.5223208530269],[-122.10350455018,47.5223253396988],[-122.103561456656,47.5223248088933],[-122.10359712157,47.5223292943516],[-122.104237321228,47.5223233153581],[-122.104287016928,47.5223180321744],[-122.104343923405,47.5223174995488],[-122.104393618206,47.5223122163645],[-122.104877323257,47.5223076957199],[-122.104920102828,47.5223121150565],[-122.104969895546,47.5223116491607],[-122.105005560459,47.5223161358334],[-122.105055353177,47.5223156699377],[-122.105091018989,47.5223201560033],[-122.105155038326,47.5223195572547],[-122.105190703239,47.5223240427134],[-122.105233383995,47.5223236441543],[-122.105269145028,47.5223329481131],[-122.105319037459,47.5223373007176],[-122.105368831075,47.5223368354288],[-122.105411706765,47.5223460732621],[-122.105582819657,47.5223637499863],[-122.105618485469,47.5223682354413],[-122.105661263243,47.522372654166],[-122.105711153877,47.5223770067673],[-122.105753933448,47.522381426098],[-122.105803922897,47.5223905978004],[-122.105910917637,47.5224040535505],[-122.105946681365,47.5224133587084],[-122.106003685758,47.5224176439699],[-122.106039448588,47.5224269479121],[-122.106082325176,47.5224361851229],[-122.106189614564,47.5224640975413],[-122.106431468886,47.5224618335858],[-122.106467133799,47.522466319639],[-122.106517025332,47.5224706716258],[-122.106566819847,47.5224702057315],[-122.106631035915,47.5224792421392],[-122.106673813689,47.5224836608547],[-122.106716691175,47.5224928986621],[-122.10675235519,47.522497384106],[-122.106795134761,47.5225018028199],[-122.106830897591,47.5225111061406],[-122.106866562504,47.5225155921895],[-122.106909439991,47.5225248293847],[-122.106945104904,47.5225293142192],[-122.106980867734,47.522538617535],[-122.107023745221,47.5225478547262],[-122.107059410134,47.5225523401653],[-122.107095173862,47.522561643477],[-122.107130838776,47.5225661295217],[-122.10723081947,47.5225844704337],[-122.107273696957,47.5225937076168],[-122.10732358849,47.5225980583798],[-122.107359450134,47.5226121807648],[-122.107395115048,47.5226166661986],[-122.10745942993,47.5226305216607],[-122.107509422074,47.5226396914997],[-122.107559509439,47.5226536804147],[-122.107602386926,47.522662916979],[-122.107659588949,47.5226768391583],[-122.107709579296,47.5226860095958],[-122.107773797161,47.5226950459663],[-122.107823787508,47.5227042164006],[-122.10788098953,47.5227181379624],[-122.107916753258,47.5227274418513],[-122.108002311501,47.5227362780267],[-122.108038074331,47.5227455813057],[-122.108080853901,47.5227499993921],[-122.108116518815,47.522754484814],[-122.108152282543,47.5227637880898],[-122.108187948354,47.5227682729039],[-122.108230824943,47.5227775100546],[-122.108302155668,47.5227864796801],[-122.108344935238,47.5227908971564],[-122.108394826771,47.5227952491163],[-122.108437802174,47.5228093035057],[-122.108487694605,47.5228136554642],[-122.10853057299,47.5228228920003],[-122.108587577383,47.5228271772284],[-122.108623244093,47.5228316614305],[-122.108680348199,47.522840764505],[-122.108716111927,47.5228500671589],[-122.10876600346,47.5228544185073],[-122.108808782132,47.5228588365845],[-122.108851659619,47.5228680731127],[-122.108908666707,47.5228723571238],[-122.108958657054,47.5228815269204],[-122.109065653591,47.5228949813314],[-122.109108432263,47.5228993987985],[-122.109179763887,47.5229083677966],[-122.10926551886,47.5229268408338],[-122.109301282588,47.5229361434724],[-122.10935828788,47.522940427478],[-122.109429816234,47.522959033962],[-122.109487019155,47.5229729554562],[-122.109544124159,47.5229820578996],[-122.109587100461,47.5229961116324],[-122.109622864189,47.5230054142588],[-122.109672855434,47.5230145840322],[-122.109758808037,47.5230426932964],[-122.109808898097,47.5230566808907],[-122.109859086972,47.5230754869135],[-122.109902063274,47.5230895412279],[-122.109937827002,47.5230988438377],[-122.109973689545,47.5231129648747],[-122.110016666745,47.5231270197856],[-122.110052530186,47.5231411414216],[-122.110095407672,47.5231503760803],[-122.110138483687,47.5231692500115],[-122.110188572849,47.523183237572],[-122.110231451234,47.5231924734364],[-122.110267313777,47.5232065944482],[-122.110310290078,47.5232206481208],[-122.110346054705,47.5232299507073],[-122.110388933988,47.5232391865635],[-122.110424698615,47.5232484891468],[-122.110474787777,47.5232624766861],[-122.110510552403,47.5232717798719],[-122.110553528704,47.5232858335271],[-122.110589195414,47.5232903182965],[-122.110625057957,47.523304439282],[-122.110682361489,47.5233231778808],[-122.110714916435,47.5233313557696],[-122.110753988658,47.5233466008166],[-122.110803979904,47.5233557705303],[-122.110846859187,47.5233650063644],[-122.110882623814,47.5233743083187],[-122.110932615059,47.5233834768143],[-122.110968379686,47.5233927799786],[-122.111012115962,47.5233993224024],[-122.111085757154,47.5234104460375],[-122.111127812682,47.5234166451109],[-122.111164700203,47.5234219069523],[-122.11119062109,47.5234237068004],[-122.111212154606,47.52342430311],[-122.11184928023,47.5235032027588],[-122.114204579361,47.5237132849913],[-122.115397082121,47.5237751485512],[-122.116748292937,47.5238351642816],[-122.117415847195,47.5238598796899],[-122.118528972121,47.5239226087186],[-122.119038552246,47.5239813619128],[-122.119536012301,47.5241908811132],[-122.121569887037,47.5254772040564],[-122.123766896728,47.5259243410308],[-122.126240751917,47.5260357071919],[-122.127888062722,47.5253946295645],[-122.130339921764,47.5252593886602],[-122.130670854826,47.525191219406],[-122.131018726522,47.5251657821618],[-122.130807418512,47.5255866306625],[-122.13075129896,47.5258769666811],[-122.13089213683,47.5264439966043],[-122.131128786314,47.5270421482908],[-122.131361969198,47.5275008465915],[-122.131429604255,47.5276717403399],[-122.131689663834,47.5279370001378],[-122.131948122616,47.5281378878519],[-122.132142154226,47.5282966257664],[-122.13234619756,47.5283621973127],[-122.132345981066,47.5283915465626],[-122.132751876742,47.5284004005874],[-122.132990947185,47.5284513453204],[-122.133245827977,47.5285021104611],[-122.133581613739,47.5286163826476],[-122.133902567417,47.5287737513204],[-122.13424210634,47.5290383104304],[-122.134424454461,47.5293583060178],[-122.134753487587,47.5298377073867],[-122.134871943033,47.5301370131119],[-122.135155286047,47.5308039403992],[-122.137377529414,47.5322420177225],[-122.137938960297,47.5326305737534],[-122.1391916933,47.5341855199323],[-122.139320707544,47.5343014670087],[-122.139369587574,47.5343649531934],[-122.139608126214,47.53444759544],[-122.139751017633,47.5344886660323],[-122.140256652357,47.5345362321402],[-122.140666937202,47.5345528476383],[-122.14120380006,47.5345893827933],[-122.143011788927,47.5346544558198],[-122.14570114636,47.5345591206001],[-122.146191845694,47.5345534523124],[-122.146555392991,47.5345277873215],[-122.146998327105,47.534511957225],[-122.147392444969,47.5344430515814],[-122.14819919318,47.5344122555881],[-122.1493053364,47.534324390748],[-122.149493661013,47.5342579035677],[-122.14958753496,47.5342138888562],[-122.149839465685,47.5341573741844],[-122.150014384739,47.5341875225878],[-122.150221256867,47.534228009327],[-122.150350576539,47.5343337447369],[-122.150464085862,47.5344396618821],[-122.150613345438,47.5347059936917],[-122.150779770022,47.5350257636544],[-122.150929000852,47.5352920955196],[-122.151123831962,47.5354828819911],[-122.151332338126,47.5355876966577],[-122.151621859752,47.5357665871735],[-122.15189448856,47.5359028319983],[-122.152165491416,47.5359747450628],[-122.15251510225,47.5360243257505],[-122.152753638196,47.5360644411211],[-122.153678058522,47.5361839422298],[-122.155305762698,47.5365945512325],[-122.157665406082,47.5371039276562],[-122.157769226176,47.5374463536893],[-122.158088188289,47.537517780076],[-122.158599787827,47.5376836112288],[-122.158747112431,47.5378644431348],[-122.158875286751,47.537916627971],[-122.158987617484,47.5379689983302],[-122.159115791804,47.5380211848817],[-122.159180836119,47.5380848600213],[-122.159229322686,47.5381654375017],[-122.159406006031,47.5388435352695],[-122.159441177769,47.5389726785433],[-122.159506580512,47.5390366921347],[-122.159555493779,47.539079306164],[-122.161178541987,47.5395786128482],[-122.161370661083,47.5396087563155],[-122.161529772483,47.5395961000153],[-122.161655906729,47.5395406451296],[-122.161734499435,47.5394965420677],[-122.161779288536,47.5393772601555],[-122.161803461302,47.5390746414186],[-122.161911164813,47.5382033037259],[-122.162035483564,47.537482447145],[-122.162116099276,47.536912391426],[-122.163716557549,47.5374949953991],[-122.164415194413,47.5374839438873],[-122.165122095778,47.5375624591188],[-122.165379478379,47.5376028407608],[-122.165524447601,47.5376337015906],[-122.165685727534,47.5376751663106],[-122.165895319761,47.537726989887],[-122.166040289882,47.5377578075854],[-122.166201260794,47.5377884785033],[-122.166603060152,47.5378380035014],[-122.16702169394,47.5379198888772],[-122.167328779426,47.5380247605307],[-122.167664625375,47.5381891442999],[-122.168031963563,47.5384294586182],[-122.168516503149,47.5387572922108],[-122.169037260112,47.5392181082267],[-122.169660495985,47.5398334048318],[-122.169796391324,47.5400096865536],[-122.169931400027,47.5401526056237],[-122.170016033005,47.5402516893119],[-122.170115936444,47.5403060797727],[-122.170263084081,47.540282113168],[-122.170409663084,47.540235919767],[-122.170507001833,47.5401903042515],[-122.170571228681,47.5401339828008],[-122.170716093699,47.5400211019976],[-122.170763621764,47.5399538379252],[-122.170842865748,47.5398417305416],[-122.170874552023,47.5397968866721],[-122.170939061841,47.5397516570726],[-122.171052811013,47.539705805233],[-122.171151289725,47.5397046463378],[-122.171446722266,47.5397011678329],[-122.171758855386,47.5397086312148],[-122.17213638496,47.5397041842352],[-122.172235719766,47.539736387685],[-122.172400706148,47.5397677748559],[-122.172585892945,47.5399346158777],[-122.172672637862,47.5399964063332],[-122.172802182113,47.5400625902996],[-122.172888822825,47.5401195619188],[-122.173004659683,47.5402099792069],[-122.173106472941,47.5403101731544],[-122.173164234613,47.5403481542635],[-122.173208287097,47.5404103693361],[-122.173324855183,47.5405345142402],[-122.173512999234,47.5406772263025],[-122.173920056432,47.5410683698784],[-122.1739637972,47.541116129529],[-122.173972166804,47.5411738786427],[-122.173965574966,47.5411980413187],[-122.17390979857,47.5412516097104],[-122.173867103441,47.5412520354144],[-122.173796468012,47.541276834791],[-122.173682928147,47.541292423311],[-122.173469662708,47.5413041835261],[-122.173363552809,47.5413341555986],[-122.173108219266,47.5413752511177],[-122.172882184276,47.5414546082883],[-122.172700619485,47.5416154550195],[-122.17267424405,47.5417121054491],[-122.172678213705,47.5418952041636],[-122.172701232136,47.5419720857975],[-122.172712110734,47.5421454768693],[-122.172734607244,47.5421982668816],[-122.172729997988,47.5423139785412],[-122.17271032129,47.5423912852557],[-122.172620634391,47.5425223008476],[-122.172371037489,47.5428284058766],[-122.17226648976,47.5429306523236],[-122.17208082955,47.5432313016752],[-122.172035401746,47.5434341688837],[-122.172044588816,47.5438581871206],[-122.171993714527,47.5441382183925],[-122.171991713979,47.5443743899426],[-122.171972662508,47.5444806063673],[-122.171889981569,47.5446067329759],[-122.171841211134,47.5446554117019],[-122.171763453862,47.5446802816271],[-122.17155697789,47.5446775129127],[-122.17144991937,47.5446641174504],[-122.171149053818,47.5445755348598],[-122.170897584827,47.5444671853868],[-122.170703987104,47.5444016339773],[-122.170560201861,47.5443355888922],[-122.170380837045,47.5442698966376],[-122.17030915418,47.5442465109392],[-122.170173840051,47.5442430339484],[-122.169976969765,47.5442861537122],[-122.169819904727,47.5443332931362],[-122.169537234552,47.5444276646329],[-122.169345179235,47.5445094111647],[-122.169191870952,47.5445853096652],[-122.169094163894,47.5446386441725],[-122.169003811343,47.5446856274407],[-122.16886584359,47.5447889562831],[-122.168751824922,47.5449092270057],[-122.168631766881,47.5451201821714],[-122.1685517746,47.545262707116],[-122.1685306058,47.5454158667597],[-122.168526017206,47.5455631690658],[-122.168537860595,47.5456989512452],[-122.168579299879,47.5458829819603],[-122.168620374447,47.5459811501272],[-122.168683406535,47.5460891860145],[-122.168787305681,47.5462857536271],[-122.168911532803,47.546516839097],[-122.16911858729,47.5467933296236],[-122.169317193121,47.547090165325],[-122.169504651758,47.5473343018719],[-122.169688799205,47.5476499911427],[-122.169770270113,47.5479628087127],[-122.169780217158,47.5483541550151],[-122.169733268506,47.5488116228105],[-122.169682878409,47.5491350362506],[-122.169658766728,47.5493389453136],[-122.169647665348,47.5494781361492],[-122.169651231659,47.5496171562393],[-122.169673385911,47.5497658897746],[-122.169747385531,47.5499338794737],[-122.169851496679,47.5500729086624],[-122.170005123864,47.5502641633834],[-122.170274291462,47.5505313812671],[-122.170680357819,47.5508743513701],[-122.171224993799,47.5513701662054],[-122.171340851318,47.5514605847031],[-122.171502126759,47.551675857609],[-122.171620490577,47.5518819176151],[-122.171717504137,47.5520881890128],[-122.17174785282,47.5521746381061],[-122.171757056959,47.5522709350024],[-122.171771814482,47.5522948852128],[-122.171776720182,47.5525213491509],[-122.171682069192,47.5530813418871],[-122.171683425648,47.5531439813998],[-122.171695867315,47.5533896478765],[-122.171730600675,47.5536784688906],[-122.171745358199,47.5537024190641],[-122.171746818859,47.5537698758717],[-122.171816096036,47.5540101593887],[-122.171846133004,47.5540821525007],[-122.171879092192,47.5542890603042],[-122.171901489887,47.5543370322275],[-122.171902324421,47.5543755791248],[-122.171971186576,47.5545965886297],[-122.171971917805,47.5546303179844],[-122.172002477592,47.5547264024211],[-122.172011787732,47.5548275180248],[-122.172034392938,47.5548851265379],[-122.172074471274,47.5550919632703],[-122.172120937531,47.5552650011487],[-122.172135695953,47.5552889512033],[-122.172174208525,47.5554235132646],[-122.172233865643,47.5555482252276],[-122.172315085921,47.5556823622487],[-122.172330365366,47.5557304050402],[-122.172499193842,47.5559648790079],[-122.172506939117,47.5559937181125],[-122.172535931344,47.5560175271852],[-122.172565552392,47.5560702468465],[-122.172682676536,47.5562184849547],[-122.172736407468,47.5562713456682],[-122.173867756516,47.5567566294306],[-122.17422275814,47.5570289768943],[-122.174449969923,47.558214367587],[-122.174534629851,47.5597394258045],[-122.174694067339,47.5600550464149],[-122.175003980722,47.5603381657972],[-122.175295077095,47.5604781172892],[-122.176642656921,47.560513411686],[-122.177246398453,47.5604550661671],[-122.177460282831,47.5605344732572],[-122.177541792367,47.5606376987178],[-122.177544416346,47.5607581573631],[-122.17749019673,47.5608840041446],[-122.177359667028,47.5611021801615],[-122.177299272393,47.5612714647024],[-122.17724442216,47.5613684007722],[-122.177119750371,47.5615286856905],[-122.177091695985,47.5615482429181],[-122.177022293943,47.561630865956],[-122.177008685365,47.5616599177421],[-122.176980735183,47.561684294049],[-122.176974141549,47.5617084569692],[-122.176884641499,47.5618491122103],[-122.176844026868,47.5619459065782],[-122.176831677728,47.5620327782801],[-122.176804880983,47.5621101571431],[-122.176766363918,47.5623033185964],[-122.176701679828,47.5626027675413],[-122.176591880548,47.5631195410325],[-122.176434198367,47.5637085839037],[-122.176410845763,47.5638488034048],[-122.176477988543,47.5640122927372],[-122.176615932041,47.5641323526556],[-122.1767813038,47.5642703428161],[-122.176982468931,47.5644018244005],[-122.179390880056,47.5660892816182],[-122.179520706377,47.5661650955288],[-122.179673064243,47.5662440248217],[-122.179829988245,47.5663065861682],[-122.179901812145,47.5663347843607],[-122.179973424043,47.5663533463542],[-122.180051945782,47.56636220003],[-122.180166063264,47.5663706966965],[-122.180305711765,47.5663734333526],[-122.180710298596,47.5663747237934],[-122.181006564773,47.5663590439345],[-122.181365111149,47.5663182862197],[-122.181615336871,47.5662605581415],[-122.18192752928,47.5661655877045],[-122.182185325106,47.5660530084427],[-122.182433973386,47.5659344518869],[-122.182735913323,47.5657909248507],[-122.183099342941,47.5655919058458],[-122.1840639503,47.5650162392596],[-122.184039216087,47.565045102477],[-122.184025505999,47.5650693384024],[-122.183983846628,47.5651179508442],[-122.183963122494,47.5651470752517],[-122.18392805496,47.5651715238848],[-122.183907225724,47.5651958300639],[-122.183851328055,47.5652445854369],[-122.183809670481,47.565293197716],[-122.183781616094,47.565312757175],[-122.18376790421,47.5653369917644],[-122.183711797234,47.5653761106424],[-122.18368384795,47.5654004882507],[-122.183663017815,47.5654247937174],[-122.183634963429,47.5654443537335],[-122.183614239296,47.5654734779595],[-122.183558341627,47.5655222330741],[-122.183530287241,47.5655417918414],[-122.183488627869,47.5655904044508],[-122.183404780917,47.5656635369425],[-122.183321460378,47.5657607612841],[-122.183293511993,47.5657851387134],[-122.183251851723,47.5658337504908],[-122.183223797337,47.565853309748],[-122.183181608858,47.5658778301811],[-122.183105091261,47.5659605282182],[-122.183070127931,47.5659897952039],[-122.182930908825,47.5661357740896],[-122.182867996213,47.5661894188245],[-122.182847166078,47.5662137251374],[-122.182833453295,47.56623795931],[-122.182805399807,47.5662575184162],[-122.182777554728,47.5662867143191],[-122.182756829696,47.5663158386828],[-122.182680416303,47.5664033541164],[-122.182666705317,47.5664275882011],[-122.182638754237,47.5664519659262],[-122.182625043251,47.5664762012008],[-122.182604212218,47.5665005067744],[-122.182576263833,47.5665248838595],[-122.182520679676,47.566588094028],[-122.182458397681,47.5666706485051],[-122.182430975708,47.5667191170223],[-122.182403024628,47.5667434946116],[-122.182291647008,47.566860276436],[-122.182234300357,47.5669353303699],[-122.182183217658,47.5670034974831],[-122.182116891447,47.5671632505672],[-122.182056538135,47.5673269071467],[-122.182018583416,47.5674485686979],[-122.181994380107,47.5675343014821],[-122.181973213104,47.5676239702102],[-122.181942726978,47.5676938795998],[-122.181877174217,47.5677701657714],[-122.181802866475,47.5678485441178],[-122.18175451196,47.5679087294244],[-122.181711924629,47.5679648725348],[-122.181689729055,47.5680148126928],[-122.181682003544,47.5680566334095],[-122.181689160421,47.5681062243633],[-122.181714527048,47.5681480274299],[-122.181736411805,47.5681719055302],[-122.181772429757,47.568190822656],[-122.181830230057,47.5682287993213],[-122.181866248907,47.5682477158203],[-122.18192404741,47.5682856918383],[-122.181959961157,47.5682997904037],[-122.18198885996,47.5683187790034],[-122.1820966012,47.5683610746615],[-122.182168216691,47.5683796347248],[-122.182203920232,47.5683840962424],[-122.182239728876,47.5683933768769],[-122.182262529016,47.5683931477704],[-122.182580938665,47.5685094380057],[-122.183014733319,47.5687250899893],[-122.183468917934,47.5689404986468],[-122.183819750476,47.5691019325821],[-122.184487803299,47.5693078961804],[-122.184857595684,47.5694139014598],[-122.185552471302,47.5694746401456],[-122.185963035523,47.5695801571865],[-122.186190853669,47.5697154468196],[-122.186439417508,47.5698642899831],[-122.186647211308,47.5700136175902],[-122.186813519111,47.570135838375],[-122.186940491485,47.5703137279367],[-122.187004157784,47.5704095696665],[-122.187027769103,47.570533489574],[-122.187051023791,47.5706436136894],[-122.187306766966,47.5710683693851],[-122.187733854798,47.5718084859777],[-122.187922350091,47.5719994419734],[-122.188275011603,47.5722298407276],[-122.188503565469,47.5723927184517],[-122.188691349296,47.5725560799063],[-122.188919188104,47.5726913654882],[-122.189145948933,47.5727852622911],[-122.189412406314,47.5728372850911],[-122.189699249164,47.5728890642072],[-122.189892182134,47.5727985220829],[-122.190100469109,47.5728783510609],[-122.190300999132,47.572929341666],[-122.19058038327,47.5730036335846],[-122.19084839833,47.5730995516022],[-122.190864237425,47.5731077671819],[-122.190686619832,47.5731538910073],[-122.190786581662,47.573172682094],[-122.190847972528,47.5732024498862],[-122.190852808159,47.573268654346],[-122.190900106256,47.5732943846103],[-122.190958901889,47.5732842169878],[-122.190977794358,47.573293456755],[-122.190918837028,47.5733272922521],[-122.191001706613,47.5735250897794],[-122.19092446138,47.5735728162185],[-122.19082433426,47.573547716981],[-122.19067451144,47.573499494776],[-122.190608606539,47.5735146379677],[-122.190527565026,47.5735512592984],[-122.190433908471,47.5735955009735],[-122.19030181031,47.5735960251996],[-122.190151036175,47.5735657455255],[-122.189989554121,47.5735718786714],[-122.189789165134,47.5735164215514],[-122.189695585834,47.5734860509247],[-122.189616884432,47.5734958633668],[-122.189537704228,47.5735588633106],[-122.189577479832,47.5735941488942],[-122.189550049775,47.5737643384884],[-122.189477741683,47.5738524996345],[-122.189405104807,47.5739280423178],[-122.189391561806,47.5739750078128],[-122.189369103924,47.5740078810888],[-122.189267525126,47.5740331437356],[-122.189219126594,47.5740662242395],[-122.189218799607,47.5740659060705],[-122.189139966153,47.5741189105881],[-122.189011484609,47.5742710101841],[-122.18893829527,47.5745120741848],[-122.188928669821,47.57485455098],[-122.188928584482,47.5750698714006],[-122.188830304298,47.575146104407],[-122.188834036798,47.5752894579381],[-122.188378196588,47.5752805518354],[-122.188355931844,47.5756464813565],[-122.18675537296,47.5756225230335],[-122.186735466293,47.575264264984],[-122.186178814447,47.5752493792519],[-122.185961231706,47.5752470612152],[-122.185860861142,47.5752459915852],[-122.185738101867,47.575255412813],[-122.185734201382,47.5753405183121],[-122.185522681371,47.575342875736],[-122.185348377663,47.5753465748915],[-122.185094068199,47.5753734004272],[-122.18491054598,47.575417233923],[-122.184805985674,47.575454178144],[-122.184464849547,47.5755236861993],[-122.184229046276,47.575585991024],[-122.184045985791,47.5756476685458],[-122.183845188969,47.5757036064047],[-122.1836795558,47.5757591272643],[-122.183496031784,47.5758029586191],[-122.183277961257,47.5758710002601],[-122.183103227256,47.5759147278927],[-122.182893174193,47.5759529219706],[-122.182751753317,47.5759248489473],[-122.182675919337,47.5758319122489],[-122.182638067924,47.5757828552385],[-122.182611714947,47.5757431817492],[-122.182548101648,47.5756772919111],[-122.182495741545,47.575611269878],[-122.182369800438,47.5755289834152],[-122.182275984881,47.5754920144002],[-122.18215675329,47.5754515383196],[-122.182102617217,47.5754255224675]]]},"properties":{"OBJECTID":20,"SD_BASIN_ID":27,"BASIN":"COAL CREEK","TYPE":"BASIN","BASIN_NO":84,"SYMBOL":13,"SysChangeUser":"gisdba_cobgis","SysCreateDate":"Fri, 02 Oct 2026 19:14:30 GMT","SysChangeDate":"Fri, 02 Oct 2026 19:14:30 GMT","SysCreateUser":"gisdba_cobgis"}},{"type":"Feature","id":21,"geometry":{"type":"Polygon","coordinates":[[[-122.190864237425,47.5731077671819],[-122.19084839833,47.5730995516022],[-122.19058038327,47.5730036335846],[-122.190300999132,47.572929341666],[-122.190100469109,47.5728783510609],[-122.189892182134,47.5727985220829],[-122.189699249164,47.5728890642072],[-122.189412406314,47.5728372850911],[-122.189145948933,47.5727852622911],[-122.188919188104,47.5726913654882],[-122.188691349296,47.5725560799063],[-122.188503565469,47.5723927184517],[-122.188275011603,47.5722298407276],[-122.187922350091,47.5719994419734],[-122.187733854798,47.5718084859777],[-122.187306766966,47.5710683693851],[-122.187051023791,47.5706436136894],[-122.187027769103,47.570533489574],[-122.187004157784,47.5704095696665],[-122.186940491485,47.5703137279367],[-122.186813519111,47.570135838375],[-122.186647211308,47.5700136175902],[-122.186439417508,47.5698642899831],[-122.186190853669,47.5697154468196],[-122.185963035523,47.5695801571865],[-122.185552471302,47.5694746401456],[-122.184857595684,47.5694139014598],[-122.184487803299,47.5693078961804],[-122.183819750476,47.5691019325821],[-122.183468917934,47.5689404986468],[-122.183014733319,47.5687250899893],[-122.182580938665,47.5685094380057],[-122.182262529016,47.5683931477704],[-122.182239728876,47.5683933768769],[-122.182203920232,47.5683840962424],[-122.182168216691,47.5683796347248],[-122.1820966012,47.5683610746615],[-122.18198885996,47.5683187790034],[-122.181959961157,47.5682997904037],[-122.18192404741,47.5682856918383],[-122.181866248907,47.5682477158203],[-122.181830230057,47.5682287993213],[-122.181772429757,47.568190822656],[-122.181736411805,47.5681719055302],[-122.181714527048,47.5681480274299],[-122.181689160421,47.5681062243633],[-122.181682003544,47.5680566334095],[-122.181689729055,47.5680148126928],[-122.181711924629,47.5679648725348],[-122.18175451196,47.5679087294244],[-122.181802866475,47.5678485441178],[-122.181877174217,47.5677701657714],[-122.181942726978,47.5676938795998],[-122.181973213104,47.5676239702102],[-122.181994380107,47.5675343014821],[-122.182018583416,47.5674485686979],[-122.182056538135,47.5673269071467],[-122.182116891447,47.5671632505672],[-122.182183217658,47.5670034974831],[-122.182234300357,47.5669353303699],[-122.182291647008,47.566860276436],[-122.182403024628,47.5667434946116],[-122.182430975708,47.5667191170223],[-122.182458397681,47.5666706485051],[-122.182520679676,47.566588094028],[-122.182576263833,47.5665248838595],[-122.182604212218,47.5665005067744],[-122.182625043251,47.5664762012008],[-122.182638754237,47.5664519659262],[-122.182666705317,47.5664275882011],[-122.182680416303,47.5664033541164],[-122.182756829696,47.5663158386828],[-122.182777554728,47.5662867143191],[-122.182805399807,47.5662575184162],[-122.182833453295,47.56623795931],[-122.182847166078,47.5662137251374],[-122.182867996213,47.5661894188245],[-122.182930908825,47.5661357740896],[-122.183070127931,47.5659897952039],[-122.183105091261,47.5659605282182],[-122.183181608858,47.5658778301811],[-122.183223797337,47.565853309748],[-122.183251851723,47.5658337504908],[-122.183293511993,47.5657851387134],[-122.183321460378,47.5657607612841],[-122.183404780917,47.5656635369425],[-122.183488627869,47.5655904044508],[-122.183530287241,47.5655417918414],[-122.183558341627,47.5655222330741],[-122.183614239296,47.5654734779595],[-122.183634963429,47.5654443537335],[-122.183663017815,47.5654247937174],[-122.18368384795,47.5654004882507],[-122.183711797234,47.5653761106424],[-122.18376790421,47.5653369917644],[-122.183781616094,47.565312757175],[-122.183809670481,47.565293197716],[-122.183851328055,47.5652445854369],[-122.183907225724,47.5651958300639],[-122.18392805496,47.5651715238848],[-122.183963122494,47.5651470752517],[-122.183983846628,47.5651179508442],[-122.184025505999,47.5650693384024],[-122.184039216087,47.565045102477],[-122.1840639503,47.5650162392596],[-122.184108611841,47.5649624763378],[-122.184198414623,47.5648362702124],[-122.184519468912,47.5643546005871],[-122.184510264774,47.5643588363542],[-122.184616911866,47.5638989469119],[-122.184811799571,47.5635755948835],[-122.185148760329,47.563140519724],[-122.185158191741,47.5631129362798],[-122.185188031079,47.5629734640287],[-122.185180233703,47.5628504415451],[-122.185131337504,47.5627034624193],[-122.18510107416,47.5625653765998],[-122.18508048118,47.5624572728389],[-122.185067062147,47.562282871183],[-122.185054874703,47.5620788682146],[-122.185066113526,47.5619036627205],[-122.185106348169,47.5617406620555],[-122.185287419784,47.5615218115927],[-122.185389103684,47.5613279834867],[-122.185412025097,47.5611832460065],[-122.18541833666,47.5610838496891],[-122.185419658082,47.5609634469558],[-122.185412167031,47.5608461585467],[-122.185400777292,47.5607499834919],[-122.185380107057,47.5606388716989],[-122.185324191422,47.5605402169348],[-122.185259538773,47.5604476863627],[-122.185176600017,47.5603358101226],[-122.18508504552,47.5602345693603],[-122.184960112322,47.5600464456703],[-122.18491534478,47.5598633867179],[-122.184912065031,47.559737019182],[-122.184936158745,47.5596374134054],[-122.184951829855,47.5595559656847],[-122.184980523842,47.5594623246246],[-122.185016311825,47.5592993763783],[-122.185040795408,47.5592148140406],[-122.185062767301,47.5591165597242],[-122.185062027988,47.5590828308323],[-122.185031231045,47.5589771125998],[-122.185016255231,47.5589435272903],[-122.185008396769,47.5589098704262],[-122.185007763456,47.558880959575],[-122.184969003847,47.5587367663828],[-122.184968370535,47.5587078560422],[-122.184929610027,47.5585636623736],[-122.184928871612,47.5585299331258],[-122.184905509126,47.558438598707],[-122.184904875814,47.5584096888081],[-122.184881725331,47.5583279912354],[-122.184881092917,47.5582990806693],[-122.184873445559,47.5582750604567],[-122.184872601142,47.5582365133968],[-122.184654431801,47.5577899368575],[-122.18458347747,47.5573937408567],[-122.184677470893,47.5571188024328],[-122.184969392817,47.5566772190397],[-122.185002726603,47.5564030013137],[-122.184855512491,47.5561856956929],[-122.184506116354,47.5559707929353],[-122.184328116977,47.5556851231069],[-122.18431785642,47.5556636867429],[-122.184286852865,47.5555483319277],[-122.184249890784,47.5554860499461],[-122.184241929914,47.5554475741909],[-122.184197428273,47.5553660908568],[-122.184189677609,47.5553372526192],[-122.184167691342,47.5553085562291],[-122.184159940678,47.5552797179599],[-122.18413784841,47.5552462036371],[-122.184114700622,47.5551645053755],[-122.184099832606,47.5551357379589],[-122.184092081043,47.5551068989884],[-122.184077319028,47.5550829506693],[-122.184061816801,47.5550252732604],[-122.184047053888,47.5550013236916],[-122.18403144566,47.5549388276571],[-122.184001497625,47.5548716560832],[-122.183970917176,47.5547755749443],[-122.183956048261,47.5547468073141],[-122.18394044183,47.5546843115824],[-122.183925572915,47.5546555439022],[-122.183902637129,47.5545834824641],[-122.183887874216,47.5545595339059],[-122.183880230451,47.5545355125852],[-122.183850703726,47.5544876148076],[-122.183842953062,47.5544587766928],[-122.183828191047,47.554434826865],[-122.183798031908,47.5543580186798],[-122.183776046539,47.5543293223597],[-122.183775412329,47.5543004132248],[-122.183760545211,47.5542716459401],[-122.183745148985,47.5542187862406],[-122.183707873393,47.5541420492782],[-122.183700123627,47.5541132109733],[-122.183685360713,47.5540892615938],[-122.183662425826,47.5540172005895],[-122.183632688895,47.5539596650871],[-122.183563146715,47.5537097525294],[-122.183538946102,47.5535798707419],[-122.183535570233,47.5534256824602],[-122.183542054273,47.5533967012863],[-122.183541210755,47.5533581536689],[-122.183559398046,47.5532133887151],[-122.183554018934,47.5529676510836],[-122.183546163167,47.5529339940186],[-122.183545529854,47.552905084114],[-122.183529924321,47.5528425880046],[-122.183529291907,47.5528136774433],[-122.183505934812,47.5527223427608],[-122.183505196396,47.5526886139968],[-122.183490329279,47.5526598470399],[-122.183474828848,47.5526021693891],[-122.183474090433,47.5525684405477],[-122.183459328418,47.5525444916748],[-122.183451473549,47.5525108349443],[-122.183421843518,47.5524581177648],[-122.183413987751,47.5524244603725],[-122.183399225736,47.5524005114339],[-122.183346833293,47.552294233453],[-122.183290366991,47.5521968774119],[-122.183231161726,47.5521033984177],[-122.183183806137,47.5520289992485],[-122.183142328226,47.5519622186409],[-122.183032880186,47.5517924523323],[-122.182950870289,47.5516954003256],[-122.182889424625,47.551625012438],[-122.182828427221,47.5515719184636],[-122.182755877482,47.5515112730027],[-122.182680838511,47.5514641109316],[-122.18258857165,47.5514094658826],[-122.182473399546,47.5513474039188],[-122.182412950114,47.5513154464836],[-122.182162837579,47.5512032318294],[-122.181861495022,47.55109540535],[-122.181754000819,47.5510627468754],[-122.181559836258,47.5509731225553],[-122.181502057517,47.5509351455062],[-122.181423030925,47.5509022013624],[-122.181243525074,47.5508317075186],[-122.181207729006,47.5508224274107],[-122.181164605381,47.5508035810136],[-122.181128809314,47.5507943009006],[-122.181092802142,47.550775384162],[-122.181057112076,47.5507709217508],[-122.181021316008,47.5507616416321],[-122.180655187851,47.550620723197],[-122.180583280408,47.5505877073112],[-122.180540367887,47.5505784980981],[-122.180511478067,47.5505595097371],[-122.18036777008,47.5504982955995],[-122.18029565243,47.5504556423474],[-122.180214171641,47.5504067398227],[-122.180150367899,47.5503650299154],[-122.180044268779,47.5502643683168],[-122.179941853651,47.5501848965505],[-122.17985462005,47.5500861341872],[-122.17943116231,47.5497195719465],[-122.179046492027,47.5494697992369],[-122.178775222371,47.5492612353325],[-122.17858240708,47.5490623311856],[-122.178515765561,47.5489042885278],[-122.178496030472,47.5487456899957],[-122.178491657473,47.5485763213288],[-122.178593912702,47.5461767570658],[-122.178573360147,47.5459864030348],[-122.178548144437,47.5458703817474],[-122.178510400822,47.5457519408111],[-122.178459201342,47.5456160459849],[-122.178388264079,47.5454803327166],[-122.178170782847,47.5452340706971],[-122.178041611397,47.5450767677904],[-122.177988699729,47.5448444407871],[-122.177783431093,47.543294985647],[-122.17776980904,47.5429963171494],[-122.17775358367,47.5429049095695],[-122.177623798671,47.5425013733279],[-122.177612904801,47.5423279822203],[-122.177582028806,47.5422174444381],[-122.177528231399,47.5420348428899],[-122.177367046688,47.5418017838094],[-122.177158341996,47.5415614770648],[-122.177089359467,47.5414611375438],[-122.17703307193,47.5413381694597],[-122.176998566741,47.5411587442938],[-122.176977956694,47.5409511454851],[-122.176966856212,47.5407681168505],[-122.176995618471,47.5404545662316],[-122.177068333499,47.540198410984],[-122.177219530742,47.5399511126241],[-122.177421687613,47.5397563169064],[-122.17761735775,47.5395905032249],[-122.177735175393,47.5394447438914],[-122.177874339702,47.5392987712927],[-122.177929058781,47.5391970168622],[-122.177935417056,47.5391404220529],[-122.178333485711,47.538965000376],[-122.178671154342,47.5387002742342],[-122.179021659898,47.537870944334],[-122.179095580466,47.5378600160117],[-122.179591027396,47.5377345760542],[-122.179661549638,47.537704953669],[-122.179731337057,47.5376416031294],[-122.179758643147,47.5375883160846],[-122.179824750168,47.5373563215896],[-122.179875438507,47.5367437474607],[-122.179933483149,47.5364684587167],[-122.17999257882,47.5362413541185],[-122.180047082303,47.5361299623218],[-122.1801434356,47.5359795950595],[-122.180170484772,47.5358616266624],[-122.180246277429,47.5356867459127],[-122.18030544227,47.5354902556075],[-122.180396703018,47.5352933849065],[-122.18042630071,47.535195139109],[-122.180520091114,47.5350961762595],[-122.180581222368,47.5349757926569],[-122.180660385504,47.5349313691679],[-122.180756140523,47.5349084699536],[-122.180820082605,47.5348968296018],[-122.180916995553,47.5349174441762],[-122.18106372188,47.5350027171047],[-122.181243982316,47.5351419575325],[-122.181375521725,47.535260055517],[-122.181571566459,47.5353882269329],[-122.181768456508,47.5355490340531],[-122.181934657412,47.5357645712358],[-122.182212368887,47.5359461824123],[-122.182375445451,47.5360421409937],[-122.18250586466,47.5361167229655],[-122.182619687495,47.5361697379857],[-122.182732072127,47.5361684037412],[-122.18284333117,47.5361235973637],[-122.182890083989,47.5360686755364],[-122.182919114844,47.5359486720018],[-122.18294811336,47.5358286694056],[-122.182976580971,47.535686952116],[-122.182974046824,47.5355890879263],[-122.183001637679,47.5354147345147],[-122.182997414699,47.5352516417457],[-122.183017152482,47.5347728599672],[-122.182998836732,47.5346860637636],[-122.182996303483,47.5345881995253],[-122.182994050508,47.5345012137899],[-122.18302389344,47.5344138470313],[-122.183117426926,47.5343040021636],[-122.183195709713,47.5342269412854],[-122.183274585388,47.534171595349],[-122.183416557831,47.5340720137583],[-122.183511748708,47.5340273978498],[-122.183687222921,47.5339817848172],[-122.183830321851,47.5339257174928],[-122.183990015359,47.5338912166868],[-122.1841018619,47.5338681229378],[-122.184245772907,47.5338446482956],[-122.184390279496,47.5338429300764],[-122.184534503117,47.5338303330345],[-122.184709695259,47.5337738828451],[-122.184837291962,47.5337397191548],[-122.184995855389,47.5336617022038],[-122.185042038676,47.5335850224796],[-122.185103157353,47.5334646360143],[-122.185099774298,47.5333341794282],[-122.185048514631,47.5332151309524],[-122.184997820005,47.5331178820028],[-122.18492993342,47.5329772673034],[-122.184112939026,47.531077118424],[-122.183853066295,47.5303308110188],[-122.183514175956,47.5296289270774],[-122.183425588594,47.5293041650188],[-122.183352187252,47.5289466189082],[-122.183206514649,47.5282749980503],[-122.182975355669,47.5273980641692],[-122.182481001988,47.525644533971],[-122.182345184802,47.5253529349381],[-122.182220058466,47.5248548376369],[-122.182179010848,47.5245077889074],[-122.182059224098,47.5242159554689],[-122.182083416627,47.5239115749713],[-122.182105811627,47.5238702225113],[-122.182166205363,47.523751304207],[-122.182348152836,47.52342675629],[-122.182486443084,47.5232531880577],[-122.182736842181,47.5231212586618],[-122.183350889187,47.5229420368615],[-122.183508630656,47.5229079449767],[-122.184156887304,47.5228250073161],[-122.184518863448,47.5227132533746],[-122.184676325541,47.5226684106289],[-122.184801799525,47.5226131932329],[-122.1848952854,47.5225476035804],[-122.185005724281,47.522524782674],[-122.185243896409,47.5225327022618],[-122.18541861963,47.5225413758926],[-122.185641726112,47.5225816902396],[-122.185875988772,47.522618102702],[-122.187006592219,47.5226046354807],[-122.187536891985,47.5224599772878],[-122.187942421149,47.5223487655067],[-122.188050682514,47.5222836383863],[-122.1882682949,47.5221959164109],[-122.188455360075,47.5221404746685],[-122.188689514038,47.5220844711211],[-122.188860852407,47.5220292591769],[-122.189063612049,47.521973629807],[-122.18918756788,47.5219083153758],[-122.18929389068,47.5217687079787],[-122.189495805006,47.5216811701683],[-122.189636579096,47.5216582396893],[-122.189731077373,47.5216677360718],[-122.189857799116,47.5217087657146],[-122.189921999015,47.5217612086781],[-122.190050105063,47.5218554321385],[-122.190198354034,47.5221196688342],[-122.190540835838,47.5226050504168],[-122.190821630331,47.5231336690087],[-122.191063558315,47.5233754930529],[-122.191294487327,47.5237983711013],[-122.193022375216,47.5237989528478],[-122.193115185558,47.52394294917],[-122.193426952166,47.5242846974192],[-122.193593048865,47.5245418196982],[-122.193742947143,47.5247883390576],[-122.193714283699,47.525522871194],[-122.193795941457,47.5255974669134],[-122.193925951035,47.5256930774411],[-122.194055678541,47.5257778934381],[-122.194255205146,47.5267040259695],[-122.194376608863,47.5270804416943],[-122.194539901022,47.5272296322365],[-122.194717719838,47.5273246683936],[-122.194958730642,47.5273973538684],[-122.195135140899,47.527438424523],[-122.195390394492,47.5274461613964],[-122.195661302127,47.5274429131835],[-122.195853930569,47.5274946273772],[-122.195919645925,47.5275694131832],[-122.195889467023,47.5276345525451],[-122.195860137927,47.5277320706692],[-122.196039249419,47.529705684159],[-122.196084709562,47.5310713393707],[-122.196090044656,47.5312754193854],[-122.195698191445,47.531752070225],[-122.19547621145,47.5320307650937],[-122.195432047575,47.5322900625926],[-122.195639830596,47.5324428749977],[-122.195945867748,47.5324564282448],[-122.19632649651,47.5324001094039],[-122.196655749723,47.5323271397328],[-122.196984083061,47.5322196923152],[-122.197238296405,47.5321994181515],[-122.197719881433,47.5321073524731],[-122.198226028196,47.5319805001109],[-122.198757645791,47.5318533829971],[-122.199287887168,47.5316744833771],[-122.199540738666,47.5316024237008],[-122.199891819143,47.5313911866914],[-122.200091470614,47.5312335250323],[-122.200266554957,47.5311106457758],[-122.201070791478,47.5308440409609],[-122.201034706153,47.5308936155821],[-122.201009464392,47.5309290506051],[-122.200984413074,47.5309645680929],[-122.200959361756,47.5310000867697],[-122.200934151436,47.5310355635717],[-122.200908622213,47.5310709160102],[-122.200882611494,47.5311060597774],[-122.20085593153,47.5311409554491],[-122.200828436795,47.5311756024192],[-122.200799952115,47.5312098763491],[-122.200770722732,47.5312440307699],[-122.200741103481,47.53127844719],[-122.200711111429,47.5313130819387],[-122.200680759152,47.5313478931648],[-122.200650079888,47.5313829215057],[-122.200619060163,47.5314181687804],[-122.200598217452,47.5314417257838],[-122.200577235502,47.5314654125738],[-122.200556129584,47.5314891448428],[-122.200534897902,47.5315129207711],[-122.200513542253,47.5315368264856],[-122.200492092281,47.5315607340089],[-122.200470518341,47.5315847713183],[-122.200436712042,47.5316105172046],[-122.200419677289,47.5316299612601],[-122.198801336254,47.5334770178343],[-122.198727557619,47.5337223379921],[-122.199442076698,47.5334421558619],[-122.201661744595,47.5341882467461],[-122.201663726278,47.5342637162336],[-122.201632104682,47.5343840086771],[-122.201552256131,47.5344738323943],[-122.20145178316,47.534500737692],[-122.201325685745,47.5345151031091],[-122.200952144691,47.5344981867778],[-122.200832145938,47.5345039139015],[-122.200852794613,47.534567903837],[-122.201261949378,47.5346165100081],[-122.201392555437,47.5346534799736],[-122.201425569422,47.5347066147392],[-122.201396658043,47.5348097437009],[-122.201261978124,47.5348584721588],[-122.201047600571,47.5348824655023],[-122.200961006571,47.5349563110266],[-122.200946746714,47.5350153672358],[-122.200483586133,47.5350776844614],[-122.200571582404,47.5352982464894],[-122.200516202165,47.53535672676],[-122.200071774153,47.5356511436833],[-122.199445773265,47.5360151922141],[-122.199164019371,47.5362434118845],[-122.198936523721,47.5363703394476],[-122.198703434261,47.5365251704267],[-122.198417539133,47.5368369469768],[-122.198330517535,47.5368947353726],[-122.198139519536,47.5369666209987],[-122.197974592443,47.5370681705277],[-122.198096225231,47.537124523169],[-122.197981215722,47.5372903931661],[-122.197806027173,47.5373617730679],[-122.197640170324,47.5374889932696],[-122.197473294785,47.5374270500633],[-122.197251974154,47.5376078792153],[-122.197162377984,47.5376881814907],[-122.19704553142,47.5376938664204],[-122.196898554463,47.537635674398],[-122.196711518035,47.5374965958457],[-122.196456782769,47.5375245117727],[-122.196360280352,47.5374868912808],[-122.19631974118,47.5375501346641],[-122.19648361904,47.5376085341901],[-122.196449790283,47.5377084414032],[-122.196474714041,47.5377587669994],[-122.196691259228,47.5377641632483],[-122.19679710143,47.537867077576],[-122.196821081956,47.5379432288815],[-122.19635463983,47.5379965792433],[-122.196266229436,47.5380618766743],[-122.196248733848,47.538178785502],[-122.196285857625,47.5382682734162],[-122.196153277968,47.5384582940307],[-122.19604457014,47.5385334723423],[-122.19604041094,47.5385859815682],[-122.196094773388,47.5386253078116],[-122.196047006371,47.5386870773717],[-122.195907085681,47.5386871495387],[-122.195905086929,47.5387316044132],[-122.196038838889,47.5387374954211],[-122.195968814314,47.5389779746043],[-122.195962778533,47.5391708823337],[-122.195988482029,47.5392215964668],[-122.196015658761,47.5394133559206],[-122.196087907564,47.5395490509355],[-122.19608139927,47.5396391690223],[-122.19617041423,47.5399074714019],[-122.196193063453,47.5400955315537],[-122.196227216502,47.5401303884965],[-122.196299389847,47.5403478692431],[-122.196327579879,47.5404822622707],[-122.196311687783,47.5405638196864],[-122.196382642114,47.5407237898386],[-122.19647251766,47.5409264205442],[-122.196499974667,47.5409839988566],[-122.19654675713,47.5410779797856],[-122.196577757092,47.5411616459994],[-122.196625678619,47.5412991308728],[-122.196677815042,47.5414283129727],[-122.196740993556,47.5416406502108],[-122.196763584388,47.5418264616439],[-122.196771353019,47.5419539250973],[-122.196775710746,47.5421204468631],[-122.196817123979,47.5422632637609],[-122.196860105671,47.5423813008323],[-122.196894401552,47.5425061954328],[-122.196933170144,47.5427173233903],[-122.196944057726,47.5428792656454],[-122.19694194399,47.542967830485],[-122.196926298931,47.5430475533268],[-122.196865797396,47.5431915932203],[-122.196822959435,47.5433331701606],[-122.19681319924,47.5434683462686],[-122.196804908688,47.5435749938527],[-122.196784855596,47.5437403067905],[-122.196782232515,47.5438941573108],[-122.19679645105,47.5440140401814],[-122.196816218478,47.5440918379848],[-122.196819729094,47.5441413176139],[-122.196812671929,47.5442104324485],[-122.196800713556,47.5442615989181],[-122.196784048011,47.5443023167927],[-122.196785205939,47.5443465734707],[-122.196795206883,47.5443899720841],[-122.196802914428,47.5444303975842],[-122.196796053994,47.5445070141511],[-122.196783977044,47.544553679189],[-122.196775136723,47.5446393233145],[-122.196776511145,47.5446918306697],[-122.196794493621,47.5447861572557],[-122.19680508386,47.5448520592751],[-122.196809261924,47.5449270422619],[-122.196811264269,47.545003552594],[-122.196803088701,47.5450299116046],[-122.196774639056,47.545043759327],[-122.196734912859,47.5450502390193],[-122.196692816009,47.5450507441272],[-122.196646207818,47.5450483010542],[-122.196595404496,47.5450549135414],[-122.196571287425,47.54506495688],[-122.196560896613,47.5450913437528],[-122.196559525783,47.5452084115404],[-122.196548490878,47.5453796205034],[-122.19655420057,47.5455131110921],[-122.196552617739,47.5457067163492],[-122.196546502008,47.545811836195],[-122.196549413448,47.5458759960582],[-122.196555044987,47.5459149615053],[-122.196576445552,47.5459396859125],[-122.19660690383,47.5459580562457],[-122.196657111569,47.5460261530306],[-122.196698385563,47.5461052848713],[-122.196728692026,47.5461619097564],[-122.196751857781,47.5462100328263],[-122.196758861047,47.5462353204013],[-122.196762912449,47.5462579108834],[-122.196764635417,47.5462797488657],[-122.196760699,47.5463055584809],[-122.196755671129,47.5463337225686],[-122.196759666835,47.5463762209161],[-122.196768408341,47.5464018770757],[-122.196787825426,47.5464168668108],[-122.196805421626,47.5464283657497],[-122.196818549606,47.5464453831315],[-122.196826058623,47.5464679328972],[-122.196846297667,47.5465363879818],[-122.196864415787,47.5466118942682],[-122.196890955614,47.5467228205517],[-122.196899893851,47.5467999988878],[-122.196912065125,47.5468685511612],[-122.196924460978,47.546945688051],[-122.196945716914,47.5470309153446],[-122.196958346329,47.5470729201654],[-122.196974312086,47.5471101996809],[-122.196986997196,47.547132296825],[-122.196999197216,47.5471579125956],[-122.197008527119,47.5471839521904],[-122.197013914315,47.5472135528486],[-122.197016047814,47.5472509990094],[-122.197018985305,47.5472751643416],[-122.197027748371,47.5473016010348],[-122.197043754552,47.5473404429403],[-122.197084492252,47.5473770346701],[-122.197102497185,47.5474041425357],[-122.197109801387,47.547418887021],[-122.197109036921,47.54743372973],[-122.197103661402,47.5474486263994],[-122.197091431738,47.5474659478348],[-122.19708055853,47.5474910595705],[-122.197072684796,47.5475426775954],[-122.19706592138,47.5476586860861],[-122.197054581048,47.5477540635789],[-122.197045485606,47.5478470713225],[-122.197039377062,47.5479220888307],[-122.197033510165,47.5479842215479],[-122.197027901084,47.5480342510891],[-122.197021179889,47.548085855846],[-122.197018346603,47.5481538073775],[-122.197019338343,47.54823576456],[-122.197020774749,47.5483126429583],[-122.197018533453,47.548403226803],[-122.197015741489,47.5484727392293],[-122.197011816749,47.5485430452515],[-122.197008838834,47.5486055343615],[-122.197007853382,47.5487000060935],[-122.197003744488,47.5487632887012],[-122.196999130741,47.5488293100178],[-122.19698605127,47.548924317946],[-122.196976948641,47.5489950762883],[-122.196969408183,47.5490814304402],[-122.196959016472,47.5491689898228],[-122.196951735626,47.549243239046],[-122.196939858102,47.549296077086],[-122.196924499605,47.5494141413704],[-122.196900864032,47.5494362830173],[-122.196878198639,47.5494513876921],[-122.196860163163,47.5494672175223],[-122.196848136518,47.5494923422446],[-122.196845104704,47.5495747387348],[-122.196849533398,47.5496558739524],[-122.196846627348,47.5496769871809],[-122.196830898746,47.5496927890525],[-122.196822166223,47.5497116297858],[-122.196832318982,47.5497911356171],[-122.196844200999,47.5499147283866],[-122.196843837181,47.5499888947008],[-122.196835676885,47.5500295869055],[-122.196824721032,47.5500515773202],[-122.196818601708,47.5500820967434],[-122.196819030204,47.5500984860107],[-122.196832405221,47.5501248673179],[-122.196858418635,47.5501495363839],[-122.196886594294,47.5501687146693],[-122.196920453593,47.5501847025305],[-122.196956820989,47.5502084669502],[-122.196969828594,47.5502208011618],[-122.196981784273,47.5502370521465],[-122.196990446727,47.5502595875485],[-122.196996801409,47.5502821502247],[-122.19700340223,47.5503140779745],[-122.19701154456,47.5503608203008],[-122.197020452254,47.5503927207188],[-122.197034617788,47.5504272900933],[-122.197046921114,47.5504568076743],[-122.197061113597,47.5505144064409],[-122.197076512518,47.5505520830659],[-122.197096360794,47.5505834625487],[-122.197132066131,47.550625970183],[-122.197161285633,47.550684950537],[-122.19718358631,47.550744012676],[-122.197201098966,47.5508183560704],[-122.197207051203,47.5509135247015],[-122.197212537215,47.5510129936677],[-122.197226715325,47.5510920615936],[-122.197245497301,47.5511488235723],[-122.197261955335,47.5512048336763],[-122.197272606659,47.551259352222],[-122.197275802865,47.5513373805791],[-122.197272608456,47.5514135329328],[-122.197270041071,47.5514916301783],[-122.197272678525,47.5515263376701],[-122.197281346369,47.5515711217897],[-122.197301772262,47.5516466014218],[-122.197306703114,47.5517027498354],[-122.197317019367,47.5517884986886],[-122.197322094848,47.5518576192036],[-122.197318998356,47.55193016518],[-122.197312004073,47.5520153413219],[-122.197302397489,47.55208883835],[-122.197295833499,47.5521244372992],[-122.197285846928,47.552139390233],[-122.197268700784,47.552159508752],[-122.197241166523,47.5522351524472],[-122.197210622905,47.552350067722],[-122.197184862816,47.5524224214302],[-122.197151516454,47.5525141579965],[-122.197135702512,47.5525860822283],[-122.197123613883,47.5526446323398],[-122.197094252448,47.5527372039752],[-122.197087064129,47.5528095292599],[-122.197086564666,47.552877161826],[-122.197079578468,47.5529571697057],[-122.197051238417,47.5530020823467],[-122.197020348049,47.553036266225],[-122.19696258458,47.5530846060941],[-122.196908956954,47.5531175258274],[-122.196846211428,47.5531490177545],[-122.196785614672,47.5531758740608],[-122.196724735846,47.5531919743786],[-122.196654698694,47.5532051099935],[-122.196593417422,47.5532058448021],[-122.196534004646,47.5531911880362],[-122.196497288704,47.5531762584411],[-122.196400514995,47.5531220874684],[-122.196292675838,47.5530788076402],[-122.196103720608,47.5530157521417],[-122.195919196767,47.5529918349998],[-122.195749012733,47.5529954126591],[-122.195626773583,47.5530091727916],[-122.195537774793,47.5530300930849],[-122.195441516717,47.5530874744005],[-122.195350981807,47.5531415847811],[-122.195263319711,47.5532187160764],[-122.195188510709,47.5532664913333],[-122.195102474562,47.5533190100535],[-122.195041766415,47.5533850595826],[-122.194865304056,47.5534524955792],[-122.194814145899,47.5534930705088],[-122.194737337247,47.5535078229815],[-122.194638316852,47.5535412856703],[-122.194528266043,47.5535871763358],[-122.194470217807,47.5536247592045],[-122.194411817432,47.5536923173595],[-122.194347603161,47.5537545650968],[-122.194254365221,47.5538356053281],[-122.194172353527,47.5539118989499],[-122.194116934661,47.5539632833004],[-122.194054909584,47.5540224308662],[-122.19399073394,47.5540862157058],[-122.193922179009,47.5541562013642],[-122.193846814848,47.5542262675625],[-122.19377165191,47.5543040162579],[-122.193701188059,47.5543878565794],[-122.193555767882,47.5546009331003],[-122.193509749885,47.5546645001944],[-122.193474838659,47.554718712617],[-122.193453665367,47.554777370685],[-122.19343934173,47.5548374849211],[-122.193428804492,47.554912154738],[-122.193407951899,47.5549831056672],[-122.193386346518,47.5550686666697],[-122.193373659611,47.5551479727975],[-122.19336774151,47.555225661925],[-122.193361903359,47.5553064234296],[-122.193317671213,47.555351525633],[-122.193312628071,47.5554192125123],[-122.193311449481,47.5555045290898],[-122.193300269049,47.555554615715],[-122.193277379078,47.5555910089224],[-122.193240709848,47.5556214184197],[-122.193217779452,47.5556562753449],[-122.193187608635,47.5557181151689],[-122.193160186662,47.5557983672728],[-122.193150722911,47.5558707186449],[-122.193143408828,47.5559384333471],[-122.19315234437,47.5560197860547],[-122.193158528372,47.5560827294208],[-122.193163084627,47.5561702831687],[-122.193174129414,47.5562454627551],[-122.193182221438,47.5562945495852],[-122.193208953504,47.5563792657713],[-122.193235394516,47.5564612058474],[-122.193251632463,47.5565181190266],[-122.193257536191,47.5565703065128],[-122.193256348618,47.5566118193039],[-122.193128961223,47.5570375508537],[-122.193104964527,47.557118529022],[-122.193070331778,47.5571834970946],[-122.192990261343,47.5572474714741],[-122.192947777318,47.5572725712484],[-122.192900631936,47.5572931157955],[-122.192857705041,47.557301313849],[-122.192758152843,47.5573148012597],[-122.192683609743,47.5573295253762],[-122.192636264036,47.5573423871505],[-122.19258676866,47.5573598865786],[-122.19253516404,47.5573835580227],[-122.192490529449,47.5574132941717],[-122.192432876472,47.5574662409768],[-122.192384543517,47.5575282981191],[-122.192340950073,47.5575979839478],[-122.192306411647,47.5576485953825],[-122.192249064097,47.5577312627627],[-122.192212876364,47.5577895500862],[-122.192179194931,47.5578381504905],[-122.19213551974,47.5579047623548],[-122.192091525647,47.5579590829701],[-122.192062066296,47.5580047757756],[-122.192018150357,47.5580621692242],[-122.191963207597,47.5581319901364],[-122.191931396456,47.5581746377469],[-122.191888476749,47.5582266398986],[-122.191858060692,47.5582792609484],[-122.191825735714,47.5583457370652],[-122.191784571315,47.5584215421777],[-122.191743962074,47.558475052958],[-122.191688855821,47.5585387275022],[-122.191647571946,47.5586099226754],[-122.191606447072,47.5586872629465],[-122.19157527643,47.5587544944939],[-122.191536541973,47.5588364181251],[-122.191495055977,47.5588999297654],[-122.191447080551,47.5589758147022],[-122.191414915474,47.5590484381186],[-122.191393859862,47.5591117058058],[-122.191362574235,47.5591779729369],[-122.191379297273,47.5591971424625],[-122.191426024041,47.5592120006282],[-122.191424854434,47.5592528505599],[-122.191369222667,47.5593472873375],[-122.191319287117,47.5594042440596],[-122.191274962444,47.5594720117849],[-122.191245185987,47.5595492168123],[-122.191230778807,47.5596062575773],[-122.191213940785,47.5596571792667],[-122.191165724611,47.5597238451952],[-122.191129138924,47.5598011316886],[-122.191096371077,47.5598507062103],[-122.191044490675,47.5599074265734],[-122.191030523669,47.5599813683945],[-122.19105486442,47.5600440942259],[-122.191067335731,47.5600869803345],[-122.191014740269,47.5601598471145],[-122.190962540066,47.5602480784452],[-122.190898597984,47.5603403129405],[-122.190857908794,47.5604153228712],[-122.190821322209,47.5604926077384],[-122.190790252178,47.5605539375022],[-122.190740776565,47.5606257500713],[-122.190688731771,47.5606763240284],[-122.190620758948,47.5607255497685],[-122.190533391499,47.5607711649937],[-122.190432482845,47.5608200166258],[-122.190297404972,47.5608646648971],[-122.190174550476,47.5608991764439],[-122.190059940717,47.5609451164348],[-122.189960026497,47.5609885764717],[-122.18988966236,47.5610332203562],[-122.189826267352,47.5610839303119],[-122.189746188832,47.5611479023538],[-122.18961724825,47.5612539550632],[-122.189563093313,47.5613107017915],[-122.189525944383,47.5613664761403],[-122.189510379274,47.5614227620479],[-122.189496049348,47.5614828753281],[-122.189460185907,47.5616538577613],[-122.18941929729,47.561751584187],[-122.189371787192,47.5618516533071],[-122.189300662181,47.5619429581352],[-122.189249223749,47.5620204589721],[-122.189195093067,47.5621228674125],[-122.189155086596,47.5622545059302],[-122.189121819286,47.5623883263345],[-122.189097165921,47.5625322197278],[-122.189076315125,47.5627015220761],[-122.189072342775,47.5627337811068],[-122.18909265548,47.562834184167],[-122.189083699277,47.5630051973474],[-122.18907443046,47.5630707054864],[-122.189102857647,47.5631359462257],[-122.189134271732,47.5631875846051],[-122.18918209175,47.5632277191969],[-122.189249952283,47.5632676155366],[-122.189314590559,47.5633120725999],[-122.189467490109,47.563474200356],[-122.189620744493,47.5636498927969],[-122.18974024468,47.5638124189638],[-122.189855650346,47.5640100457292],[-122.189971291371,47.5642167149065],[-122.190041744442,47.5643560814084],[-122.19012620674,47.5645201553017],[-122.190220159739,47.5646637646187],[-122.190350264538,47.5648108146185],[-122.190737918126,47.5650931178931],[-122.190870363037,47.5651896953309],[-122.190941159264,47.5652459492484],[-122.190985052746,47.5652635169549],[-122.191160414669,47.5652614227474],[-122.191163926183,47.5652359394778],[-122.191229967628,47.5652379785277],[-122.191231566629,47.5652560062959],[-122.19127225043,47.5652578253169],[-122.191332938814,47.5653108096548],[-122.19138234346,47.565347532492],[-122.19140373594,47.5653670640484],[-122.191418942621,47.5653887952679],[-122.191448719976,47.5654264539248],[-122.191466186819,47.5654556430174],[-122.191475157395,47.5654792811031],[-122.191479263594,47.5655086301859],[-122.19147550145,47.5656206153941],[-122.191471817459,47.5656715403296],[-122.191468429014,47.5657337695929],[-122.19139819603,47.5657312171678],[-122.191421685178,47.5657927868885],[-122.191447604269,47.5658304531348],[-122.191482819126,47.5658658990953],[-122.191499829624,47.5659205508895],[-122.191504542186,47.565981678519],[-122.191508227076,47.56612299024],[-122.191558821091,47.5662700706925],[-122.191627408361,47.5664496390144],[-122.191687682622,47.5666092622592],[-122.191774913527,47.5667864976724],[-122.191811559401,47.5668767804675],[-122.191879862804,47.5669856739721],[-122.192006012321,47.5671012593878],[-122.192075187089,47.5671837694157],[-122.192175096817,47.5673091631468],[-122.192254876197,47.5673799421236],[-122.192433328325,47.5674811436206],[-122.192515561903,47.5675252407141],[-122.192614172666,47.5675829176973],[-122.192678390531,47.5676241593168],[-122.192762939067,47.5676857995457],[-122.192821566716,47.5677383347249],[-122.192864013011,47.5677859930986],[-122.192885717207,47.5678179647333],[-122.192924093236,47.5678841014487],[-122.193002796435,47.5679983629635],[-122.193079075979,47.56809160995],[-122.193161289793,47.5682072377769],[-122.193190785976,47.5682507057297],[-122.193210818407,47.5682801617521],[-122.193226629654,47.5683118421558],[-122.193247095971,47.568357951416],[-122.193270849224,47.568406919618],[-122.193293903587,47.5684290968793],[-122.193331224994,47.5684648659514],[-122.193355612457,47.5684971674967],[-122.193372365139,47.5685444081829],[-122.193430760124,47.5686494573711],[-122.19351383722,47.5687571083265],[-122.19358260595,47.5688290763272],[-122.193653216226,47.5689100780909],[-122.193713837237,47.5689774365274],[-122.193796613397,47.5690735013209],[-122.193860497986,47.5691772699858],[-122.193915958175,47.569271547048],[-122.193977706571,47.5693678579809],[-122.194010744811,47.5694391948089],[-122.194050044308,47.5695159111861],[-122.194104219008,47.569623183374],[-122.194139507527,47.5697140370619],[-122.194174496009,47.5698142806765],[-122.194177908709,47.5698834107481],[-122.194196107678,47.5699810369695],[-122.194210973,47.5700224421614],[-122.19422886744,47.570051923855],[-122.194249820644,47.5700755750186],[-122.194293449122,47.5701069209911],[-122.194330696867,47.5701397942709],[-122.194377744334,47.5701790671432],[-122.194425690115,47.5702118106765],[-122.194498998032,47.5702525799075],[-122.194533878717,47.5702767885742],[-122.194588528625,47.5703203160233],[-122.194648775038,47.5703731922069],[-122.194732583363,47.5704471544087],[-122.194777159564,47.5705147042071],[-122.194798178345,47.5705818120886],[-122.194821300082,47.5706474465135],[-122.194837603606,47.5706979526124],[-122.19485715454,47.5707498671802],[-122.194872204914,47.5708137874173],[-122.19487345447,47.5708615757226],[-122.194871654247,47.5709564806742],[-122.194897019077,47.5710669942099],[-122.19490078212,47.5711085955161],[-122.194897501472,47.5711263812599],[-122.194891555523,47.5711445591252],[-122.194873560472,47.5711726607722],[-122.194857553392,47.5711949429246],[-122.194836098928,47.5712154620118],[-122.194790910076,47.5712453557669],[-122.194735055526,47.5712786180343],[-122.19469132464,47.5713048529191],[-122.194622970932,47.5713513025787],[-122.194549268654,47.5713978158342],[-122.194472299204,47.5714421944814],[-122.194405913704,47.5714821015345],[-122.194338156477,47.5715104357298],[-122.194242487696,47.5715354826099],[-122.194183493535,47.5715510366758],[-122.194073951173,47.5715776980941],[-122.193982830562,47.5715876066521],[-122.193889210838,47.5715936703323],[-122.193796088781,47.5715933363905],[-122.193737164688,47.5715911436474],[-122.19368073881,47.5715820411567],[-122.193581490242,47.5715520833509],[-122.193491872513,47.5715220109814],[-122.193392511656,47.5714877088591],[-122.19329335831,47.5714613710346],[-122.193188462932,47.5714405344647],[-122.193055271522,47.5714424126654],[-122.192970440915,47.571452557615],[-122.19286185436,47.5714748614666],[-122.192734274725,47.5715075308558],[-122.192633628379,47.5715264795043],[-122.192533996231,47.5715432426736],[-122.19243835889,47.5715567227815],[-122.19232434741,47.5715685646916],[-122.192220282974,47.5715840054136],[-122.192044329061,47.5716168062507],[-122.191881769927,47.5716538567899],[-122.19170619151,47.571707274054],[-122.191633546549,47.5717350772161],[-122.191578628044,47.5717632567284],[-122.191489321132,47.5718066944571],[-122.191329466826,47.5719154510453],[-122.191248759486,47.5719805019808],[-122.191186868257,47.5720405395093],[-122.191139847741,47.5720929824419],[-122.191087542435,47.5721598798169],[-122.191050833679,47.572209208099],[-122.191046519071,47.5722284528557],[-122.191057297956,47.5722518642498],[-122.191082547802,47.5722761889613],[-122.191176207052,47.5723380843196],[-122.191222201692,47.5723780949316],[-122.191271105078,47.572406482581],[-122.191323218144,47.5724348332458],[-122.191353085331,47.5724308544931],[-122.191373509427,47.572434232645],[-122.191383459167,47.5724464258687],[-122.191387047039,47.5724608693715],[-122.191373666633,47.5724813091756],[-122.191343821006,47.5724860115536],[-122.191316842801,47.5724776425447],[-122.19119369186,47.5723929220864],[-122.191080528389,47.5723218432193],[-122.191021070697,47.572271874441],[-122.190987488977,47.5722552266558],[-122.190949952873,47.5722395231028],[-122.19091658046,47.5722309479948],[-122.190880580475,47.5722233025779],[-122.190844697271,47.572220141381],[-122.190790379739,47.5722180141185],[-122.190757117819,47.5722175977568],[-122.190707068183,47.5721796112565],[-122.190530917539,47.5720601279638],[-122.190125103609,47.5717773834488],[-122.18983334428,47.5715717907768],[-122.189640872145,47.5714363501799],[-122.189570684077,47.5713887320979],[-122.189576329989,47.5713509783324],[-122.189587090907,47.5713059844486],[-122.189647550221,47.5712855217612],[-122.189793954951,47.5712303852548],[-122.190050140097,47.5711393923768],[-122.190182847315,47.5710929437414],[-122.190280024368,47.5710567891846],[-122.190381129753,47.5710187927512],[-122.19046914399,47.5709872339872],[-122.190768043129,47.5708818203893],[-122.191074101841,47.5707713864647],[-122.191225176913,47.5707175379326],[-122.191470823922,47.5706293593872],[-122.191538393401,47.5706050660328],[-122.191608785387,47.5705810508563],[-122.191662544167,47.5705579763002],[-122.191718511006,47.5705206570994],[-122.191826366332,47.5704617881653],[-122.191875834758,47.5704239725177],[-122.191930467598,47.570332690957],[-122.191993933573,47.5702242559411],[-122.192039474565,47.57014026156],[-122.192085630903,47.5700650225148],[-122.192129534265,47.5699839504134],[-122.192166619415,47.5699206564607],[-122.192211482179,47.5698470286804],[-122.192176964414,47.5697944998588],[-122.192139749009,47.5697402078793],[-122.192060038798,47.5696325862185],[-122.191945068815,47.5694693041336],[-122.191840424068,47.5693207034963],[-122.191733640432,47.5691662954602],[-122.191641396028,47.569035492539],[-122.191598691916,47.5689740884573],[-122.191509937468,47.5688499745457],[-122.191416273726,47.5687155984915],[-122.191324007764,47.5685838998414],[-122.191254464686,47.5684846793946],[-122.191222646359,47.5684339129621],[-122.191196898846,47.5684126854644],[-122.191155179287,47.5683889559688],[-122.191083646441,47.5683404574795],[-122.190931229287,47.568240882001],[-122.190819903769,47.5681663881602],[-122.190687649301,47.5680773391946],[-122.190544747102,47.567986622072],[-122.190475910101,47.5679398863761],[-122.190365238556,47.5678649357079],[-122.190193313587,47.5677543748061],[-122.190097548686,47.5676918085217],[-122.190051784014,47.5676615527086],[-122.189965234031,47.567605004997],[-122.189902984375,47.5675481675028],[-122.189827940913,47.5674668054203],[-122.189754612335,47.5674512289275],[-122.189693861967,47.5674519538385],[-122.18959666066,47.5674531133324],[-122.18946301021,47.5674547074092],[-122.189353658291,47.5674560117641],[-122.189428699956,47.5675373738633],[-122.189486283763,47.5675878356847],[-122.189575302316,47.5676459956692],[-122.189742645877,47.5677588551664],[-122.189837758601,47.5678218783766],[-122.190077915107,47.5679814265251],[-122.190193911865,47.5680572104222],[-122.19036660669,47.568171799462],[-122.190569811896,47.5683124949286],[-122.190662739917,47.5683679163445],[-122.190750366979,47.5684234001302],[-122.190828645275,47.5684763042913],[-122.190941039788,47.5685409152271],[-122.190964390596,47.5685720421038],[-122.191021286293,47.5686580967059],[-122.19111764498,47.5687985514578],[-122.191207650782,47.5689267160298],[-122.191280521219,47.5690263435408],[-122.191375439907,47.5691580119859],[-122.191453914934,47.5692692384441],[-122.191504922174,47.5693440040633],[-122.191572373075,47.5694392099612],[-122.191695183554,47.5696234864178],[-122.191655824768,47.5696903578551],[-122.191607539424,47.5697707946267],[-122.191519988718,47.5699216910466],[-122.191450693575,47.5700385373026],[-122.191373575903,47.5701796229198],[-122.191306294783,47.5702943848974],[-122.191260680129,47.5703756874344],[-122.191211200924,47.5704103769632],[-122.191140420866,47.5704417300083],[-122.191039293023,47.5704788298652],[-122.190877707663,47.5705363926838],[-122.190724004121,47.5705911693053],[-122.190576206104,47.5706436318716],[-122.190417199807,47.5706984708068],[-122.190010661835,47.5708455462902],[-122.189891093376,47.570887352019],[-122.189782127732,47.5709290304392],[-122.189662487407,47.5709681445349],[-122.189541709816,47.5710144508541],[-122.189454998136,47.5710450962523],[-122.189391956166,47.5710682808987],[-122.189334077713,47.5710860199888],[-122.189265405102,47.5710711360993],[-122.189217313794,47.5710573528308],[-122.189173193038,47.5709923746893],[-122.18908983477,47.5708717838163],[-122.189022386563,47.5707765756741],[-122.188974055405,47.5707026751511],[-122.188906490417,47.5706029817361],[-122.188868346153,47.5705383818291],[-122.188825832484,47.5704841518345],[-122.188800945558,47.5704449670724],[-122.188943628568,47.5703810318392],[-122.189152276665,47.5702909278171],[-122.189470168885,47.5701511940618],[-122.189764707602,47.5700249283143],[-122.18981896315,47.5700016692638],[-122.189809358363,47.5699892221281],[-122.189920088298,47.5699389971749],[-122.190004076286,47.5699056922368],[-122.190083296016,47.5698419351404],[-122.190173857874,47.5697556103508],[-122.19025944666,47.5696819065776],[-122.190302298994,47.5696472965697],[-122.190242378669,47.5695102745581],[-122.19020725544,47.569434422457],[-122.190180458695,47.5693728279244],[-122.190155151357,47.5693174966673],[-122.190056289065,47.5692379180322],[-122.18988924105,47.5691111476312],[-122.189732310759,47.5689909857845],[-122.189522196611,47.568839603624],[-122.189426127181,47.5687653754995],[-122.189309918421,47.5686815169692],[-122.189216570887,47.5686099475791],[-122.189117851427,47.5685357512525],[-122.18896857658,47.568429405385],[-122.188856299746,47.568343704371],[-122.188737280157,47.5682535980561],[-122.1885013098,47.5680764997383],[-122.188347177762,47.5679616868366],[-122.188224088805,47.5678680383752],[-122.188157907223,47.5678212698436],[-122.188125418752,47.5677956350799],[-122.188085596436,47.5677672528105],[-122.1880698858,47.5677505338908],[-122.188060227114,47.5677264264889],[-122.188050976263,47.5676861529079],[-122.188040438126,47.567637824085],[-122.188010387684,47.5675529369961],[-122.187974906026,47.5674350869265],[-122.187577953977,47.5674692650257],[-122.187587652189,47.5676118116243],[-122.18759300525,47.5676646893301],[-122.187597125822,47.5677211715175],[-122.187598035815,47.5677561549493],[-122.187601759332,47.5677973867346],[-122.187649081683,47.5678327162034],[-122.187785657047,47.5679351763165],[-122.187964112768,47.5680676469583],[-122.188054876748,47.5681419397127],[-122.188127175857,47.5681944689795],[-122.188220476679,47.5682642442649],[-122.188293565407,47.5683216986007],[-122.188400446061,47.5684038739562],[-122.188505862462,47.5684806839771],[-122.188614649341,47.5685596970592],[-122.188738948328,47.5686488433928],[-122.188843156495,47.568730153333],[-122.188948595353,47.5688078592933],[-122.189029154471,47.568871954032],[-122.189129152233,47.5689443412931],[-122.189227872591,47.5690185376471],[-122.189305010925,47.5690786349378],[-122.189380941923,47.5691432330087],[-122.189473966064,47.5692278162923],[-122.189544712884,47.5692969635025],[-122.189609885658,47.5693613225043],[-122.189661764264,47.5694131141486],[-122.189702485794,47.5694494183321],[-122.189720276928,47.569470741778],[-122.18968905598,47.5695446937385],[-122.189667948266,47.5695996811037],[-122.189628590378,47.5696921252047],[-122.189548624149,47.5697271764139],[-122.189358626873,47.5698137897472],[-122.188904241036,47.5700071943196],[-122.188681186656,47.5701044851468],[-122.188585049852,47.5701467599683],[-122.188543489296,47.570130389093],[-122.188468281442,47.5700935974853],[-122.188294982949,47.5700068300635],[-122.188210334699,47.5699638696482],[-122.188167450924,47.5699464350384],[-122.188078299421,47.5699851843995],[-122.188116215512,47.5701175347008],[-122.188159018439,47.5702848209543],[-122.18817209252,47.5703286338603],[-122.188343429092,47.5705693141803],[-122.188441204422,47.5707090268195],[-122.188475602711,47.5707570715899],[-122.188453484392,47.5708450759771],[-122.188417441288,47.5708849392418],[-122.18836225239,47.5709105167349],[-122.188383068152,47.5709461610797],[-122.188436910475,47.5710280717067],[-122.188468372172,47.5710142375169],[-122.188560496201,47.5711405572438],[-122.188624699692,47.571111077375],[-122.188667349007,47.5711195423616],[-122.188707441716,47.5711316274047],[-122.18874211489,47.5711392893449],[-122.188830333044,47.5712683482009],[-122.188868268,47.5713248749875],[-122.188931670195,47.571417439681],[-122.188989624107,47.5714535376246],[-122.189070650349,47.5715099999684],[-122.18920977064,47.5716079419478],[-122.189316449173,47.5716820448309],[-122.189375893391,47.5717244068642],[-122.189384594473,47.5717530166871],[-122.189396156689,47.5717896683408],[-122.1893649043,47.5718115762902],[-122.189333893558,47.5718323302879],[-122.189298082219,47.57185743459],[-122.189363474182,47.5719094007357],[-122.189454664861,47.5719742650121],[-122.189515529315,47.572020198927],[-122.189565600511,47.5720590843292],[-122.189615175836,47.5720279837673],[-122.18971563174,47.5719648710728],[-122.189772261535,47.5720009856088],[-122.189850568577,47.5720547873668],[-122.189973458108,47.5721403598843],[-122.190078836779,47.572215374131],[-122.190209844385,47.5723071311951],[-122.190339480263,47.5723971099312],[-122.190405788508,47.5724483628207],[-122.1904185365,47.5724796164648],[-122.190433865352,47.5725081470881],[-122.190508040143,47.572606862949],[-122.190532928867,47.5726460473057],[-122.190566675877,47.5726689754892],[-122.190675752014,47.5727331770162],[-122.190787876134,47.5728125964036],[-122.19085640681,47.5728622198233],[-122.190938760762,47.572909038398],[-122.190960764097,47.5729681336678],[-122.191038459386,47.5730271573572],[-122.191069470128,47.5730856058408],[-122.191067427359,47.5731089598832],[-122.191044127755,47.5731307739493],[-122.19101487322,47.5731275340211],[-122.190982638074,47.5731117677008],[-122.190934774938,47.573074148508],[-122.19087593888,47.5730879167006],[-122.190873419105,47.5731053823851],[-122.190864237425,47.5731077671819]]]},"properties":{"OBJECTID":21,"SD_BASIN_ID":28,"BASIN":"LAKEHURST","TYPE":"AREA","BASIN_NO":86,"SYMBOL":23,"SysChangeUser":"gisdba_cobgis","SysCreateDate":"Fri, 02 Oct 2026 19:14:30 GMT","SysChangeDate":"Fri, 02 Oct 2026 19:14:30 GMT","SysCreateUser":"gisdba_cobgis"}},{"type":"Feature","id":22,"geometry":{"type":"Polygon","coordinates":[[[-122.172400706148,47.5397677748559],[-122.17249775564,47.5397110642273],[-122.172529725782,47.5396773143548],[-122.172559979244,47.5395768784431],[-122.172621918981,47.5394316418204],[-122.172669157789,47.5393532409725],[-122.172716111831,47.5392637470265],[-122.172745794863,47.5391411261302],[-122.172743510447,47.5390522121865],[-122.172692558004,47.5389861082078],[-122.172633036531,47.5385865352542],[-122.172558630873,47.5382995559437],[-122.172467414143,47.5378666833802],[-122.172462954905,47.5376931823367],[-122.172491892336,47.537573482717],[-122.17245710328,47.5374654171501],[-122.172438841428,47.5373788340259],[-122.172434102815,47.5371944544566],[-122.172415315449,47.5370861988917],[-122.172379937997,47.536956419034],[-122.172312249042,47.5368161803274],[-122.172276315532,47.5366647288468],[-122.172274363493,47.5365887928007],[-122.172238707563,47.5364481758856],[-122.172172690372,47.5363729951905],[-122.172074362578,47.536287355148],[-122.171960311571,47.536212782516],[-122.171846539941,47.5361490026087],[-122.171795689906,47.5360411257524],[-122.171697950508,47.5359772000819],[-122.171518443758,47.5358491174386],[-122.171419559906,47.5357418045979],[-122.17137010226,47.5356881068547],[-122.171335316797,47.535580039828],[-122.171348810391,47.5354822433647],[-122.171330862052,47.535406496042],[-122.171378338913,47.5353842587091],[-122.171472765324,47.53531807005],[-122.171567718148,47.5352735528458],[-122.171646980099,47.5352400590862],[-122.171725651856,47.5351848943454],[-122.17193357142,47.5351716062316],[-122.172029667799,47.5351704739217],[-122.172222387869,47.535189881481],[-122.172303043107,47.5352106087466],[-122.172416255087,47.5352526739838],[-122.172529190386,47.5352839025139],[-122.172658435498,47.5353257784692],[-122.172771648376,47.5353678430076],[-122.172868583782,47.5353992600855],[-122.17299810827,47.5354519713766],[-122.173111043569,47.535483199788],[-122.173175387198,47.5354932801364],[-122.173303766333,47.5355026060187],[-122.173399585133,47.5354906370851],[-122.17349373127,47.5354135676404],[-122.173523812255,47.535337296216],[-122.17353702288,47.5352286219806],[-122.173549988264,47.5351091532645],[-122.173531165864,47.5350008557921],[-122.173527541162,47.5348598622337],[-122.173508473522,47.5347407723411],[-122.173521963523,47.5346429749191],[-122.173487142127,47.5345348675294],[-122.173336042801,47.534265458699],[-122.173220321827,47.5341257871493],[-122.173100978844,47.5338451213669],[-122.173094843351,47.5336064769718],[-122.173120741781,47.5333674985182],[-122.173117674932,47.5332482190382],[-122.173048594487,47.5330537592914],[-122.172915451585,47.5328600114765],[-122.172817129181,47.5327744160372],[-122.172682904708,47.5325373249112],[-122.172517177216,47.53232228212],[-122.172384595762,47.5321502487078],[-122.172317500593,47.5320317246125],[-122.172313879484,47.5318907303492],[-122.172326813428,47.5317712206697],[-122.172372057077,47.5316622103063],[-122.172402136266,47.5315858964273],[-122.172464247581,47.5315092488465],[-122.17251091506,47.5314544174114],[-122.17257271466,47.5313669339751],[-122.172635381134,47.5313119143666],[-122.172729521881,47.531234888516],[-122.172807908873,47.5311688444331],[-122.172902605677,47.5311134898104],[-122.17307708276,47.531046355633],[-122.174603141663,47.5312127858838],[-122.174832618997,47.5312697125312],[-122.174928091047,47.5312359833059],[-122.175072310176,47.5312233977686],[-122.175248902791,47.5312213125115],[-122.175377898171,47.5312415100239],[-122.175442677483,47.5312625081501],[-122.175524078322,47.5313050745164],[-122.175606288544,47.5313802339706],[-122.175655844106,47.5314340155806],[-122.175723701945,47.5315745925675],[-122.175791001031,47.5316934555312],[-122.175842549955,47.5318233436393],[-122.175945025271,47.5320614484593],[-122.176043578543,47.5321472961622],[-122.176131424794,47.5324398988144],[-122.176385688444,47.5329589682354],[-122.176454671871,47.5331430594433],[-122.176652939037,47.5333582256289],[-122.17683598515,47.5336062161749],[-122.176935694553,47.5337355348912],[-122.177085215539,47.5339295554293],[-122.177201270687,47.5340695622891],[-122.177317296191,47.5342096118363],[-122.17744882482,47.534327671892],[-122.177547947623,47.5344352757116],[-122.177678635429,47.5345207416828],[-122.177890169814,47.5346270156745],[-122.177972949567,47.5347238870137],[-122.178152599149,47.5354613882387],[-122.178460109539,47.5361755698469],[-122.178624021535,47.5363041259549],[-122.178770499029,47.53637852258],[-122.178980079578,47.5364086866876],[-122.179413027121,47.5363817951048],[-122.179635550597,47.5362921468943],[-122.179823168235,47.5360941766312],[-122.179965151457,47.5359946005109],[-122.180170484772,47.5358616266624],[-122.1801434356,47.5359795950595],[-122.180047082303,47.5361299623218],[-122.17999257882,47.5362413541185],[-122.179933483149,47.5364684587167],[-122.179875438507,47.5367437474607],[-122.179824750168,47.5373563215896],[-122.179758643147,47.5375883160846],[-122.179731337057,47.5376416031294],[-122.179661549638,47.537704953669],[-122.179591027396,47.5377345760542],[-122.179095580466,47.5378600160117],[-122.179021659898,47.537870944334],[-122.178671154342,47.5387002742342],[-122.178333485711,47.538965000376],[-122.177935417056,47.5391404220529],[-122.177929058781,47.5391970168622],[-122.177874339702,47.5392987712927],[-122.177735175393,47.5394447438914],[-122.17761735775,47.5395905032249],[-122.177421687613,47.5397563169064],[-122.177219530742,47.5399511126241],[-122.177068333499,47.540198410984],[-122.176995618471,47.5404545662316],[-122.176966856212,47.5407681168505],[-122.176977956694,47.5409511454851],[-122.176998566741,47.5411587442938],[-122.17703307193,47.5413381694597],[-122.177089359467,47.5414611375438],[-122.177158341996,47.5415614770648],[-122.177367046688,47.5418017838094],[-122.177528231399,47.5420348428899],[-122.177582028806,47.5422174444381],[-122.177612904801,47.5423279822203],[-122.177623798671,47.5425013733279],[-122.17775358367,47.5429049095695],[-122.17776980904,47.5429963171494],[-122.177783431093,47.543294985647],[-122.177988699729,47.5448444407871],[-122.178041611397,47.5450767677904],[-122.178170782847,47.5452340706971],[-122.178388264079,47.5454803327166],[-122.178459201342,47.5456160459849],[-122.178510400822,47.5457519408111],[-122.178548144437,47.5458703817474],[-122.178573360147,47.5459864030348],[-122.178593912702,47.5461767570658],[-122.178491657473,47.5485763213288],[-122.178496030472,47.5487456899957],[-122.178515765561,47.5489042885278],[-122.17858240708,47.5490623311856],[-122.178775222371,47.5492612353325],[-122.179046492027,47.5494697992369],[-122.17943116231,47.5497195719465],[-122.17985462005,47.5500861341872],[-122.179941853651,47.5501848965505],[-122.180044268779,47.5502643683168],[-122.180150367899,47.5503650299154],[-122.180214171641,47.5504067398227],[-122.18029565243,47.5504556423474],[-122.18036777008,47.5504982955995],[-122.180511478067,47.5505595097371],[-122.180540367887,47.5505784980981],[-122.180583280408,47.5505877073112],[-122.180655187851,47.550620723197],[-122.181021316008,47.5507616416321],[-122.181057112076,47.5507709217508],[-122.181092802142,47.550775384162],[-122.181128809314,47.5507943009006],[-122.181164605381,47.5508035810136],[-122.181207729006,47.5508224274107],[-122.181243525074,47.5508317075186],[-122.181423030925,47.5509022013624],[-122.181502057517,47.5509351455062],[-122.181559836258,47.5509731225553],[-122.181754000819,47.5510627468754],[-122.181861495022,47.55109540535],[-122.182162837579,47.5512032318294],[-122.182412950114,47.5513154464836],[-122.182473399546,47.5513474039188],[-122.18258857165,47.5514094658826],[-122.182680838511,47.5514641109316],[-122.182755877482,47.5515112730027],[-122.182828427221,47.5515719184636],[-122.182889424625,47.551625012438],[-122.182950870289,47.5516954003256],[-122.183032880186,47.5517924523323],[-122.183142328226,47.5519622186409],[-122.183183806137,47.5520289992485],[-122.183231161726,47.5521033984177],[-122.183290366991,47.5521968774119],[-122.183346833293,47.552294233453],[-122.183399225736,47.5524005114339],[-122.183413987751,47.5524244603725],[-122.183421843518,47.5524581177648],[-122.183451473549,47.5525108349443],[-122.183459328418,47.5525444916748],[-122.183474090433,47.5525684405477],[-122.183474828848,47.5526021693891],[-122.183490329279,47.5526598470399],[-122.183505196396,47.5526886139968],[-122.183505934812,47.5527223427608],[-122.183529291907,47.5528136774433],[-122.183529924321,47.5528425880046],[-122.183545529854,47.552905084114],[-122.183546163167,47.5529339940186],[-122.183554018934,47.5529676510836],[-122.183559398046,47.5532133887151],[-122.183541210755,47.5533581536689],[-122.183542054273,47.5533967012863],[-122.183535570233,47.5534256824602],[-122.183538946102,47.5535798707419],[-122.183563146715,47.5537097525294],[-122.183632688895,47.5539596650871],[-122.183662425826,47.5540172005895],[-122.183685360713,47.5540892615938],[-122.183700123627,47.5541132109733],[-122.183707873393,47.5541420492782],[-122.183745148985,47.5542187862406],[-122.183760545211,47.5542716459401],[-122.183775412329,47.5543004132248],[-122.183776046539,47.5543293223597],[-122.183798031908,47.5543580186798],[-122.183828191047,47.554434826865],[-122.183842953062,47.5544587766928],[-122.183850703726,47.5544876148076],[-122.183880230451,47.5545355125852],[-122.183887874216,47.5545595339059],[-122.183902637129,47.5545834824641],[-122.183925572915,47.5546555439022],[-122.18394044183,47.5546843115824],[-122.183956048261,47.5547468073141],[-122.183970917176,47.5547755749443],[-122.184001497625,47.5548716560832],[-122.18403144566,47.5549388276571],[-122.184047053888,47.5550013236916],[-122.184061816801,47.5550252732604],[-122.184077319028,47.5550829506693],[-122.184092081043,47.5551068989884],[-122.184099832606,47.5551357379589],[-122.184114700622,47.5551645053755],[-122.18413784841,47.5552462036371],[-122.184159940678,47.5552797179599],[-122.184167691342,47.5553085562291],[-122.184189677609,47.5553372526192],[-122.184197428273,47.5553660908568],[-122.184241929914,47.5554475741909],[-122.184249890784,47.5554860499461],[-122.184286852865,47.5555483319277],[-122.18431785642,47.5556636867429],[-122.184328116977,47.5556851231069],[-122.184506116354,47.5559707929353],[-122.184855512491,47.5561856956929],[-122.185002726603,47.5564030013137],[-122.184969392817,47.5566772190397],[-122.184677470893,47.5571188024328],[-122.18458347747,47.5573937408567],[-122.184654431801,47.5577899368575],[-122.184872601142,47.5582365133968],[-122.184873445559,47.5582750604567],[-122.184881092917,47.5582990806693],[-122.184881725331,47.5583279912354],[-122.184904875814,47.5584096888081],[-122.184905509126,47.558438598707],[-122.184928871612,47.5585299331258],[-122.184929610027,47.5585636623736],[-122.184968370535,47.5587078560422],[-122.184969003847,47.5587367663828],[-122.185007763456,47.558880959575],[-122.185008396769,47.5589098704262],[-122.185016255231,47.5589435272903],[-122.185031231045,47.5589771125998],[-122.185062027988,47.5590828308323],[-122.185062767301,47.5591165597242],[-122.185040795408,47.5592148140406],[-122.185016311825,47.5592993763783],[-122.184980523842,47.5594623246246],[-122.184951829855,47.5595559656847],[-122.184936158745,47.5596374134054],[-122.184912065031,47.559737019182],[-122.18491534478,47.5598633867179],[-122.184960112322,47.5600464456703],[-122.18508504552,47.5602345693603],[-122.185176600017,47.5603358101226],[-122.185259538773,47.5604476863627],[-122.185324191422,47.5605402169348],[-122.185380107057,47.5606388716989],[-122.185400777292,47.5607499834919],[-122.185412167031,47.5608461585467],[-122.185419658082,47.5609634469558],[-122.18541833666,47.5610838496891],[-122.185412025097,47.5611832460065],[-122.185389103684,47.5613279834867],[-122.185287419784,47.5615218115927],[-122.185106348169,47.5617406620555],[-122.185066113526,47.5619036627205],[-122.185054874703,47.5620788682146],[-122.185067062147,47.562282871183],[-122.18508048118,47.5624572728389],[-122.18510107416,47.5625653765998],[-122.185131337504,47.5627034624193],[-122.185180233703,47.5628504415451],[-122.185188031079,47.5629734640287],[-122.185158191741,47.5631129362798],[-122.185148760329,47.563140519724],[-122.184811799571,47.5635755948835],[-122.184616911866,47.5638989469119],[-122.184510264774,47.5643588363542],[-122.184519468912,47.5643546005871],[-122.184198414623,47.5648362702124],[-122.184108611841,47.5649624763378],[-122.1840639503,47.5650162392596],[-122.183099342941,47.5655919058458],[-122.182735913323,47.5657909248507],[-122.182433973386,47.5659344518869],[-122.182185325106,47.5660530084427],[-122.18192752928,47.5661655877045],[-122.181615336871,47.5662605581415],[-122.181365111149,47.5663182862197],[-122.181006564773,47.5663590439345],[-122.180710298596,47.5663747237934],[-122.180305711765,47.5663734333526],[-122.180166063264,47.5663706966965],[-122.180051945782,47.56636220003],[-122.179973424043,47.5663533463542],[-122.179901812145,47.5663347843607],[-122.179829988245,47.5663065861682],[-122.179673064243,47.5662440248217],[-122.179520706377,47.5661650955288],[-122.179390880056,47.5660892816182],[-122.176982468931,47.5644018244005],[-122.1767813038,47.5642703428161],[-122.176615932041,47.5641323526556],[-122.176477988543,47.5640122927372],[-122.176410845763,47.5638488034048],[-122.176434198367,47.5637085839037],[-122.176591880548,47.5631195410325],[-122.176701679828,47.5626027675413],[-122.176766363918,47.5623033185964],[-122.176804880983,47.5621101571431],[-122.176831677728,47.5620327782801],[-122.176844026868,47.5619459065782],[-122.176884641499,47.5618491122103],[-122.176974141549,47.5617084569692],[-122.176980735183,47.561684294049],[-122.177008685365,47.5616599177421],[-122.177022293943,47.561630865956],[-122.177091695985,47.5615482429181],[-122.177119750371,47.5615286856905],[-122.17724442216,47.5613684007722],[-122.177299272393,47.5612714647024],[-122.177359667028,47.5611021801615],[-122.17749019673,47.5608840041446],[-122.177544416346,47.5607581573631],[-122.177541792367,47.5606376987178],[-122.177460282831,47.5605344732572],[-122.177246398453,47.5604550661671],[-122.176642656921,47.560513411686],[-122.175295077095,47.5604781172892],[-122.175003980722,47.5603381657972],[-122.174694067339,47.5600550464149],[-122.174534629851,47.5597394258045],[-122.174449969923,47.558214367587],[-122.17422275814,47.5570289768943],[-122.173867756516,47.5567566294306],[-122.172736407468,47.5562713456682],[-122.172682676536,47.5562184849547],[-122.172565552392,47.5560702468465],[-122.172535931344,47.5560175271852],[-122.172506939117,47.5559937181125],[-122.172499193842,47.5559648790079],[-122.172330365366,47.5557304050402],[-122.172315085921,47.5556823622487],[-122.172233865643,47.5555482252276],[-122.172174208525,47.5554235132646],[-122.172135695953,47.5552889512033],[-122.172120937531,47.5552650011487],[-122.172074471274,47.5550919632703],[-122.172034392938,47.5548851265379],[-122.172011787732,47.5548275180248],[-122.172002477592,47.5547264024211],[-122.171971917805,47.5546303179844],[-122.171971186576,47.5545965886297],[-122.171902324421,47.5543755791248],[-122.171901489887,47.5543370322275],[-122.171879092192,47.5542890603042],[-122.171846133004,47.5540821525007],[-122.171816096036,47.5540101593887],[-122.171746818859,47.5537698758717],[-122.171745358199,47.5537024190641],[-122.171730600675,47.5536784688906],[-122.171695867315,47.5533896478765],[-122.171683425648,47.5531439813998],[-122.171682069192,47.5530813418871],[-122.171776720182,47.5525213491509],[-122.171771814482,47.5522948852128],[-122.171757056959,47.5522709350024],[-122.17174785282,47.5521746381061],[-122.171717504137,47.5520881890128],[-122.171620490577,47.5518819176151],[-122.171502126759,47.551675857609],[-122.171340851318,47.5514605847031],[-122.171224993799,47.5513701662054],[-122.170680357819,47.5508743513701],[-122.170274291462,47.5505313812671],[-122.170005123864,47.5502641633834],[-122.169851496679,47.5500729086624],[-122.169747385531,47.5499338794737],[-122.169673385911,47.5497658897746],[-122.169651231659,47.5496171562393],[-122.169647665348,47.5494781361492],[-122.169658766728,47.5493389453136],[-122.169682878409,47.5491350362506],[-122.169733268506,47.5488116228105],[-122.169780217158,47.5483541550151],[-122.169770270113,47.5479628087127],[-122.169688799205,47.5476499911427],[-122.169504651758,47.5473343018719],[-122.169317193121,47.547090165325],[-122.16911858729,47.5467933296236],[-122.168911532803,47.546516839097],[-122.168787305681,47.5462857536271],[-122.168683406535,47.5460891860145],[-122.168620374447,47.5459811501272],[-122.168579299879,47.5458829819603],[-122.168537860595,47.5456989512452],[-122.168526017206,47.5455631690658],[-122.1685306058,47.5454158667597],[-122.1685517746,47.545262707116],[-122.168631766881,47.5451201821714],[-122.168751824922,47.5449092270057],[-122.16886584359,47.5447889562831],[-122.169003811343,47.5446856274407],[-122.169094163894,47.5446386441725],[-122.169191870952,47.5445853096652],[-122.169345179235,47.5445094111647],[-122.169537234552,47.5444276646329],[-122.169819904727,47.5443332931362],[-122.169976969765,47.5442861537122],[-122.170173840051,47.5442430339484],[-122.17030915418,47.5442465109392],[-122.170380837045,47.5442698966376],[-122.170560201861,47.5443355888922],[-122.170703987104,47.5444016339773],[-122.170897584827,47.5444671853868],[-122.171149053818,47.5445755348598],[-122.17144991937,47.5446641174504],[-122.17155697789,47.5446775129127],[-122.171763453862,47.5446802816271],[-122.171841211134,47.5446554117019],[-122.171889981569,47.5446067329759],[-122.171972662508,47.5444806063673],[-122.171991713979,47.5443743899426],[-122.171993714527,47.5441382183925],[-122.172044588816,47.5438581871206],[-122.172035401746,47.5434341688837],[-122.17208082955,47.5432313016752],[-122.17226648976,47.5429306523236],[-122.172371037489,47.5428284058766],[-122.172620634391,47.5425223008476],[-122.17271032129,47.5423912852557],[-122.172729997988,47.5423139785412],[-122.172734607244,47.5421982668816],[-122.172712110734,47.5421454768693],[-122.172701232136,47.5419720857975],[-122.172678213705,47.5418952041636],[-122.17267424405,47.5417121054491],[-122.172700619485,47.5416154550195],[-122.172882184276,47.5414546082883],[-122.173108219266,47.5413752511177],[-122.173363552809,47.5413341555986],[-122.173469662708,47.5413041835261],[-122.173682928147,47.541292423311],[-122.173796468012,47.541276834791],[-122.173867103441,47.5412520354144],[-122.17390979857,47.5412516097104],[-122.173965574966,47.5411980413187],[-122.173972166804,47.5411738786427],[-122.1739637972,47.541116129529],[-122.173920056432,47.5410683698784],[-122.173512999234,47.5406772263025],[-122.173324855183,47.5405345142402],[-122.173208287097,47.5404103693361],[-122.173164234613,47.5403481542635],[-122.173106472941,47.5403101731544],[-122.173004659683,47.5402099792069],[-122.172888822825,47.5401195619188],[-122.172802182113,47.5400625902996],[-122.172672637862,47.5399964063332],[-122.172585892945,47.5399346158777],[-122.172400706148,47.5397677748559]]]},"properties":{"OBJECTID":22,"SD_BASIN_ID":30,"BASIN":"NEWPORT","TYPE":"AREA","BASIN_NO":85,"SYMBOL":19,"SysChangeUser":"gisdba_cobgis","SysCreateDate":"Fri, 02 Oct 2026 19:14:30 GMT","SysChangeDate":"Fri, 02 Oct 2026 19:14:30 GMT","SysCreateUser":"gisdba_cobgis"}},{"type":"Feature","id":23,"geometry":{"type":"Polygon","coordinates":[[[-122.092331072012,47.5715643058711],[-122.092257611381,47.5715519166828],[-122.092195982461,47.5715245437303],[-122.092153379859,47.5714771554277],[-122.092099025496,47.5714480496915],[-122.092015295325,47.571414319648],[-122.09190250735,47.5713891624057],[-122.091843476357,47.5713683615652],[-122.091818418751,47.5713405824511],[-122.091802315551,47.5712796974425],[-122.091781854624,47.571240315697],[-122.091617153008,47.5711860264284],[-122.091586978598,47.5711484028219],[-122.0915255509,47.5711292776701],[-122.09145173274,47.5711020390444],[-122.091389944818,47.5710680645313],[-122.091318086782,47.5710209994579],[-122.091244229096,47.570992110442],[-122.091175487315,47.570973067659],[-122.091106704212,47.570952373928],[-122.091042599535,47.5709233757811],[-122.090993043074,47.5708909175471],[-122.090933535077,47.5708503166954],[-122.090876583684,47.5708146383452],[-122.090824630518,47.5707838570515],[-122.090762644069,47.5707416336545],[-122.090700618093,47.5706977598804],[-122.090616930143,47.5706656778796],[-122.090579763247,47.5706413342377],[-122.090562705138,47.5705408515935],[-122.090546443834,47.5704733666791],[-122.090496130992,47.5704095593632],[-122.090439021496,47.5703672817234],[-122.090374837767,47.5703349837558],[-122.090308216011,47.570302713648],[-122.090234400546,47.5702754733801],[-122.090182645009,47.5702529405253],[-122.090136084429,47.5702435529442],[-122.090069901949,47.5702294318709],[-122.090018386263,47.5702167981163],[-122.089974023861,47.5701974841331],[-122.089936697962,47.5701665394408],[-122.089913720854,47.5701238846218],[-122.089919602124,47.5700644073408],[-122.08994627041,47.5699568396817],[-122.089915979218,47.5699142653011],[-122.089863906576,47.5698785329778],[-122.08981195341,47.5698477505278],[-122.089757722117,47.5698235949984],[-122.089715918116,47.5698092034976],[-122.089666839559,47.56979654358],[-122.089603055581,47.5697807441343],[-122.089524841964,47.5697733565524],[-122.089451663404,47.5697725146989],[-122.08935638539,47.5697653156085],[-122.089253951397,47.5697647967988],[-122.089185768368,47.5697688503026],[-122.089115226364,47.5697762306122],[-122.089047203236,47.5697868843906],[-122.088971865126,47.5697976187761],[-122.08875324483,47.5698330390208],[-122.088692574413,47.5698452619421],[-122.088679861455,47.5698481056937],[-122.088666103756,47.569851182788],[-122.088845947375,47.5692725319472],[-122.089301104864,47.5682875119663],[-122.090169043617,47.5653123201499],[-122.090531709667,47.5637233541097],[-122.091042667807,47.5606265320588],[-122.091149702972,47.5590975417216],[-122.091635599912,47.5579940135119],[-122.092681697942,47.5551248720424],[-122.093059011921,47.5526337525686],[-122.093127729447,47.5515880053293],[-122.09337809351,47.5501931872693],[-122.094061114062,47.5488170482382],[-122.094637070703,47.5481699049939],[-122.095428570011,47.547302023658],[-122.095628433484,47.5469772764584],[-122.095896635393,47.5465121343876],[-122.096228784775,47.5460415800592],[-122.096477381852,47.5456633667288],[-122.096760679949,47.5452414562824],[-122.097146332091,47.5446017261191],[-122.098523841985,47.5430322897501],[-122.098552795585,47.5430561168396],[-122.098660709302,47.5431129469478],[-122.098689662003,47.5431367752133],[-122.098776227257,47.5431938029184],[-122.098848171532,47.5432316891604],[-122.098877026317,47.5432506983679],[-122.098920211926,47.5432743943772],[-122.098977922395,47.5433124127544],[-122.099021108004,47.5433361081294],[-122.099064195696,47.5433549851057],[-122.099093050482,47.5433739942685],[-122.099136139073,47.5433928712311],[-122.099172110312,47.54341181489],[-122.099200966893,47.5434308228194],[-122.099236937234,47.5434497664645],[-122.099272812353,47.5434638911184],[-122.099301668037,47.5434829002417],[-122.099344559897,47.5434921404147],[-122.099380532034,47.5435110828249],[-122.099416406255,47.5435252074622],[-122.099459494846,47.5435440849768],[-122.09949527115,47.5435533912355],[-122.099567018694,47.5435816404835],[-122.09960991235,47.5435908800327],[-122.099660117395,47.5436096902146],[-122.099696089532,47.543628633795],[-122.099731865836,47.5436379394323],[-122.099774953529,47.5436568156935],[-122.099817847186,47.5436660558358],[-122.09986083786,47.5436801143351],[-122.099903730618,47.5436893544734],[-122.100046838531,47.5437265781821],[-122.100089830104,47.5437406360588],[-122.100161381815,47.5437592478983],[-122.100197060203,47.5437637351619],[-122.100232837406,47.5437730413816],[-122.10030419508,47.543782015906],[-122.100339972283,47.543791321516],[-122.100439990707,47.5438096683467],[-122.100511348382,47.5438186428649],[-122.100554242038,47.5438278823723],[-122.100589922223,47.5438323702364],[-122.100625699426,47.5438416758375],[-122.100668494267,47.5438460963916],[-122.10070427147,47.543855403203],[-122.100747164228,47.5438646414912],[-122.100782940533,47.5438739482994],[-122.100832950643,47.5438831210946],[-122.1008758443,47.5438923605907],[-122.100918932891,47.5439112367603],[-122.100954612177,47.5439157240109],[-122.10099038938,47.5439250295972],[-122.101033282138,47.5439342690858],[-122.101069156359,47.5439483930028],[-122.101119264385,47.5439623847241],[-122.101190622958,47.5439713586097],[-122.101233418698,47.5439757791529],[-122.101269097985,47.543980266398],[-122.101311796707,47.5439798686098],[-122.101383154382,47.5439888437052],[-122.101425950122,47.5439932642469],[-122.101468647946,47.5439928658524],[-122.101504425148,47.5440021720314],[-122.101561355879,47.5440016420516],[-122.101597034268,47.5440061280817],[-122.101639732091,47.5440057309001],[-122.101682527832,47.5440101514403],[-122.101739457664,47.5440096214606],[-122.101775235765,47.5440189264238],[-122.101810914154,47.5440234130588],[-122.101853611977,47.544023015271],[-122.10192497055,47.5440319891463],[-122.101967767189,47.5440364096843],[-122.102017678484,47.5440407641261],[-122.102074608317,47.5440402335404],[-122.102131637863,47.5440445212797],[-122.102181549158,47.5440488757208],[-122.102224345797,47.5440532956511],[-122.102267042722,47.5440528978634],[-122.102309837564,47.5440573183997],[-122.102352536286,47.5440569200057],[-122.102395331128,47.5440613411481],[-122.102452360674,47.5440656282792],[-122.102488039062,47.5440701155166],[-122.102530736886,47.5440697171227],[-122.102573532626,47.5440741370512],[-122.102616427181,47.5440833759073],[-122.10267345493,47.5440876642494],[-122.102709135115,47.5440921502721],[-122.10275904641,47.544096504103],[-122.102808860688,47.5440960396135],[-122.102851656428,47.5441004607525],[-122.102915801529,47.544104680572],[-122.103001392111,47.5441135216355],[-122.103044286666,47.5441227604845],[-122.103094100045,47.544122295389],[-122.103151129591,47.5441265825152],[-122.103193925331,47.5441310036516],[-122.103243837525,47.5441353562664],[-122.103286731181,47.5441445951117],[-122.103329429005,47.5441441973247],[-122.103372224745,47.5441486172469],[-122.103414922569,47.5441482188536],[-122.103500514049,47.544157058697],[-122.103586007613,47.5441610802249],[-122.103671599093,47.544169920066],[-122.103714297815,47.5441695216729],[-122.103750075018,47.5441788260014],[-122.10379277374,47.5441784270019],[-122.10383556948,47.5441828475276],[-122.103871247868,47.5441873335422],[-122.103999636885,47.5442005932968],[-122.104042334709,47.5442001942975],[-122.104099363357,47.5442044814173],[-122.104149373467,47.544213652942],[-122.104249198753,47.5442223599768],[-122.104291994493,47.544226779286],[-122.104341906687,47.5442311324992],[-122.104455963084,47.5442397061271],[-122.104513090546,47.5442488115501],[-122.105126469205,47.5443105514422],[-122.105297358416,47.544313772536],[-122.106238875479,47.5444109940515],[-122.107687626267,47.5445998433177],[-122.108557596111,47.544678438243],[-122.108957394023,47.5447373410038],[-122.109465121821,47.5448530610055],[-122.109837442964,47.5449604115909],[-122.110074456265,47.5450642122553],[-122.110456068683,47.5452775001069],[-122.110622018058,47.5453867859566],[-122.110852311961,47.5455099252414],[-122.111234721184,47.5457617584489],[-122.111768855859,47.5461230081607],[-122.111913657096,47.5462421304117],[-122.112173413944,47.5464131838028],[-122.112404903504,47.5465941414327],[-122.113054999004,47.547055500978],[-122.113523920481,47.5473595240256],[-122.114124217873,47.5478213467476],[-122.114534231426,47.5479564191184],[-122.115022266357,47.5479939338711],[-122.115706416091,47.5479118374588],[-122.115906290344,47.5478707215976],[-122.116191278172,47.5477897855279],[-122.116388758415,47.5476515470162],[-122.116675178158,47.5476288843737],[-122.117016105876,47.5474890252869],[-122.117758689223,47.5473446267245],[-122.118069005051,47.5471273902569],[-122.118265520503,47.54695029995],[-122.11826168829,47.5467949043195],[-122.118545228933,47.5466556899866],[-122.11885745458,47.5465161490649],[-122.119284437309,47.5463753101684],[-122.119480946472,47.5461982179267],[-122.119818981615,47.5459418033278],[-122.120075260186,47.5458611826199],[-122.12050223483,47.545720337719],[-122.120871347191,47.5455607187402],[-122.121471410122,47.5454567686798],[-122.122188626842,47.5454486372928],[-122.122790124383,47.5454029547614],[-122.123478650709,47.545395141103],[-122.123795667969,47.5454498318367],[-122.12419779162,47.545464694507],[-122.12459943018,47.5454601321995],[-122.124892094113,47.545689965528],[-122.125065879493,47.5469120738076],[-122.125535026447,47.547314767837],[-122.125833488107,47.5477776914614],[-122.125843126131,47.5481661802718],[-122.125769585551,47.5486721937362],[-122.12580694828,47.5490215072635],[-122.127131279706,47.5496354034136],[-122.127484226883,47.5498344502953],[-122.127506179912,47.5498631575652],[-122.127816325959,47.5500577920405],[-122.128228022057,47.5503430238682],[-122.128604236498,47.5506334138204],[-122.128771144376,47.5507860393796],[-122.129078000792,47.5511638386271],[-122.129334562332,47.5514351662635],[-122.130866818712,47.5521262828466],[-122.131624362601,47.5525101480225],[-122.131632698967,47.5525225101879],[-122.131632410608,47.5525391745519],[-122.131624999507,47.5525521120751],[-122.131616872449,47.5525645809366],[-122.131435438812,47.5526766144284],[-122.131377340271,47.5527153589829],[-122.131206512145,47.5528241297483],[-122.131109031462,47.5528909335089],[-122.131026561628,47.5529675619604],[-122.130985735893,47.5530222939016],[-122.130964566195,47.5531039354814],[-122.130949687399,47.5531840770023],[-122.130953215083,47.553417351026],[-122.130987179486,47.5536354514318],[-122.131012229906,47.5537962971637],[-122.131011807697,47.5538129993176],[-122.131054687879,47.5540689219216],[-122.13107057728,47.5541709463751],[-122.131070819825,47.5541853761233],[-122.13104950999,47.5542038357189],[-122.130922083967,47.5542818299851],[-122.130805566186,47.5542847709778],[-122.1307239237,47.5544788918964],[-122.130767090444,47.5548283479933],[-122.130809538536,47.5550212010343],[-122.130803105701,47.5550366696721],[-122.130794918455,47.5550467589924],[-122.130780807719,47.5550519188405],[-122.130751934069,47.5550572466211],[-122.130727760405,47.555060735626],[-122.130634276326,47.5550720065349],[-122.130170926201,47.5551164450901],[-122.130153260831,47.555124216074],[-122.130134498618,47.5551307017952],[-122.130114842581,47.555135833141],[-122.130094503825,47.5551395537302],[-122.130066709052,47.5551422533852],[-122.130038629512,47.5551423237108],[-122.130025188919,47.5551414203904],[-122.129992235121,47.5551365291222],[-122.129979466468,47.5551335433144],[-122.129960936918,47.5551280021396],[-122.129943318261,47.5551212351155],[-122.129738945245,47.5552223111571],[-122.129662266849,47.5554647971949],[-122.129635293136,47.5555500997544],[-122.129616231784,47.5556103798228],[-122.129562196323,47.5556577339809],[-122.129535135474,47.5556723233695],[-122.129422162445,47.5556898767054],[-122.129401892859,47.5558068432215],[-122.129390714224,47.5558904738022],[-122.129236389048,47.5559901418704],[-122.129172890734,47.556099959491],[-122.127727317287,47.5569186319778],[-122.127418374983,47.5572691818127],[-122.127339484934,47.5573205374093],[-122.127200116708,47.5573940482149],[-122.126850850827,47.5575793424673],[-122.126810253265,47.5576435903778],[-122.126793836553,47.5578076810509],[-122.126793244563,47.5580023175445],[-122.126793102629,47.5580494052283],[-122.126792662455,47.5581942119883],[-122.126792338163,47.5583007259471],[-122.126792079448,47.5583861263406],[-122.126791743478,47.5584962353795],[-122.126791495543,47.5585780157414],[-122.126791123641,47.5587001013513],[-122.126790911638,47.5587699123202],[-122.126790504701,47.5589039671361],[-122.126790119324,47.5590308040695],[-122.126825595591,47.5590543413925],[-122.126862625944,47.5590729611309],[-122.126895763896,47.5590910225436],[-122.126932398092,47.5591073920197],[-122.127011776824,47.5591321938605],[-122.127048641886,47.5591441513346],[-122.127075618294,47.559159115602],[-122.127075553616,47.5592060234148],[-122.127074755013,47.5593250644027],[-122.127074050734,47.5594301351117],[-122.127072972756,47.559635435364],[-122.127072633193,47.5596858744876],[-122.127072237934,47.559744898597],[-122.127071943287,47.5597888385288],[-122.127041730249,47.5598414755894],[-122.126960850432,47.5599261751293],[-122.126899324818,47.5599973265893],[-122.126871251567,47.5600307548241],[-122.126881598363,47.5601860778696],[-122.126901165466,47.5603386489348],[-122.126939513647,47.5604651114044],[-122.127004776253,47.560577950002],[-122.127085158403,47.5606844100133],[-122.127178825737,47.5607943584313],[-122.12727358183,47.5608890724895],[-122.127357426087,47.5609628165203],[-122.127378894026,47.5610334022123],[-122.12740496583,47.5611628205848],[-122.127418364203,47.5612066999213],[-122.127466101575,47.5612882687374],[-122.127502202172,47.5613259400413],[-122.127548876837,47.5613646800192],[-122.12759304161,47.56144391115],[-122.127682597356,47.5615809372906],[-122.127675138644,47.5616345751728],[-122.127606044724,47.5616841540215],[-122.127551128015,47.5617383312972],[-122.127563921822,47.5618286312798],[-122.127633386746,47.561864731589],[-122.127699662651,47.5619139598496],[-122.127766500901,47.5619857917706],[-122.127790918009,47.5620485867309],[-122.127886205006,47.5622086167937],[-122.127967265384,47.5622878133087],[-122.127992575417,47.562380694029],[-122.128122408925,47.5626788035063],[-122.128123865993,47.5627112237916],[-122.12811614138,47.5627541531795],[-122.128128694437,47.5628202841654],[-122.128179809475,47.5629105149986],[-122.128225496892,47.5629802070043],[-122.128252986238,47.5630251159038],[-122.128249856508,47.5630681201987],[-122.128189416059,47.5631555555894],[-122.128041873163,47.563232209643],[-122.127839751326,47.5633059140059],[-122.127632781281,47.5633261215865],[-122.127564377267,47.5633328505752],[-122.127506312862,47.5633311315039],[-122.127432251259,47.5633224543146],[-122.127349282859,47.5633091181721],[-122.127294849445,47.5632970288993],[-122.127136590546,47.5632740711541],[-122.126973430439,47.5632504017652],[-122.126715846616,47.5631799318064],[-122.126450236346,47.5631019889732],[-122.12630814353,47.5630587780043],[-122.126069506973,47.5630249079895],[-122.126031153402,47.5630269101495],[-122.12597150347,47.5630835779746],[-122.125943702409,47.5631470777986],[-122.125883081399,47.563254872206],[-122.125833530328,47.5633316782607],[-122.12575285892,47.5633920184788],[-122.125295341556,47.5635186032959],[-122.125043170981,47.5635595510981],[-122.124804176895,47.5635646464613],[-122.124494695601,47.5635634008069],[-122.124090238128,47.5635608531252],[-122.123745718945,47.5635647640559],[-122.123288470177,47.5635604324516],[-122.122986137677,47.5635638626992],[-122.12263083871,47.563558372727],[-122.122433381824,47.5635368098663],[-122.122294569655,47.5634693613893],[-122.122207725923,47.5633703815981],[-122.122130760066,47.5632605531508],[-122.12212900386,47.563259171709],[-122.122124682065,47.562932569717],[-122.122118498063,47.562777679131],[-122.122118436977,47.5627666838672],[-122.122117844987,47.562759835997],[-122.122117252099,47.5627557486116],[-122.122116484938,47.5627531384555],[-122.122103534825,47.5627158233922],[-122.122036094703,47.5625467714383],[-122.122036100093,47.5625434393237],[-122.121999219759,47.5623329513286],[-122.121964030055,47.5621542478471],[-122.121934528482,47.5621343507819],[-122.121884944174,47.5621200377897],[-122.121781034248,47.5621128849291],[-122.12157877946,47.5621084083291],[-122.121539350606,47.5621156236262],[-122.121480163307,47.5621395002333],[-122.121373609639,47.5622031860846],[-122.121337884539,47.5622238208366],[-122.121204729061,47.5623055414308],[-122.121048691696,47.5624586488463],[-122.120992671856,47.5625115572134],[-122.12094861578,47.5625429974259],[-122.120899958533,47.5625661603769],[-122.120837175277,47.5625763240185],[-122.120722637384,47.5625907787296],[-122.120530273945,47.5626043811632],[-122.120225972338,47.5626151455107],[-122.119836414322,47.562601797671],[-122.119456237412,47.5625887710974],[-122.118809906752,47.5625666204594],[-122.118315706683,47.5625496804463],[-122.118084525244,47.5625417553843],[-122.118003970618,47.5625569726662],[-122.117935518993,47.5625756166189],[-122.117555268422,47.5628011693082],[-122.117480022839,47.5628706389966],[-122.117426643148,47.5629305057246],[-122.117367109099,47.5629547414161],[-122.117316821409,47.5629688759678],[-122.117230139374,47.5629749606493],[-122.117205803115,47.5629761105437],[-122.116931441458,47.562966625278],[-122.116628934684,47.5629659324316],[-122.116578434992,47.562971500055],[-122.116189114131,47.5631605533997],[-122.116051768911,47.5632180721315],[-122.115986802749,47.5632787834512],[-122.115935424505,47.5633343435486],[-122.115829661355,47.5633662397059],[-122.115652411173,47.5634137874934],[-122.115603763807,47.5634173201915],[-122.115512045816,47.5634197824116],[-122.115438166571,47.5634184737131],[-122.115360965355,47.5634105966691],[-122.115310994771,47.5633949171352],[-122.115266581165,47.5633699391012],[-122.115264159307,47.563335466764],[-122.115261249664,47.5632640973763],[-122.115262087792,47.5631599908809],[-122.115264681228,47.5631092762669],[-122.115266259568,47.563087196164],[-122.115255541769,47.5630706588118],[-122.115218347923,47.5630596539109],[-122.11505888618,47.5630528830619],[-122.114951155719,47.5630476712653],[-122.11479700302,47.5630422685267],[-122.114686160795,47.5630392340701],[-122.114627188194,47.5630434687313],[-122.114526053164,47.5631030291493],[-122.114383459087,47.5633181936111],[-122.114333753506,47.5634309448383],[-122.114332533594,47.5634323996209],[-122.114307540666,47.5634660469119],[-122.114286122135,47.5634959202376],[-122.114262944702,47.5635186736102],[-122.114222208799,47.5635351986978],[-122.114156512307,47.5635448638895],[-122.114053798938,47.5635506623975],[-122.113936627184,47.5635476976785],[-122.113814834496,47.5635283630514],[-122.113623363983,47.5634879995618],[-122.1133028927,47.5634734353835],[-122.1132933481,47.5634714011141],[-122.113278478287,47.5634672840824],[-122.113262185543,47.5634481888584],[-122.113205619528,47.5632368304136],[-122.113197484385,47.5630586107031],[-122.113121955832,47.5626817070514],[-122.113122777791,47.5626809723757],[-122.113112532505,47.5626668316847],[-122.112994256721,47.5624598666432],[-122.1129144459,47.5623457791414],[-122.11278278432,47.5622154841335],[-122.112333162249,47.5619732087649],[-122.112125354974,47.5618824052982],[-122.111647578804,47.5617025739984],[-122.111334582403,47.5615686148455],[-122.111037300231,47.5614672364375],[-122.110725839949,47.5613905882878],[-122.110401441232,47.5613496102997],[-122.110131899036,47.56134405584],[-122.109932460466,47.5613538044831],[-122.109747597062,47.561376260544],[-122.109504979172,47.5614347632506],[-122.109258424864,47.5615265604184],[-122.10889407627,47.5616860095373],[-122.10863585105,47.5618596360604],[-122.108498359404,47.5620877608019],[-122.108408521588,47.5623416020102],[-122.108354226513,47.562739519694],[-122.108351921436,47.5634420672562],[-122.108269246786,47.5641332794609],[-122.108189170063,47.5642797854153],[-122.108048693316,47.5644000035314],[-122.107852587496,47.5645262379845],[-122.107623958171,47.5646258726535],[-122.107307311017,47.5647103129084],[-122.10689480913,47.5647850419991],[-122.106335664459,47.5648642709877],[-122.105878233334,47.5649204610036],[-122.105525614042,47.5649094570974],[-122.105289634701,47.5648615318282],[-122.104999248896,47.5647708703565],[-122.104740167582,47.5646509628317],[-122.104362483497,47.5644818140775],[-122.103951382982,47.564255247868],[-122.10353755608,47.5640454850416],[-122.103218339744,47.5638418805129],[-122.103103987801,47.563766995507],[-122.102933385152,47.563692737766],[-122.102749420064,47.5636471899434],[-122.102509669596,47.5636213058247],[-122.102206602273,47.5636152497077],[-122.101131781511,47.5637764200123],[-122.100631144115,47.5638802700917],[-122.100281675215,47.5639698480907],[-122.099904544492,47.5640787743092],[-122.099499748354,47.5642070474142],[-122.09920652477,47.5642959962774],[-122.09884437615,47.5644428333394],[-122.098621922743,47.5645500334816],[-122.098512198022,47.5646654981938],[-122.098458493141,47.5647708200465],[-122.098448130176,47.5649232613804],[-122.098452522938,47.5651040981213],[-122.098484808389,47.5652751063161],[-122.098547764121,47.565550495333],[-122.09862547558,47.5658542819827],[-122.098702957968,47.5661485506625],[-122.098780441254,47.5664428189013],[-122.098871525034,47.5667178962938],[-122.098904276711,47.5669079386392],[-122.098878926254,47.5670224647325],[-122.098728164695,47.5671859890124],[-122.098605760254,47.5673587172293],[-122.09845431328,47.5675180661655],[-122.0983872244,47.5676277190059],[-122.098306082275,47.5677619069268],[-122.098224708385,47.5678865767932],[-122.098180909227,47.5680061459772],[-122.097804962484,47.5682782579816],[-122.097617449948,47.5684385199396],[-122.097121885339,47.56892914708],[-122.096682424112,47.5694552143683],[-122.09650474184,47.569698255774],[-122.096320929465,47.5698853605227],[-122.096263979869,47.5699712844772],[-122.096195713298,47.5702301470462],[-122.096117222101,47.5703802572702],[-122.096009576981,47.570527880329],[-122.095964622589,47.5706195439837],[-122.095917364019,47.5708385394728],[-122.095799065777,47.5710223770586],[-122.095744764415,47.5709892546311],[-122.095589973013,47.5708732020278],[-122.095370523572,47.5707530763458],[-122.095152302129,47.5706835595337],[-122.094830972955,47.57058321455],[-122.094601912439,47.5705537834597],[-122.094369948568,47.5705670135126],[-122.094289101091,47.5705612497216],[-122.094151471104,47.5705681038449],[-122.094017583499,47.5705669238133],[-122.093975127323,47.5706020320143],[-122.093822140636,47.5706250435191],[-122.093788328947,47.5706920276197],[-122.093597708241,47.5706970434994],[-122.093525047111,47.5707176524808],[-122.093457502784,47.5707481071392],[-122.093404864204,47.5707899499163],[-122.093359581927,47.5708333605728],[-122.093343233487,47.5708632478792],[-122.093312138304,47.5708883484032],[-122.093172929977,47.5709806599241],[-122.093129804555,47.5710124944547],[-122.093057501853,47.5710479526663],[-122.092999828215,47.5710832490329],[-122.092961418949,47.5711084300589],[-122.092949907038,47.5711366129388],[-122.092945788263,47.5711680158529],[-122.092956418926,47.571204206091],[-122.092974761626,47.5712568141058],[-122.093017244752,47.5712854041839],[-122.09311254702,47.5713189852178],[-122.093207333656,47.5713312574899],[-122.093263403801,47.5713706015908],[-122.093276437458,47.5714210809313],[-122.093249658679,47.571453349744],[-122.093214813927,47.5714777154329],[-122.093148609888,47.5715077575245],[-122.09301891472,47.5715171866976],[-122.092932148243,47.571511439981],[-122.092869797078,47.5715374892932],[-122.092771588759,47.5715465705794],[-122.092720677639,47.5715577912748],[-122.092664841954,47.5715507075823],[-122.092599134683,47.5715563864153],[-122.092538384315,47.5715653113333],[-122.092467721936,47.5715677440793],[-122.092404372743,47.5715700962185],[-122.092331072012,47.5715643058711]]]},"properties":{"OBJECTID":23,"SD_BASIN_ID":29,"BASIN":"LEWIS CREEK","TYPE":"BASIN","BASIN_NO":95,"SYMBOL":19,"SysChangeUser":"gisdba_cobgis","SysCreateDate":"Fri, 02 Oct 2026 19:14:30 GMT","SysChangeDate":"Fri, 02 Oct 2026 19:14:30 GMT","SysCreateUser":"gisdba_cobgis"}},{"type":"Feature","id":24,"geometry":{"type":"Polygon","coordinates":[[[-122.101806436052,47.6146798380888],[-122.101829045749,47.6147015288586],[-122.102263718956,47.6152257507093],[-122.102569076982,47.615546135693],[-122.102804129261,47.6157244656127],[-122.103107252279,47.6159222924837],[-122.103226588973,47.6160192587933],[-122.103302829889,47.616118242614],[-122.103310112531,47.6162413119276],[-122.103311416885,47.6163570508088],[-122.103305399071,47.6164559486082],[-122.103282067128,47.6166007519191],[-122.103272754294,47.6167237795257],[-122.103259929046,47.6168516493545],[-122.103239782529,47.6169626763915],[-122.10321301992,47.6171195533319],[-122.103185958172,47.6172499073142],[-122.103152062042,47.6174068215416],[-122.103164934002,47.617599665783],[-122.103187879669,47.6177369954943],[-122.103217630973,47.617845354505],[-122.103279940816,47.6179945392004],[-122.103371079393,47.6181701007836],[-122.103440385315,47.6183071916311],[-122.103498777606,47.6184250489024],[-122.103607420754,47.6185715827891],[-122.103694233943,47.6186796476041],[-122.103770511691,47.6188022343459],[-122.103844311885,47.6190212898629],[-122.103892521771,47.6191850150455],[-122.103954536068,47.619307675686],[-122.103976804406,47.6193847246809],[-122.104002911245,47.6194858680417],[-122.104037211617,47.6196810128125],[-122.10405656582,47.6198159501496],[-122.104141530276,47.6200759407492],[-122.103113964491,47.6200535498243],[-122.101688288727,47.6200450764017],[-122.101274181551,47.6200349360249],[-122.101146026096,47.6200125626421],[-122.101013183232,47.6199783413387],[-122.100607229165,47.6199322854126],[-122.100488161966,47.6199217102609],[-122.100293876133,47.6198941216087],[-122.100134144895,47.6198848828008],[-122.100064612597,47.6198758480468],[-122.099862470997,47.6198870232641],[-122.099648819283,47.6199512813224],[-122.09941018093,47.6200676078071],[-122.099258992671,47.6202106711964],[-122.099182026814,47.6202835003334],[-122.098969480028,47.6203419505486],[-122.098645040887,47.6204311697728],[-122.098231002881,47.620545027179],[-122.097862353153,47.6207220043251],[-122.097834387699,47.620725018485],[-122.097663900035,47.6207919136568],[-122.097541941159,47.6208319023725],[-122.097471912092,47.6209251376066],[-122.097433546843,47.6209761407491],[-122.097435642613,47.6210623950066],[-122.09744574327,47.6211158351189],[-122.097411487813,47.6211548923415],[-122.097290187402,47.6212335916025],[-122.097085445179,47.6213191684982],[-122.096871146678,47.6214290943536],[-122.096618211637,47.6215661954259],[-122.096391651132,47.6217229671257],[-122.096188092889,47.6219038759206],[-122.095758355027,47.6223401787313],[-122.095526073152,47.6225043482326],[-122.095370874814,47.6226346470121],[-122.095202174797,47.6228512785115],[-122.095058964476,47.6230502275987],[-122.094880469229,47.6232345654045],[-122.094724993311,47.6234204495233],[-122.094587263612,47.6236193025976],[-122.094472908076,47.6238245794545],[-122.094371347245,47.624032827698],[-122.094121526663,47.6245451660312],[-122.093876009011,47.6250486695182],[-122.093912571341,47.6251267871393],[-122.093953247955,47.6251709628217],[-122.094046661965,47.6252240790598],[-122.094284652633,47.6252957993061],[-122.094326850994,47.6253334306152],[-122.094354979042,47.6254045216574],[-122.094382499829,47.625454769077],[-122.094252726508,47.6257209089214],[-122.094006692325,47.6262254599847],[-122.093880672165,47.6264838936322],[-122.093766637328,47.6266344286043],[-122.093586057092,47.6267563283032],[-122.09351436165,47.626787671213],[-122.093442090389,47.6268721032395],[-122.093364948462,47.6270458429599],[-122.093274139567,47.6271123001936],[-122.092994499409,47.6271957224586],[-122.092823318245,47.6272092851026],[-122.09258092134,47.6272002988372],[-122.092354218004,47.6272310166865],[-122.092243404525,47.6271976156106],[-122.091974751661,47.6273739212263],[-122.091844630692,47.6275355636484],[-122.087236040621,47.6275081921212],[-122.087204598688,47.6274949056252],[-122.08726455764,47.6274212110992],[-122.087267731388,47.6273394474383],[-122.087343329111,47.6272742751952],[-122.087353120747,47.6272002631174],[-122.087408564767,47.627152702421],[-122.087459382462,47.6270199853397],[-122.087526636632,47.6269288212344],[-122.087479510114,47.6268945626841],[-122.087567963627,47.6268292482167],[-122.087659202816,47.6265624910296],[-122.087694225434,47.626394274256],[-122.087704516533,47.6263444333783],[-122.087671218681,47.6262981796355],[-122.087610850995,47.6262732043651],[-122.08758358533,47.6261911428518],[-122.087533302132,47.6261077813432],[-122.087578102912,47.6260591135241],[-122.087601513008,47.6259802919644],[-122.087610876148,47.6259419321763],[-122.087591870492,47.6259004089561],[-122.087618856781,47.6258462048298],[-122.087653944078,47.625754525266],[-122.087670478469,47.6256934819544],[-122.087669304371,47.625644805879],[-122.087660415541,47.6255962139143],[-122.08761792972,47.62554103653],[-122.087617258678,47.6255132219866],[-122.087657439423,47.6254727845872],[-122.08775921046,47.6254264513656],[-122.087849472281,47.6253828534909],[-122.087919420499,47.6252968757842],[-122.087920608072,47.6252394785267],[-122.087934990099,47.625195847802],[-122.087995322751,47.6251377983694],[-122.088054773256,47.6250432429048],[-122.088117384035,47.6249729959699],[-122.088126922346,47.6248885542158],[-122.088228272972,47.6248248356263],[-122.088298267004,47.6247528138254],[-122.088330097009,47.6246741670873],[-122.088347173983,47.6246357227886],[-122.088312192687,47.6245717689756],[-122.088366368285,47.6245250904532],[-122.088395632702,47.6244586886589],[-122.088432023455,47.6243678651952],[-122.088446362363,47.6243224954832],[-122.088471278934,47.6242891815506],[-122.088469643102,47.624221382065],[-122.088430610405,47.6242026843802],[-122.08848929824,47.624129872812],[-122.088478509474,47.6241091250172],[-122.08852265628,47.6240199544519],[-122.088601575075,47.6239860445554],[-122.088612754608,47.6239163653314],[-122.088680463326,47.6238443235096],[-122.088772113045,47.6238050563852],[-122.088850819837,47.6237624543523],[-122.088912414621,47.6237035223811],[-122.088941509256,47.6236301664123],[-122.089014695901,47.623571975379],[-122.089070979845,47.6235061433265],[-122.089160649676,47.6234382065957],[-122.089237383768,47.6233138972744],[-122.089300709606,47.6232201667898],[-122.08936824944,47.6231411708126],[-122.089453241744,47.6230393763782],[-122.089459654817,47.6229854005747],[-122.089544515967,47.6229314271375],[-122.089567418515,47.6228146674522],[-122.089652788112,47.6227285190162],[-122.089720871427,47.6226721216029],[-122.089732007842,47.6226007035214],[-122.089850678884,47.6225089710382],[-122.089897435296,47.62242150882],[-122.089996884188,47.6223325963367],[-122.090140848195,47.6222231936983],[-122.090194175784,47.622194782809],[-122.090269718709,47.6221278694516],[-122.090330974829,47.6220550289577],[-122.090450735527,47.6220084947144],[-122.090542548739,47.6219761801682],[-122.090595411899,47.6219286455982],[-122.09059773584,47.6218651498514],[-122.090766016344,47.6218041679956],[-122.090852054287,47.6217458332462],[-122.090862809816,47.6216587687661],[-122.090928488341,47.6216093538736],[-122.090957747369,47.621542952614],[-122.090980350778,47.6214140231498],[-122.090969394026,47.6213863214533],[-122.090949301408,47.621358376941],[-122.091050454404,47.6212640199011],[-122.091116641376,47.6212446399821],[-122.091166519434,47.6212161171508],[-122.091191596803,47.6211621552075],[-122.091280120385,47.6211003151554],[-122.091348922352,47.620967397426],[-122.091360264481,47.6209046719111],[-122.091487610554,47.6208528361438],[-122.091556195129,47.6208172990441],[-122.091663179988,47.6207743833518],[-122.091730414396,47.6207362534649],[-122.091747530895,47.6206995464669],[-122.091870152728,47.6206651518355],[-122.091940676766,47.6206035097987],[-122.091975160395,47.620540528327],[-122.092059088195,47.6205013434907],[-122.092111401586,47.6204312085248],[-122.092216826969,47.6203770053878],[-122.092243933633,47.6203280161618],[-122.092510844663,47.6201981233747],[-122.092622632814,47.6201412418569],[-122.092666220868,47.6200825062251],[-122.09280877991,47.6200218056659],[-122.092899366922,47.6199390743379],[-122.093038091056,47.6198262492117],[-122.093111142055,47.6197628393155],[-122.093271656624,47.619700200154],[-122.093324389527,47.61964744948],[-122.093456745505,47.6195903390859],[-122.093605583771,47.6195234823404],[-122.093771154956,47.6194573091311],[-122.094089819726,47.6193407499828],[-122.094351410035,47.6192569930488],[-122.094521616527,47.6191699002032],[-122.094665098139,47.6191474428893],[-122.094896969484,47.6190579284049],[-122.094886263362,47.6190406572848],[-122.095035856213,47.619005090494],[-122.095147429667,47.6189395136682],[-122.095412514422,47.6188409342247],[-122.095741330155,47.6187190414988],[-122.095945505541,47.6186541758004],[-122.096134380822,47.618594696735],[-122.096261705335,47.6185497900806],[-122.096418721863,47.6185167467706],[-122.096763275182,47.6184076401194],[-122.09676220439,47.6183635465224],[-122.097099819122,47.6181855114114],[-122.097247625224,47.6181198463619],[-122.097516402954,47.6179233678398],[-122.097621582199,47.6178788057604],[-122.097676965132,47.6178198586791],[-122.097741165929,47.6178053398892],[-122.097732967904,47.6177865133537],[-122.097863389808,47.6176982766324],[-122.097828833416,47.6176616692307],[-122.097944527442,47.6175735957925],[-122.097982151581,47.6175632187785],[-122.098044120064,47.6175155796774],[-122.098105054586,47.6174686635404],[-122.098163334587,47.6174424057689],[-122.098204543004,47.6174063795012],[-122.09824353887,47.6173889037703],[-122.098279339429,47.6173671341847],[-122.098298530139,47.6173258687721],[-122.098334716973,47.6172643166563],[-122.098397509212,47.6171645023913],[-122.098455269088,47.6171169095533],[-122.0985322053,47.6170790628131],[-122.098594587009,47.6170484909883],[-122.098603791147,47.6169943243099],[-122.098675999526,47.6169351897252],[-122.098733171904,47.6168634168316],[-122.098782412158,47.616811650328],[-122.098900827181,47.6167057616059],[-122.098988411124,47.6165867002707],[-122.099060998592,47.6165432106827],[-122.099120135586,47.6164657239297],[-122.099245066987,47.6163682994437],[-122.099312928419,47.6163035210555],[-122.099362929546,47.6162830462844],[-122.099517411927,47.6161461669162],[-122.099516789394,47.6161205642907],[-122.099560271448,47.6160916256789],[-122.099849476867,47.6158707266973],[-122.099941717677,47.6158135019672],[-122.100052376645,47.6157781249417],[-122.100201825766,47.6156939420457],[-122.10029864978,47.6156089221368],[-122.100388511851,47.6156082741925],[-122.100595342657,47.6154797055382],[-122.100672307616,47.6154432800671],[-122.10079402754,47.6153437542049],[-122.100865340299,47.6153344243647],[-122.100958059013,47.6152537178774],[-122.101106471477,47.6151702559653],[-122.101219358268,47.6150537562937],[-122.101280592827,47.6149762455333],[-122.101506955702,47.614839689749],[-122.101668822235,47.6147557148679],[-122.101742683515,47.6147270952393],[-122.1018057174,47.6146801535888],[-122.101806436052,47.6146798380888]]]},"properties":{"OBJECTID":24,"SD_BASIN_ID":31,"BASIN":"ROSEMONT","TYPE":"AREA","BASIN_NO":88,"SYMBOL":52,"SysChangeUser":"gisdba_cobgis","SysCreateDate":"Fri, 02 Oct 2026 19:14:30 GMT","SysChangeDate":"Fri, 02 Oct 2026 19:14:30 GMT","SysCreateUser":"gisdba_cobgis"}},{"type":"Feature","id":25,"geometry":{"type":"Polygon","coordinates":[[[-122.196979489975,47.6266157257283],[-122.19683664437,47.6266154042461],[-122.196676106446,47.6266201677527],[-122.196561427517,47.6266073623463],[-122.196453964754,47.6265968654343],[-122.196377929552,47.626564181386],[-122.196286225935,47.626488275125],[-122.196244647412,47.6264164626732],[-122.196190810478,47.6262665282673],[-122.196109410537,47.6261491451698],[-122.196044194644,47.6261218940032],[-122.195957289827,47.626107330295],[-122.195792052815,47.6260916598493],[-122.195581294575,47.626073234068],[-122.195380397141,47.6260648621232],[-122.195121112808,47.6260537124439],[-122.194873693422,47.6260459295837],[-122.194558091907,47.6260079179689],[-122.194332496193,47.625987456685],[-122.194178187187,47.6259610954244],[-122.193976386048,47.6259299681596],[-122.193771612384,47.6259001740468],[-122.19363809219,47.6258731782447],[-122.193480842998,47.6258394517869],[-122.193325630286,47.6257903369052],[-122.193155711256,47.6257043937732],[-122.192960091424,47.6256097079533],[-122.192740844104,47.6254821925366],[-122.192603609377,47.6253902834771],[-122.19239128178,47.6252654569055],[-122.192197734362,47.62514668388],[-122.191998207757,47.6250392760216],[-122.191727528294,47.6249029705344],[-122.191414139329,47.6248060697416],[-122.191202518706,47.6247561843627],[-122.191044271486,47.6247257980564],[-122.190841442674,47.6247067076149],[-122.190640485054,47.6247157251869],[-122.190477125521,47.6247281532561],[-122.190271154403,47.6247538891038],[-122.189983905514,47.6248102618695],[-122.189673862774,47.624873955048],[-122.189448940796,47.6249371280695],[-122.189224019717,47.6250003004092],[-122.188902911529,47.625109473221],[-122.188684771832,47.6252101278109],[-122.188539123483,47.6252493502879],[-122.188414195675,47.6253053368522],[-122.188303068685,47.6253753998915],[-122.188226531324,47.6254589066631],[-122.188184720137,47.6255210630484],[-122.188122052765,47.62560124754],[-122.187816983996,47.6256569152663],[-122.187602787005,47.6256841581991],[-122.187433160825,47.6257104638991],[-122.1873016834,47.6257445694442],[-122.187155508638,47.6258108902928],[-122.186668498685,47.6258081070977],[-122.186667028143,47.6258080986216],[-122.186663775343,47.6258080804585],[-122.186661684964,47.6258080683497],[-122.186653968435,47.6258080241528],[-122.186644430124,47.6258079696635],[-122.186633825512,47.6258079085143],[-122.186625314873,47.6258078600793],[-122.186621367675,47.6258078370727],[-122.186607492298,47.6258077583658],[-122.18659833577,47.6258077062982],[-122.186586121377,47.6258076354621],[-122.186564847474,47.6258075143746],[-122.186557344745,47.6258074707831],[-122.186543124414,47.62580739026],[-122.18652639419,47.6258072939954],[-122.186506960936,47.6258071832004],[-122.186496712057,47.6258071238675],[-122.186482488133,47.6258070433444],[-122.186476358927,47.6258070082291],[-122.186442815835,47.6258068157],[-122.186425916728,47.6258067200409],[-122.186363883566,47.6258063640437],[-122.186305325087,47.6258060292369],[-122.186226589549,47.6258055787916],[-122.18618148963,47.6258053208753],[-122.185928634539,47.6258038738801],[-122.185795616503,47.6258031116345],[-122.18579559135,47.6258179496905],[-122.185795514994,47.6258246228186],[-122.185795425162,47.625843289046],[-122.185795332636,47.6258628046943],[-122.185795164651,47.6258978515934],[-122.185794936479,47.6259458287605],[-122.185794751426,47.6259845802623],[-122.185794515169,47.6260340866777],[-122.185794413659,47.6260553113962],[-122.185794260946,47.6260873176766],[-122.185794030977,47.6261354914356],[-122.185793877365,47.6261677622412],[-122.185793579124,47.6262302979951],[-122.185604375061,47.626232657365],[-122.185595234703,47.6258283680522],[-122.185595170024,47.6258212245001],[-122.185594994853,47.6258035741886],[-122.185594890648,47.6257931697471],[-122.185594737036,47.6257777098996],[-122.185593989638,47.6257024557646],[-122.185593534192,47.6256566294991],[-122.18559279937,47.6255828530686],[-122.185592521791,47.6255548829494],[-122.185592235228,47.6255260306883],[-122.185591998971,47.62550225806],[-122.185591450999,47.6254472040866],[-122.185591181504,47.6254201462954],[-122.185590883264,47.6253900885247],[-122.18559050687,47.6253523252699],[-122.185590164611,47.6253177896043],[-122.185589927456,47.6252939811601],[-122.185589617537,47.6252627554162],[-122.185589043514,47.6252050669026],[-122.185588818037,47.6251824614254],[-122.185588552135,47.6251556941107],[-122.185588362591,47.6251366419693],[-122.185588007756,47.6251009576312],[-122.185587703227,47.6250703202653],[-122.185587380732,47.6250378889444],[-122.185586830963,47.624982542051],[-122.185586549791,47.6249542779687],[-122.185586318924,47.6249310929698],[-122.18558607009,47.6249060916175],[-122.185585804189,47.6248793053925],[-122.1855854251,47.6248412226973],[-122.185585186148,47.6248171458223],[-122.185584887009,47.624787109501],[-122.18558461482,47.6247597286637],[-122.185584319274,47.6247299968506],[-122.185584106373,47.6247085457612],[-122.185583970727,47.6246948789363],[-122.185583715606,47.6246693077421],[-122.185583519773,47.6246496511836],[-122.185583319449,47.62462944729],[-122.185582881071,47.6245853952675],[-122.185582683442,47.6245654607751],[-122.185582505575,47.6245476169005],[-122.185582336692,47.6245306690889],[-122.185582183978,47.6245152179497],[-122.185581962095,47.6244929064241],[-122.185581668345,47.6244634329877],[-122.185581592887,47.6244557061978],[-122.185581399749,47.6244363722655],[-122.185581336867,47.6244301191449],[-122.185581245239,47.6244209174658],[-122.185581157204,47.6244119712864],[-122.185581035033,47.6243997768471],[-122.185580842794,47.6243804550032],[-122.185580619113,47.6243578558294],[-122.185580358602,47.6243316554033],[-122.185580162769,47.6243120108269],[-122.185579956156,47.6242911825789],[-122.185579683967,47.6242638244891],[-122.185579482744,47.6242435919901],[-122.1855793462,47.6242299026417],[-122.185579089282,47.624204037574],[-122.185578948247,47.624189754263],[-122.185578667074,47.6241614800647],[-122.185578405664,47.6241353110239],[-122.18557810383,47.6241049818751],[-122.1855778532,47.6240797113047],[-122.185577572028,47.624051434625],[-122.185577370805,47.6240312020437],[-122.185577155209,47.6240094878986],[-122.185576756357,47.6239693230032],[-122.18557653627,47.6239473091303],[-122.185576441947,47.6239377810239],[-122.185576303607,47.6239237918933],[-122.185576108672,47.6239041725929],[-122.185575892178,47.6238824493132],[-122.185575596632,47.6238526982319],[-122.18557520856,47.6238137526132],[-122.185574916608,47.6237843018014],[-122.185574650706,47.6237575186342],[-122.185574348872,47.6237271729188],[-122.185574262634,47.6237185469099],[-122.185573949122,47.6236870168884],[-122.185573419116,47.6236337773906],[-122.185573297844,47.6236215924572],[-122.185573005891,47.6235921161076],[-122.185572812753,47.6235727564264],[-122.185572430969,47.6235343985044],[-122.18557215878,47.6235070273038],[-122.185571633265,47.6234540976205],[-122.1855710817,47.6233987405737],[-122.185570571457,47.6233472984101],[-122.185570130384,47.6233029462067],[-122.185569683921,47.6232580284597],[-122.185569313815,47.6232208606553],[-122.185568905082,47.6231798008781],[-122.185568441551,47.6231330950776],[-122.185568080428,47.6230967772624],[-122.185567804646,47.6230691212622],[-122.185567547727,47.6230432338233],[-122.185567285419,47.6230167899449],[-122.185566849736,47.6229730689665],[-122.185566618869,47.6229498491825],[-122.185566453579,47.6229330358728],[-122.185556531687,47.6229327906572],[-122.185554359561,47.6229327361648],[-122.185547311379,47.6229325605783],[-122.185535824622,47.6229322754017],[-122.185517265428,47.6229318128222],[-122.185494387134,47.6229312436799],[-122.185460852126,47.6229304099468],[-122.18541726497,47.6229293255489],[-122.18537604218,47.6229282992762],[-122.185354337985,47.6229277591964],[-122.185324410611,47.6229270144676],[-122.185281702906,47.6229259518665],[-122.18523004798,47.6229246664523],[-122.185170703476,47.6229231903148],[-122.185133677615,47.6229222687884],[-122.185122721762,47.6229219957211],[-122.185101348146,47.6229214635124],[-122.185030936398,47.6229197118856],[-122.18502441912,47.6229195496194],[-122.18501016645,47.6229191948136],[-122.185001200365,47.6229189720004],[-122.184982487559,47.6229185057879],[-122.184945308086,47.6229175806286],[-122.184931229689,47.622917230061],[-122.184916311367,47.6229168595129],[-122.184891738851,47.6229162467765],[-122.184869562142,47.6229156951926],[-122.184861797104,47.6229155020475],[-122.184849853104,47.6229152053668],[-122.184836653259,47.6229148759906],[-122.184824673327,47.6229145787045],[-122.184810020008,47.6229142136056],[-122.184787980741,47.622913665049],[-122.184778064238,47.622913418017],[-122.184767995921,47.6229131673521],[-122.184756213617,47.6229128743042],[-122.184733968636,47.6229123209039],[-122.184723187056,47.6229120520748],[-122.184705386939,47.6229116094756],[-122.184682081945,47.6229110288291],[-122.18467427289,47.622910834473],[-122.18466309156,47.6229105559565],[-122.18465206474,47.6229102822836],[-122.184640900478,47.622910003767],[-122.184630354256,47.6229097409926],[-122.184623721994,47.6229095763046],[-122.18461550241,47.6229093722609],[-122.18460778678,47.6229091797212],[-122.184601108704,47.6229090132167],[-122.184595284926,47.6229088685092],[-122.184586000837,47.6229086378248],[-122.184576576612,47.6229084035076],[-122.184553770183,47.6229078355758],[-122.184548291358,47.6229076993449],[-122.184541096751,47.6229075201256],[-122.184534446523,47.6229073542265],[-122.184523541874,47.6229070829756],[-122.184511787418,47.6229067905331],[-122.184495116483,47.6229063757856],[-122.18448938613,47.6229062334999],[-122.184483372808,47.6229060833432],[-122.184477672099,47.622905941663],[-122.184468043057,47.622905701291],[-122.184456183499,47.6229054064267],[-122.184437521897,47.6229049420305],[-122.18442990059,47.6229047525181],[-122.184421776227,47.6229045502908],[-122.184413288046,47.6229043389815],[-122.184401540777,47.622904046539],[-122.184389644388,47.6229037504638],[-122.184384687484,47.6229036269477],[-122.184377310519,47.6229034428845],[-122.184370649511,47.6229032769855],[-122.18436007095,47.6229030142112],[-122.184346738155,47.6229026818076],[-122.184329433009,47.6229022513177],[-122.184314723096,47.6229018856133],[-122.184307739593,47.6229017112377],[-122.184294283729,47.6229013758068],[-122.184267257015,47.6229007037341],[-122.184260495396,47.6229005354131],[-122.184249186505,47.6229002532637],[-122.184234366099,47.6228998851373],[-122.184222552355,47.6228995908784],[-122.184209574394,47.6228992681624],[-122.184189444047,47.6228987668324],[-122.18416632231,47.6228981910295],[-122.184163038967,47.6228981092909],[-122.184151324038,47.622897817454],[-122.184134801325,47.6228974063392],[-122.18410904932,47.6228967657508],[-122.184098922612,47.6228965132694],[-122.18408475079,47.6228961608853],[-122.184072120477,47.6228958454349],[-122.184056220297,47.6228954506678],[-122.184045771093,47.6228951903152],[-122.184032425722,47.6228948573062],[-122.18402130907,47.6228945812114],[-122.184011715063,47.6228943420504],[-122.184000955042,47.6228940738267],[-122.183976557697,47.6228934665393],[-122.18396182353,47.6228931002293],[-122.183957087612,47.622892981557],[-122.183954596584,47.6228929210099],[-122.183953348824,47.6228923215935],[-122.183949010859,47.6228902393786],[-122.183944892982,47.6228882613045],[-122.183941819845,47.6228869468268],[-122.183936386835,47.6228853035781],[-122.183927723482,47.6228826800717],[-122.18392417873,47.6228821745033],[-122.183918990959,47.6228814291683],[-122.183910350963,47.6228801867414],[-122.183905863878,47.6228795419146],[-122.183901165689,47.6228791961905],[-122.183898463557,47.6228789969905],[-122.18389447863,47.622878703337],[-122.1838918286,47.6228785083752],[-122.183888124846,47.6228782347023],[-122.183883085297,47.6228778635484],[-122.183880873645,47.6228777000712],[-122.183879085099,47.6228776897781],[-122.183873595494,47.6228776576882],[-122.183867551629,47.6228776225709],[-122.183859928526,47.6228775789769],[-122.183853888254,47.6228775432541],[-122.183849231387,47.6228775160079],[-122.183844865575,47.6228774905781],[-122.183839946401,47.622877462121],[-122.183835287738,47.6228774348748],[-122.183829087565,47.6228773985465],[-122.18382346501,47.6228773664566],[-122.183819667831,47.6228773440541],[-122.183813057129,47.6228773053039],[-122.183807965478,47.6228772938],[-122.183796714079,47.6228772931945],[-122.183789953358,47.6228772938],[-122.183784599399,47.6228772931945],[-122.183773053353,47.6228772938],[-122.183762637387,47.6228772931945],[-122.183750945814,47.6228773113586],[-122.183739108713,47.622877346476],[-122.183727294071,47.6228773821988],[-122.183718551666,47.622877408234],[-122.18370982094,47.6228774354803],[-122.183699264837,47.6228774675702],[-122.183687566976,47.6228775045039],[-122.183667604613,47.622877715208],[-122.183662821084,47.622877841146],[-122.183658176794,47.6228779628456],[-122.183653244145,47.6228780936275],[-122.183647895576,47.6228782334913],[-122.183641013583,47.6228784145272],[-122.183632426587,47.6228786409734],[-122.183625111605,47.6228788329078],[-122.183614378534,47.6228790133382],[-122.183597498292,47.6228790648033],[-122.183587217972,47.6228790962878],[-122.183575111377,47.622879132616],[-122.183564408848,47.6228791641006],[-122.183556650998,47.6228791683389],[-122.183550884712,47.6228791501747],[-122.183545811925,47.6228791350379],[-122.183537935497,47.6228791102136],[-122.183530597159,47.6228790878112],[-122.183523693607,47.6228790660142],[-122.183516083079,47.6228790424009],[-122.183506072254,47.6228790109163],[-122.183499475925,47.6228789903303],[-122.183494408528,47.622878974588],[-122.183489481269,47.6228789594513],[-122.183485121745,47.6228789110136],[-122.183480460387,47.6228787917358],[-122.18347483334,47.6228786470281],[-122.183467488714,47.6228784581211],[-122.183460368667,47.6228782746633],[-122.183451005527,47.622878229253],[-122.18342988883,47.6228781269284],[-122.183423970728,47.6228780984712],[-122.183407213555,47.6228780227873],[-122.183382685955,47.6228779162244],[-122.183372422703,47.622877872025],[-122.183357496296,47.6228778072396],[-122.183342568991,47.6228777424542],[-122.183326236721,47.6228777146025],[-122.183304546,47.6228778048177],[-122.183276531139,47.6228779289393],[-122.183271602982,47.6228779507362],[-122.183258510935,47.6228780088615],[-122.183244141483,47.6228780239983],[-122.183228656324,47.6228779852481],[-122.183206811093,47.6228779337831],[-122.183196830811,47.6228779107751],[-122.183181203718,47.6228778744469],[-122.183167525969,47.6228778423569],[-122.183148816757,47.6228779525527],[-122.18312742787,47.6228784478281],[-122.183104338472,47.6228789818537],[-122.183098711425,47.6228791126355],[-122.183090556519,47.6228793063863],[-122.183080811595,47.6228792894331],[-122.183072349465,47.622879174999],[-122.183062070043,47.6228790357406],[-122.183054051681,47.6228789279668],[-122.183043605173,47.6228787862865],[-122.183033489244,47.6228786488446],[-122.183012377038,47.6228788534938],[-122.182983231199,47.6228791350379],[-122.182961693192,47.6228793735936],[-122.182948038799,47.6228795685553],[-122.18293607324,47.6228797405091],[-122.182913415033,47.6228800650417],[-122.18290693818,47.6228801576788],[-122.182898119419,47.6228803035973],[-122.182887415992,47.6228807201615],[-122.18287528155,47.6228810350065],[-122.182865937274,47.6228812638746],[-122.182865885172,47.6228785907193],[-122.182865798035,47.6228741199198],[-122.182865614779,47.6228646945478],[-122.182865409963,47.6228541290714],[-122.182865313843,47.6228491787363],[-122.18286508118,47.6228371867654],[-122.182864902415,47.6228280501969],[-122.182864669751,47.6228160539829],[-122.182864480207,47.6228063452396],[-122.18286429695,47.6227969228828],[-122.182864037337,47.6227835050127],[-122.182863836115,47.6227731266109],[-122.182863462415,47.6227538998304],[-122.182863209989,47.6227409530071],[-122.182863030326,47.622731723179],[-122.182862846171,47.6227222051439],[-122.18286255332,47.622707167614],[-122.18286247337,47.6227030721931],[-122.182862381742,47.6226983143842],[-122.182862214655,47.6226897469364],[-122.182862088891,47.622683272609],[-122.182861852634,47.6226710886649],[-122.182861271424,47.6226411849203],[-122.182859048094,47.6226412000572],[-122.182846381849,47.6226412836125],[-122.182841640541,47.6226413138862],[-122.182829998374,47.6226402421973],[-122.182814572504,47.622638819939],[-122.182800558786,47.6226330158651],[-122.182789506813,47.6226284354537],[-122.18276336494,47.6226235686526],[-122.182763313736,47.6226235613869],[-122.182763240972,47.6226235504884],[-122.182763118802,47.6226235317187],[-122.182762987648,47.6226235062887],[-122.182762899613,47.6226234814643],[-122.182762589694,47.6226234239442],[-122.182762140536,47.6226233403888],[-122.182761394935,47.6226232017352],[-122.182760979913,47.62262312484],[-122.182759423132,47.6226228348179],[-122.182757169259,47.6226224140133],[-122.182756019416,47.622622200281],[-122.182755187576,47.6226220452796],[-122.182754772554,47.6226219677789],[-122.182754432991,47.6226219471927],[-122.18275388951,47.6226219151026],[-122.182753120552,47.6226218690866],[-122.182752533953,47.6226218339691],[-122.18275208749,47.6226218067227],[-122.182751455974,47.6226217691834],[-122.182750905307,47.6226217364877],[-122.182750412132,47.622621706214],[-122.182750268401,47.6226216983429],[-122.182750163298,47.6226216910772],[-122.182750009687,47.6226216819951],[-122.182749881227,47.6226216747294],[-122.182749752768,47.6226216674637],[-122.182749619818,47.622621658987],[-122.182749542563,47.6226216547487],[-122.182749438358,47.6226216559597],[-122.182749371883,47.622621648694],[-122.182749275763,47.6226216377954],[-122.182733650467,47.6226207011269],[-122.182721401938,47.6226199666867],[-122.182707612798,47.6226191390035],[-122.182693682623,47.6226190136703],[-122.182682248866,47.6226189107397],[-122.182672478789,47.6226188223404],[-122.182599474503,47.6226181654009],[-122.182599357722,47.6226239609999],[-122.18259934784,47.622624495028],[-122.182599340654,47.622624847414],[-122.182599337959,47.6226249043286],[-122.182599335264,47.622625151362],[-122.182599332569,47.6226253548013],[-122.182599328976,47.6226256175771],[-122.182599324484,47.6226259082047],[-122.182599319094,47.6226262563523],[-122.182599313704,47.6226266184258],[-122.182599307416,47.6226270119841],[-122.182599303823,47.6226273225922],[-122.182599293043,47.6226277942566],[-122.182599290348,47.6226280370517],[-122.182599283162,47.622628484497],[-122.18259927867,47.6226288792662],[-122.182599274179,47.6226291898744],[-122.182599126855,47.6226388720097],[-122.18259912416,47.6226391154103],[-122.182599128651,47.622639448421],[-122.18259912416,47.6226397723496],[-122.182599128651,47.6226400769029],[-122.18259912416,47.6226404432147],[-122.182599117872,47.6226408761286],[-122.182599115177,47.6226411431426],[-122.182599081939,47.6226439537526],[-122.182598965158,47.622661857008],[-122.182598935514,47.6226734445627],[-122.182599009176,47.6226853227421],[-122.182599266094,47.6227263538449],[-122.182599286755,47.622749854062],[-122.182581816319,47.6227498631441],[-122.182532976714,47.6227498788864],[-122.18247885771,47.6227498964451],[-122.182461423207,47.6227499031053],[-122.1824626,47.6227594604909],[-122.182463396805,47.6227659063517],[-122.182466757403,47.6227930993261],[-122.182471149266,47.6228286508249],[-122.182476045085,47.6228682680397],[-122.182479667092,47.6228975710272],[-122.182482441988,47.6229200291522],[-122.182486469135,47.6229526252641],[-122.182490579826,47.6229858904],[-122.182495056131,47.6230221144444],[-122.182497627109,47.6230429171629],[-122.182499065312,47.6230545506487],[-122.182503511074,47.6230905366964],[-122.18251136235,47.6231540715211],[-122.182515193665,47.623185068447],[-122.182519233388,47.6232177618739],[-122.182525173049,47.6232658365591],[-122.182529826322,47.6233034808334],[-122.182532113433,47.6233219953837],[-122.182534815565,47.6233438648136],[-122.182538914578,47.6233770304041],[-122.182544280215,47.623420453156],[-122.182549328747,47.6234613087027],[-122.182551977879,47.6234827427455],[-122.182555758888,47.6235133465304],[-122.182560061818,47.6235481685615],[-122.18256277473,47.623570116607],[-122.18256492889,47.6235875491004],[-122.182568427828,47.6236158635697],[-122.182573707227,47.6236585946855],[-122.18257897405,47.6237012095176],[-122.182581665402,47.6237230206646],[-122.182577092978,47.6237230479103],[-122.182525615919,47.6237233233952],[-122.18245256492,47.6237237145233],[-122.182302106991,47.6237245179706],[-122.182218913114,47.6237249623793],[-122.182133575857,47.6237254188972],[-122.182032835188,47.6237259571524],[-122.181961962604,47.6237263349602],[-122.181879674229,47.6237267751307],[-122.181767922011,47.6237273721156],[-122.181708952104,47.6237276863501],[-122.181646031406,47.6237280223811],[-122.181484994019,47.6237288821363],[-122.181455964062,47.6237290371344],[-122.181354758065,47.6237295772059],[-122.18122846392,47.6237302504789],[-122.181190161553,47.6237304551249],[-122.181098690599,47.6237309425213],[-122.181029618238,47.6237313106417],[-122.180928365529,47.6237318513187],[-122.180871600088,47.6237321534439],[-122.180786254746,47.6237326087508],[-122.180668367933,47.6237332372196],[-122.180586516139,47.6237336737572],[-122.18052444974,47.6237340043391],[-122.180427178364,47.6237345220085],[-122.180362509545,47.623734866516],[-122.180264380279,47.62373539024],[-122.180178572304,47.6237358467578],[-122.180121828423,47.6237361482776],[-122.180041757988,47.6237365751277],[-122.179987620119,47.6237368633273],[-122.179937451007,47.6237371303357],[-122.179849964082,47.6237375977518],[-122.179839722389,47.6237448717628],[-122.179817649884,47.623760550783],[-122.179803284026,47.6237707564325],[-122.179776024649,47.6237901214895],[-122.179750301391,47.6238083936831],[-122.179739135332,47.6238163258198],[-122.179725412668,47.6238260785741],[-122.179725447702,47.6238323662782],[-122.179725515974,47.623842772321],[-122.179725697434,47.6238707282198],[-122.179726107065,47.6239335270692],[-122.17972621127,47.6239495935265],[-122.179726282237,47.6239602895605],[-122.179726355,47.6239882508458],[-122.179725872605,47.6240204539547],[-122.179725465668,47.6240475197359],[-122.179725452194,47.6240479150997],[-122.179725449499,47.6240481118735],[-122.17972543782,47.6240483982549],[-122.179725449499,47.624048647098],[-122.179725444109,47.6240490339855],[-122.179725439617,47.6240492840395],[-122.179725436922,47.6240494753641],[-122.179725433329,47.6240496775869],[-122.179725429736,47.6240499500429],[-122.179725427939,47.6240500644744],[-122.179725424346,47.6240502539826],[-122.179725421651,47.6240505034311],[-122.179725416261,47.6240508140309],[-122.179725409973,47.6240512251366],[-122.179725402786,47.6240517197955],[-122.179725393803,47.6240523373623],[-122.179725388413,47.6240527066914],[-122.179725383023,47.6240531008443],[-122.179725374938,47.6240535821831],[-122.179725362362,47.6240544274019],[-122.179725353379,47.6240550576833],[-122.179725346192,47.6240555105655],[-122.179725332718,47.6240563793971],[-122.179725322836,47.6240570678024],[-122.179725316548,47.6240575340047],[-122.179725308463,47.6240580098943],[-122.179725298582,47.6240586831631],[-122.179725292293,47.624059105167],[-122.179725286005,47.6240595096127],[-122.179725280615,47.6240598995273],[-122.179725253666,47.6240602361617],[-122.179725195275,47.6240609832962],[-122.17972515575,47.6240614912751],[-122.179725125207,47.6240618678697],[-122.179725080291,47.6240624339724],[-122.179725016511,47.6240632319654],[-122.179724951832,47.624064063864],[-122.179724911408,47.6240645663937],[-122.179724866492,47.6240651440001],[-122.179724800017,47.6240659958788],[-122.179724757796,47.6240665238376],[-122.179724725456,47.6240669288887],[-122.179724695812,47.6240672982177],[-122.179724653591,47.6240678479731],[-122.179724608675,47.6240683983339],[-122.179724570048,47.6240688929926],[-122.179724524234,47.6240692308378],[-122.179724509861,47.6240695184301],[-122.179724487403,47.62406988231],[-122.179724477521,47.6240700687909],[-122.179722698857,47.6240925869579],[-122.179719562839,47.6241322904006],[-122.179719382277,47.6241343749879],[-122.179719378684,47.6241344179753],[-122.179719373294,47.6241344827592],[-122.179719363413,47.6241345990069],[-122.179719356226,47.624134680138],[-122.179719344548,47.6241348054676],[-122.179719335565,47.6241349277698],[-122.17971932748,47.6241350179829],[-122.17971932209,47.624135120305],[-122.17971931131,47.6241352553219],[-122.179719302327,47.624135350984],[-122.179719287056,47.6241355265665],[-122.179719275378,47.6241356724815],[-122.1797192637,47.6241357972056],[-122.179719253818,47.6241359201133],[-122.17971923675,47.6241361071994],[-122.179719228665,47.6241362064943],[-122.179719211597,47.6241364190096],[-122.179719201716,47.6241365449445],[-122.179719193631,47.6241366406067],[-122.179719185546,47.6241367368743],[-122.179719175665,47.6241368519111],[-122.179719168478,47.6241370050916],[-122.179719155003,47.6241371637212],[-122.179719142427,47.6241373144799],[-122.179719127156,47.6241374967224],[-122.179719116376,47.6241376135755],[-122.179719105596,47.6241377498032],[-122.179719090325,47.6241379332566],[-122.179719075952,47.6241380973353],[-122.179719057087,47.6241383080342],[-122.179719048104,47.6241385138895],[-122.179719034629,47.62413866707],[-122.179719027443,47.6241387615212],[-122.179719026544,47.6241389207563],[-122.179719011273,47.6241391017878],[-122.17971899151,47.6241393245959],[-122.179718979832,47.6241394735382],[-122.179718959171,47.6241397090608],[-122.179718944798,47.6241398846432],[-122.17971892773,47.624140132275],[-122.17971891695,47.6241402533663],[-122.179718905272,47.6241403968595],[-122.17971889,47.6241405724419],[-122.179718873831,47.6241407722426],[-122.179718863949,47.6241409696214],[-122.179718843288,47.6241412081713],[-122.179718829813,47.6241414007065],[-122.179718813644,47.6241415890035],[-122.179718791186,47.6241418596426],[-122.179718782203,47.6241419631757],[-122.17971876783,47.6241421290708],[-122.17971875166,47.6241423306879],[-122.179718729202,47.6241426648998],[-122.179718704947,47.6241429549135],[-122.179718683388,47.6241432564309],[-122.179718672608,47.6241433968968],[-122.179718645659,47.6241437292925],[-122.179718612421,47.624144257856],[-122.179718562115,47.62414488632],[-122.179718528878,47.6241453101395],[-122.179718510013,47.6241455462675],[-122.179718488453,47.624145825383],[-122.179718457911,47.6241462116643],[-122.179718445334,47.6241463684775],[-122.17971843186,47.6241465319508],[-122.179718413893,47.6241467626297],[-122.179718395927,47.6241469933086],[-122.179718380656,47.6241471882657],[-122.179718369876,47.6241473208606],[-122.17971835191,47.6241475533559],[-122.17971833574,47.6241477519456],[-122.179718322265,47.6241479166298],[-122.17971831418,47.6241480383266],[-122.179718295316,47.6241482623455],[-122.179718268366,47.6241486050339],[-122.17971823962,47.6241489755733],[-122.179718217162,47.6241492492396],[-122.179718202789,47.6241494405639],[-122.179718178535,47.6241497457139],[-122.179718150687,47.6241501011169],[-122.179718120144,47.6241504867926],[-122.17971810128,47.6241507198934],[-122.179718070737,47.6241510989091],[-122.179718041991,47.6241514706594],[-122.179718003363,47.6241519689501],[-122.179717974617,47.6241523261694],[-122.179717951261,47.6241525943866],[-122.179717920718,47.624152908013],[-122.179717900955,47.6241531211337],[-122.179717887481,47.6241532628105],[-122.179717879396,47.6241533493908],[-122.179717869514,47.6241534480802],[-122.179717856938,47.6241535800697],[-122.179717840768,47.6241537592848],[-122.179717822802,47.6241539445544],[-122.179717806632,47.6241541092386],[-122.179717777886,47.6241544198377],[-122.179717752733,47.6241546759458],[-122.179717734767,47.6241548666646],[-122.179717718597,47.6241550289269],[-122.179717702428,47.6241552099584],[-122.179717683563,47.6241554073372],[-122.179717662902,47.6241556295397],[-122.179717644037,47.6241558214694],[-122.179717627867,47.624155992208],[-122.179717609003,47.624156187165],[-122.179717587443,47.6241564123948],[-122.179717574867,47.6241565516498],[-122.179717557799,47.6241567254158],[-122.179717542527,47.6241568900999],[-122.179717529053,47.6241570335931],[-122.179717513781,47.6241571867736],[-122.179717495815,47.6241573684105],[-122.179717485035,47.6241574979781],[-122.179717471561,47.6241576378386],[-122.179717458086,47.6241577637735],[-122.179717446408,47.6241579006066],[-122.179717433831,47.6241580325961],[-122.179717421255,47.6241581700347],[-122.179717406882,47.6241583032352],[-122.179717388017,47.6241585024303],[-122.179717362864,47.6241587651983],[-122.179717332322,47.6241590951721],[-122.179717300881,47.6241594318058],[-122.179717283813,47.6241596067827],[-122.179717255067,47.6241599143545],[-122.179717224524,47.6241602304028],[-122.179717176913,47.6241607196115],[-122.179717113133,47.6241613959062],[-122.179717042166,47.6241621406176],[-122.179716967606,47.6241629234726],[-122.179716897537,47.6241635816036],[-122.179716847231,47.6241641174325],[-122.179716814892,47.6241644268206],[-122.179716759197,47.6241650383315],[-122.17971667745,47.6241657818318],[-122.179716580432,47.6241667808348],[-122.179716519346,47.6241673935565],[-122.179716434006,47.6241683622865],[-122.179716372023,47.6241690161793],[-122.17971631453,47.6241696646229],[-122.179716117799,47.6241719132875],[-122.179714441543,47.6241895151079],[-122.179713182105,47.6242027509803],[-122.179710878825,47.6242269346985],[-122.179707573024,47.6242616466668],[-122.179704588821,47.6242929789634],[-122.179703239552,47.6243071120935],[-122.179694289636,47.6243112751995],[-122.179664127802,47.6243252944992],[-122.179636371657,47.6243381961265],[-122.179596330151,47.6243568071829],[-122.179588979237,47.6243602225493],[-122.179584391541,47.6243602407129],[-122.179529396679,47.6243604332473],[-122.179442677813,47.6243607377907],[-122.179318187485,47.624361174323],[-122.179216522449,47.6243615309355],[-122.179093323898,47.6243619620187],[-122.178987664952,47.6243623325566],[-122.178801568162,47.6243629840251],[-122.178640918846,47.6243635464919],[-122.178525607503,47.6243639503297],[-122.178366342491,47.6243645073474],[-122.178232564481,47.6243649747579],[-122.178179757915,47.6243651594213],[-122.178107150684,47.6243654131066],[-122.178013892083,47.6243657394463],[-122.177963477731,47.6243659162389],[-122.177963628648,47.6243753473946],[-122.177963929583,47.6243936938546],[-122.177977707045,47.6244021235852],[-122.178000569169,47.6244161125878],[-122.178052128873,47.6244476567003],[-122.178127250488,47.6244936184362],[-122.178186574331,47.6245299140901],[-122.178261799253,47.6245759393261],[-122.178355456707,47.6246332398345],[-122.178392355905,47.6246558158822],[-122.178405108389,47.6246636183238],[-122.178421862867,47.6246738686003],[-122.178431899744,47.6246800096835],[-122.178449338739,47.6246906783228],[-122.178456685161,47.6246951737905],[-122.17846703016,47.6247015025607],[-122.178475398865,47.6247066222465],[-122.178480059325,47.6247094733106],[-122.178489039783,47.6247149683745],[-122.178501520077,47.6247226037031],[-122.178506744678,47.6247258004782],[-122.17851631533,47.624731655783],[-122.178534962558,47.6247430648767],[-122.178543603453,47.6247483504516],[-122.178555663336,47.6247557296702],[-122.178570277129,47.6247646703416],[-122.178577912809,47.6247693425941],[-122.178597832052,47.6247815290763],[-122.178610684248,47.6247893926495],[-122.178628854472,47.6248005086934],[-122.178636594356,47.6248052445148],[-122.17864427046,47.6248099403762],[-122.178660947684,47.6248201440044],[-122.178666005199,47.6248232384528],[-122.178675968413,47.6248293335043],[-122.178689085613,47.6248373593305],[-122.178699131473,47.624843505238],[-122.178711782447,47.6248512452904],[-122.178719845725,47.6248561784834],[-122.178728504586,47.6248614761558],[-122.178751496966,47.6248755425328],[-122.178762503125,47.6248822763259],[-122.178776469232,47.6248908210128],[-122.178783281157,47.624894988916],[-122.178799613427,47.6249049812264],[-122.178808510342,47.6249104242012],[-122.17882834155,47.6249225573712],[-122.178836170368,47.6249273470664],[-122.178850205646,47.6249359335218],[-122.178862953638,47.6249437334998],[-122.178874169104,47.6249505950335],[-122.178883503499,47.6249563062167],[-122.178897156094,47.6249646589647],[-122.178906784237,47.6249705487533],[-122.178920107151,47.6249787010962],[-122.178933236928,47.6249867323484],[-122.17894765399,47.6249955524965],[-122.178961044277,47.625003744795],[-122.178976807914,47.6250133901637],[-122.178989798451,47.6250213372536],[-122.1789999566,47.6250275527659],[-122.179010517195,47.6250340134831],[-122.179020742718,47.6250402689533],[-122.179030872121,47.6250464669054],[-122.179049930778,47.6250581265851],[-122.179057096639,47.6250625112245],[-122.179066431931,47.62506822179],[-122.179078042656,47.6250753254856],[-122.179088119059,47.6250814907395],[-122.179101599178,47.6250897369091],[-122.179113372498,47.6250969411058],[-122.179127104146,47.6251053416617],[-122.179140775606,47.6251137058894],[-122.17915584754,47.6251229268208],[-122.179160576272,47.6251258196379],[-122.179171467446,47.6251324831671],[-122.179185164059,47.6251408619212],[-122.179199001708,47.625149327858],[-122.179212568065,47.6251576279016],[-122.179218033415,47.6251609717731],[-122.179226813549,47.6251663438843],[-122.179237419059,47.6251728324348],[-122.179248984869,47.6251799082658],[-122.179258913947,47.6251859826906],[-122.179264494282,47.6251893961865],[-122.179274904858,47.6251957654616],[-122.179285360349,47.6252021625864],[-122.179290853547,47.6252055234076],[-122.179302157049,47.6252124387914],[-122.179314062421,47.6252197222843],[-122.179321765475,47.6252244344555],[-122.179332777922,47.6252311724417],[-122.179345671441,47.6252390607704],[-122.179354520745,47.6252444746492],[-122.179361103599,47.6252485026667],[-122.179365164883,47.6252509861969],[-122.179373288348,47.6252559562842],[-122.179380343716,47.625260272492],[-122.179384591849,47.6252628716614],[-122.179390197336,47.6252663014992],[-122.179398511244,47.6252713872248],[-122.179404020612,47.6252747583341],[-122.179407304853,47.6252767671954],[-122.179408012725,47.6252772012983],[-122.179408194185,47.625277311489],[-122.179408300186,47.6252773756661],[-122.179408360373,47.6252774186525],[-122.179408461883,47.6252774755642],[-122.17940874575,47.625277648721],[-122.179409070042,47.6252778473065],[-122.179410678026,47.625278831152],[-122.179413172648,47.6252803568694],[-122.179415445386,47.6252817481782],[-122.179417635478,47.6252830874189],[-122.179419288378,47.6252840991148],[-122.179421225146,47.6252852839674],[-122.17942275318,47.6252862187719],[-122.179424555201,47.6252873218896],[-122.179427710084,47.6252892520429],[-122.179429626191,47.6252904229702],[-122.179434033325,47.6252931202198],[-122.179437133412,47.625295016468],[-122.179439237266,47.6252963030349],[-122.179440681757,47.6252971863765],[-122.179443746809,47.6252990620395],[-122.179445519185,47.6253001463882],[-122.179446681605,47.6253008571785],[-122.179446693283,47.6253021043913],[-122.179446713944,47.6253039612854],[-122.17944674269,47.6253064956702],[-122.179446779521,47.6253098171309],[-122.179446801979,47.6253118169092],[-122.179446819945,47.6253133844012],[-122.179446848691,47.6253159914387],[-122.179446864861,47.6253173851685],[-122.179446879234,47.625318705034],[-122.1794468972,47.6253202422537],[-122.179446928641,47.6253230230529],[-122.179446962777,47.6253261677232],[-122.179446996015,47.6253290217808],[-122.179447037338,47.6253327337506],[-122.179447070575,47.625335660461],[-122.179447118186,47.6253399790839],[-122.179447163102,47.6253439435225],[-122.179447200831,47.625347336423],[-122.179447216102,47.6253485836348],[-122.179447231374,47.625350047595],[-122.179447266408,47.6253532249575],[-122.179447301442,47.6253563308777],[-122.179447341866,47.6253598987503],[-122.179447362528,47.6253617562477],[-122.179447401155,47.6253652193784],[-122.179447420918,47.6253668952429],[-122.179447442478,47.6253688235769],[-122.179447468529,47.6253711442374],[-122.17944748919,47.625373038061],[-122.179447524224,47.62537614398],[-122.179447545784,47.6253781050075],[-122.17944758531,47.6253815330215],[-122.179447616751,47.6253843882869],[-122.179447653582,47.6253876734161],[-122.179447685023,47.625390420307],[-122.179447712871,47.6253928820346],[-122.17944776138,47.6253971661426],[-122.179447777549,47.6253986664279],[-122.179447800906,47.6254007709443],[-122.179447818872,47.6254023777874],[-122.179447840431,47.6254043067254],[-122.179447861991,47.6254061987315],[-122.179447884449,47.6254082699483],[-122.179447898822,47.6254094832539],[-122.179447916788,47.6254110537702],[-122.179447935653,47.6254126963339],[-122.179447955416,47.6254145156867],[-122.179447971585,47.6254160153661],[-122.179447984162,47.6254170888144],[-122.179448003925,47.6254189632622],[-122.179448005721,47.6254190861669],[-122.179448014705,47.6254200385268],[-122.179448018298,47.6254203261117],[-122.179448020094,47.6254205386217],[-122.1794480174,47.6254206354924],[-122.179448022789,47.625420670608],[-122.179448025484,47.6254208134923],[-122.179448027281,47.6254209479003],[-122.179448029078,47.6254210871519],[-122.179448031773,47.6254213190361],[-122.179448033569,47.6254214673694],[-122.179448035366,47.6254217210494],[-122.179448039857,47.6254219710969],[-122.179448044349,47.6254224185184],[-122.179448052434,47.6254231795586],[-122.179448065909,47.6254243704625],[-122.179448079383,47.6254255601555],[-122.179448106333,47.6254279867658],[-122.179448128791,47.6254299387097],[-122.179448157537,47.6254326008366],[-122.179448215029,47.6254376944167],[-122.179448248267,47.6254406968013],[-122.179448280606,47.625443541771],[-122.179448547406,47.6254673180587],[-122.179448682153,47.6254795140653],[-122.179448156638,47.6254795201196],[-122.179418263401,47.6254796175957],[-122.179418267892,47.6254943782472],[-122.17941827418,47.6255066565873],[-122.179438666836,47.6255071439671],[-122.179439671152,47.6255426687972],[-122.179440072699,47.62555700199],[-122.179379496605,47.6255719333537],[-122.179327745559,47.625584686946],[-122.179297168704,47.6255922216446],[-122.179263660645,47.6256004798425],[-122.179224373725,47.6256101614275],[-122.179178789614,47.6256213953575],[-122.179135188983,47.6256321400901],[-122.179094650709,47.6256421298378],[-122.179076454435,47.625646616142],[-122.179076615234,47.6256659992727],[-122.17907678771,47.6256859872295],[-122.179077007797,47.6257116759868],[-122.179077159613,47.6257298076525],[-122.179052743403,47.6257399826456],[-122.17903857248,47.625745885061],[-122.179024592897,47.6257517087688],[-122.179013135784,47.6257564814358],[-122.178969095877,47.6257748280164],[-122.178912335826,47.625798472168],[-122.178862986876,47.6258190297904],[-122.178820856787,47.6258365801996],[-122.178786178224,47.6258510259231],[-122.178733313268,47.6258730480758],[-122.178696912634,47.6258882118368],[-122.178661542368,47.6259029457337],[-122.17863832002,47.625912619392],[-122.17860230117,47.6259276239119],[-122.178567771727,47.6259420078558],[-122.178523389562,47.6259604960432],[-122.178488209739,47.6259751512131],[-122.178461090499,47.6259864474245],[-122.178433062164,47.6259981226358],[-122.178407205057,47.6260092632454],[-122.178351490645,47.6260332669191],[-122.178312823561,47.6260499260568],[-122.178284442188,47.6260621540155],[-122.178243912898,47.6260796147387],[-122.178212561694,47.6260931219724],[-122.178162919893,47.6261145095286],[-122.178130947954,47.6261282837495],[-122.178083494449,47.6261487280262],[-122.178026863755,47.6261731251674],[-122.177981044286,47.6261928665191],[-122.177943943865,47.626208849943],[-122.177915016316,47.6262213127723],[-122.177903913139,47.6262260962942],[-122.177890823787,47.6262317346861],[-122.177881859499,47.6262355973445],[-122.177864354927,47.6262431392144],[-122.177854067421,47.6262475715837],[-122.177841811705,47.626252850952],[-122.177831679607,47.6262572167229],[-122.177824363727,47.6262603679967],[-122.177816003107,47.6262639697118],[-122.177805503598,47.6262684934995],[-122.177793599124,47.6262736221132],[-122.17778218513,47.6262785400362],[-122.177768085173,47.6262846143333],[-122.177757332339,47.6262892470969],[-122.17774766467,47.6262934118614],[-122.177742276575,47.6262957336918],[-122.177733449729,47.6262995358022],[-122.177724542035,47.6263033736329],[-122.177712384236,47.6263086112209],[-122.177700211165,47.6263138560735],[-122.177691908037,47.6263174335676],[-122.17768113005,47.6263220766207],[-122.17767144711,47.6263262480423],[-122.177665707774,47.626328721229],[-122.177654097947,47.6263337226963],[-122.177644977352,47.6263376513391],[-122.17763509768,47.6263419081253],[-122.177622222127,47.6263474556901],[-122.177613861507,47.6263510573992],[-122.177605770381,47.6263545434707],[-122.177601123396,47.6263565450253],[-122.177592372009,47.6263603150435],[-122.177579692288,47.6263657784515],[-122.177571668536,47.6263692360668],[-122.177569373341,47.6263710529645],[-122.177563872058,47.6263754126712],[-122.177559206208,47.6263791112473],[-122.177553854046,47.626383351078],[-122.177547385278,47.6263884784696],[-122.177542449035,47.6263923907617],[-122.177534577997,47.6263986285119],[-122.177527503764,47.6264042347974],[-122.17751456443,47.6264144889706],[-122.177505817534,47.626421420541],[-122.177493906772,47.6264308604074],[-122.177485804867,47.6264372809929],[-122.177478821363,47.6264428146227],[-122.177471878285,47.6264483173749],[-122.177465902691,47.6264530524417],[-122.177456622196,47.6264604072024],[-122.17744880326,47.6264666037752],[-122.177446005008,47.6264688232803],[-122.177445182151,47.6264734869044],[-122.177444736587,47.6264760200217],[-122.177443772694,47.6264815015805],[-122.177442755801,47.6264872810099],[-122.177442126082,47.6264908524379],[-122.177440299808,47.6264926977865],[-122.177438515753,47.6264944971226],[-122.177435677975,47.6264973608031],[-122.177435599822,47.6264974389035],[-122.177435353684,47.626497687735],[-122.177434960221,47.6264980842912],[-122.177434758101,47.6264982883208],[-122.177434634133,47.6264984136447],[-122.177434553285,47.6264984947722],[-122.177434243366,47.6264988077791],[-122.177434050228,47.6264990033328],[-122.177433491476,47.6264995669874],[-122.177431028295,47.6265020522745],[-122.177429732027,47.6265033600017],[-122.177428075533,47.6265050273537],[-122.177427587748,47.6265049970823],[-122.177426038154,47.6265048905268],[-122.177421711868,47.6265045920502],[-122.177415523374,47.6265041646171],[-122.177408251511,47.6265036621109],[-122.177401070379,47.6265031668697],[-122.177392520214,47.6265025759708],[-122.177386687453,47.6265021727549],[-122.17737847775,47.6265016054677],[-122.177370020111,47.6265009594748],[-122.177362798555,47.6265003782626],[-122.177354402002,47.6264997019982],[-122.177348572834,47.6264992327905],[-122.177340567048,47.6264985880083],[-122.177331428487,47.6264978530171],[-122.177324429712,47.6264972887571],[-122.177316817389,47.626496596146],[-122.177310485164,47.6264960082741],[-122.177304273314,47.6264954306946],[-122.17729950865,47.6264949887312],[-122.177293271647,47.6264944093353],[-122.177286923253,47.6264938196471],[-122.177277824217,47.6264929744678],[-122.177275729346,47.6264927795195],[-122.177271318618,47.6264923690384],[-122.177266147017,47.6264918889329],[-122.177263461952,47.6264916401015],[-122.177261871036,47.6264914911659],[-122.177259805809,47.6264912998502],[-122.177257321069,47.6264910691816],[-122.177255101332,47.6264908621247],[-122.177253844589,47.6264907458823],[-122.177252691152,47.6264906387213],[-122.177251959923,47.6264905709132],[-122.177251487409,47.6264905261114],[-122.177251288882,47.626490504316],[-122.177251245763,47.6264905031051],[-122.177251167609,47.6264904994725],[-122.1772510661,47.6264904879694],[-122.177250894521,47.6264904722282],[-122.177250444465,47.6264904298482],[-122.177249992613,47.6264903880735],[-122.177249376369,47.6264903305577],[-122.177249099688,47.6264903051297],[-122.177248354086,47.6264902361108],[-122.177247286887,47.6264901368203],[-122.177245912465,47.6264900090748],[-122.177245239627,47.6264899461101],[-122.177243703508,47.6264898843563],[-122.177240659117,47.6264897608487],[-122.177236298695,47.6264895840634],[-122.17723281952,47.6264894423929],[-122.177228766321,47.6264892777161],[-122.177226381294,47.6264891808474],[-122.177221486374,47.6264889822665],[-122.177217262495,47.62648881093],[-122.177213326976,47.626488651702],[-122.177208673703,47.6264884628081],[-122.177203031385,47.6264882333503],[-122.177196186222,47.6264879548528],[-122.177189236855,47.6264876727227],[-122.177182196758,47.6264873869601],[-122.177172371884,47.6264869885875],[-122.177164782018,47.6264866804239],[-122.17715530569,47.6264862959763],[-122.17714513227,47.6264858836788],[-122.177134836678,47.6264854653271],[-122.177122267451,47.6264849549501],[-122.177110821117,47.6264844899802],[-122.177109111623,47.6264844203558],[-122.177108583414,47.6264844251993],[-122.177105597414,47.6264844330699],[-122.177105069205,47.6264844348862],[-122.177099833823,47.6264844482056],[-122.177099305614,47.6264844500219],[-122.177098512401,47.6264844518382],[-122.177097984192,47.6264844536545],[-122.177088562661,47.6264844784771],[-122.177088033554,47.6264844802934],[-122.177082316675,47.6264844948237],[-122.177081788466,47.62648449664],[-122.177079632509,47.6264845020889],[-122.1770791043,47.6264845039051],[-122.177077036378,47.626484509354],[-122.177076508169,47.6264845111703],[-122.177070128333,47.6264845281223],[-122.177069600124,47.6264845299386],[-122.177063568835,47.6264845450743],[-122.177063039728,47.6264845468906],[-122.177058992817,47.6264845577884],[-122.177058464608,47.6264845596046],[-122.17702278622,47.6264846540517],[-122.177022257112,47.6264846558679],[-122.176935662214,47.6264848865365],[-122.176935134004,47.6264848883528],[-122.17689077789,47.6264850064115],[-122.176890249681,47.6264850076224],[-122.176872708278,47.6264850548459],[-122.176872180069,47.6264850566623],[-122.176814660043,47.6264852092304],[-122.176814131834,47.6264852110467],[-122.176778628617,47.6264853060992],[-122.176760055948,47.6264763711708],[-122.176726847927,47.6264603981209],[-122.176722547692,47.6264583269458],[-122.176708209682,47.626455334912],[-122.176671133515,47.62644759207],[-122.176651950891,47.6264435847295],[-122.17663628517,47.6264422582326],[-122.176599542279,47.6264391451118],[-122.176567347557,47.6264373021829],[-122.1765269602,47.6264344312338],[-122.17650058746,47.6264325568224],[-122.176454941366,47.6264293117173],[-122.176401417046,47.6264255071946],[-122.176343663458,47.6264214011673],[-122.176293994708,47.6264178709038],[-122.176257409919,47.6264152699756],[-122.176200419001,47.6264112190417],[-122.176150810438,47.6264076918046],[-122.176095716762,47.6264037758812],[-122.176042626328,47.6264000010226],[-122.175996981132,47.6263967559155],[-122.175906819024,47.6263903468283],[-122.175839731042,47.6263855772463],[-122.175742625854,47.6263786735209],[-122.175662073024,47.6263729473573],[-122.175609097576,47.6263691809726],[-122.175509058491,47.6263620695822],[-122.175431058673,47.6263565238352],[-122.175378818944,47.626352808911],[-122.17534208196,47.6262952211085],[-122.175313190437,47.6262356252792],[-122.175292380594,47.6261745087439],[-122.175279822568,47.6261123712564],[-122.175275619015,47.6260497209171],[-122.175279804278,47.6259870700182],[-122.175292344105,47.6259249308548],[-122.175313135927,47.6258638115354],[-122.175315099816,47.6257731374621],[-122.175312382638,47.6256824722756],[-122.175304987728,47.6255919263862],[-122.175292924114,47.6255016100581],[-122.175276206512,47.6254116332757],[-122.175254855303,47.6253221056092],[-122.175228896513,47.6252331360814],[-122.175198361776,47.6251448330348],[-122.175193897563,47.6250288445062],[-122.17519520654,47.6249128200947],[-122.175202287185,47.624796891093],[-122.175215131449,47.6246811886851],[-122.175233724759,47.6245658437975],[-122.175258046037,47.6244509869514],[-122.175288067723,47.6243367481148],[-122.17532375581,47.6242232565557],[-122.175316937597,47.6241625293205],[-122.175311677063,47.6241360527082],[-122.175294694413,47.624112332728],[-122.175262359554,47.6240666582492],[-122.175219017638,47.6239453365454],[-122.175203916958,47.6237091047373],[-122.17520265752,47.6233354415725],[-122.175211351416,47.6228876685484],[-122.175223648453,47.6227911291195],[-122.175221155629,47.622735463185],[-122.175203532479,47.6226664089592],[-122.175174525879,47.6226310813754],[-122.175174431556,47.622631114071],[-122.175174414488,47.6226309469602],[-122.175174084806,47.622627186966],[-122.175173516172,47.6226207156582],[-122.175172757096,47.6226120761463],[-122.175172075275,47.6226043030667],[-122.175171671931,47.6225997214418],[-122.175171020653,47.6225922989303],[-122.175170519393,47.6225866050475],[-122.175169999268,47.6225806865331],[-122.175169554602,47.6225756193154],[-122.175168991358,47.6225691982557],[-122.175168534116,47.6225639917777],[-122.175167946618,47.6225573037021],[-122.175167431883,47.6225514445209],[-122.175166935115,47.6225457924115],[-122.175166104173,47.6225363276245],[-122.175165565184,47.6225301990045],[-122.175164981279,47.6225235345381],[-122.175164235677,47.6225150548556],[-122.175163992234,47.6225122781452],[-122.175163472109,47.6225063626498],[-122.175163095715,47.6225020698281],[-122.175162249502,47.6224924476096],[-122.175161716801,47.6224863801374],[-122.175161246982,47.6224810307589],[-122.175160707095,47.6224748839681],[-122.17516003246,47.6224671992677],[-122.17515946742,47.6224607672961],[-122.175158696665,47.6224520024241],[-122.175157858537,47.6224424643574],[-122.175157082393,47.6224336135047],[-122.175156562268,47.6224276980004],[-122.175155802293,47.6224190469525],[-122.17515480696,47.6224077245402],[-122.175154219462,47.6224010164638],[-122.175153434334,47.622392089314],[-122.175152399475,47.6223803043115],[-122.17515130892,47.6223679005086],[-122.175150314485,47.6223565720305],[-122.17514964524,47.6223489478603],[-122.17514851516,47.6223360857037],[-122.175147398554,47.6223233755187],[-122.175146673613,47.6223151186194],[-122.175145128511,47.6222975313048],[-122.175144092754,47.6222857287221],[-122.175143260015,47.6222762523838],[-122.175142683297,47.622269686578],[-122.175142570109,47.622268405386],[-122.175142489261,47.6222674717385],[-122.175142462311,47.6222671375145],[-122.175143506154,47.6222677544969],[-122.175150009058,47.6222715865688],[-122.175159476403,47.6222771660505],[-122.175174264469,47.622285881908],[-122.175182431952,47.6222906954585],[-122.175184558264,47.6222919487979],[-122.17518507749,47.6222923223778],[-122.17518758918,47.6222937343525],[-122.175196917286,47.6222992333032],[-122.175204879054,47.6223039251514],[-122.175209060712,47.6223063894462],[-122.175218694245,47.6223120682225],[-122.175220140532,47.6223129201297],[-122.175239482159,47.6223160934385],[-122.175251707331,47.6223180993862],[-122.175265201824,47.6223203130127],[-122.175283234605,47.6223232725875],[-122.17529673269,47.6223254874245],[-122.175313278759,47.6223282023861],[-122.175329485265,47.6223308622491],[-122.175335188669,47.6223317977119],[-122.17534644456,47.6223336450238],[-122.175355489696,47.6223351296546],[-122.175362706761,47.6223363139686],[-122.175368265536,47.6223372264232],[-122.175370838311,47.6223376490465],[-122.175374234841,47.6223376417808],[-122.175374763051,47.6223376399643],[-122.17537669353,47.6223376351205],[-122.175377221739,47.6223376333041],[-122.175381622586,47.6223376211945],[-122.175382150795,47.6223376193781],[-122.175391044117,47.6223375957645],[-122.175391572326,47.6223375939481],[-122.175403798397,47.6223375600413],[-122.175404326607,47.6223375582249],[-122.175413833477,47.6223375315839],[-122.175414361687,47.6223375303729],[-122.175415508835,47.6223375273455],[-122.175416037045,47.6223375255291],[-122.175434774105,47.622337474669],[-122.175435302314,47.6223374728525],[-122.17544621415,47.6223374425786],[-122.175446742359,47.6223374407622],[-122.175454578364,47.6223374195705],[-122.175455106573,47.6223374177541],[-122.175478782571,47.6223373523625],[-122.17547931078,47.6223373505461],[-122.17549515257,47.6223373081626],[-122.175495680779,47.6223373063463],[-122.175515828195,47.6223372500368],[-122.175516356404,47.6223372488259],[-122.175517863777,47.6223372427711],[-122.175518389291,47.6223372373218],[-122.175525425795,47.6223335445146],[-122.17553696196,47.6223274842897],[-122.175544605725,47.6223234693677],[-122.175549601256,47.6223208422001],[-122.175549570713,47.6223162593395],[-122.175549524899,47.6223103704629],[-122.175549480882,47.622304535473],[-122.175549426085,47.6222973980996],[-122.175549369491,47.6222899610136],[-122.175549331761,47.6222850838879],[-122.175549264388,47.6222762723647],[-122.17554922037,47.6222703834835],[-122.175549180844,47.6222652641647],[-122.175549113471,47.6222565773666],[-122.17554906047,47.622249556844],[-122.175549034419,47.622246105011],[-122.175548966147,47.6222371293965],[-122.175548891587,47.6222275434578],[-122.175548837688,47.6222204078904],[-122.17554879906,47.6222152879611],[-122.175548732585,47.6222066623081],[-122.175548668805,47.6221983890426],[-122.175548640059,47.622194464327],[-122.175548567295,47.6221851242051],[-122.175548504413,47.6221767946266],[-122.175548460396,47.6221709608329],[-122.175548393022,47.6221620433314],[-122.175548278936,47.6221472841609],[-122.175548220545,47.6221395479466],[-122.175548119934,47.6221264592888],[-122.17554805256,47.6221176574265],[-122.175547964526,47.6221060521897],[-122.175547870202,47.6220936761739],[-122.175547779473,47.6220818390327],[-122.17554767437,47.6220680371044],[-122.175547602504,47.6220586309626],[-122.175547580945,47.6220558524115],[-122.175547052736,47.6220558572553],[-122.175538323806,47.6220558941897],[-122.175537795597,47.6220558972171],[-122.17552002153,47.6220559722967],[-122.175519493321,47.6220559753241],[-122.175503823109,47.6220560413215],[-122.1755032949,47.6220560437434],[-122.175477867187,47.6220561521245],[-122.175477338978,47.6220561545464],[-122.175462993781,47.6220562150945],[-122.175462465572,47.6220562175164],[-122.17543782658,47.6220563222646],[-122.175437298371,47.6220563246865],[-122.175425419049,47.6220563749414],[-122.17542489084,47.6220563773633],[-122.175405884285,47.6220564584977],[-122.175405356076,47.6220564609196],[-122.175396900234,47.622056496643],[-122.175396372025,47.6220564996704],[-122.175383093128,47.6220565553747],[-122.175382564919,47.6220565577966],[-122.175375076563,47.6220565898871],[-122.175374549251,47.622056592309],[-122.175367863091,47.6220566195556],[-122.175333406,47.6220499434849],[-122.175300026058,47.622041113459],[-122.175268017119,47.6220302072115],[-122.175237660966,47.6220173207533],[-122.175209224832,47.6220025675279],[-122.175182959048,47.6219860774123],[-122.175159094835,47.6219679955737],[-122.175137842276,47.6219484811915],[-122.17514932544,47.6202121128969],[-122.175173693135,47.6201825879169],[-122.175201432248,47.620154455726],[-122.175232369622,47.6201278919284],[-122.17526631214,47.620103062338],[-122.175303047925,47.6200801219435],[-122.175342347665,47.6200592139407],[-122.175383966045,47.620040468839],[-122.175427643278,47.6200240036465],[-122.175432067481,47.6200246121783],[-122.175459746371,47.6198968942196],[-122.175499662113,47.6197415823721],[-122.175561366491,47.6195796494238],[-122.175624639328,47.6194384329331],[-122.175721289968,47.6192793594888],[-122.175824858534,47.6191229758624],[-122.175877293197,47.6190649202915],[-122.1758638014,47.6190510727585],[-122.175847339772,47.6190143361181],[-122.175822806782,47.6189787008861],[-122.175809766837,47.6189309571093],[-122.175793495652,47.6176139496836],[-122.175786570073,47.6175884309664],[-122.175787329546,47.6175624912567],[-122.175795743396,47.6175371778583],[-122.175811471909,47.6175135127859],[-122.175833880045,47.6174924515031],[-122.175862063083,47.6174748443457],[-122.175894883146,47.6174614021907],[-122.175931015146,47.6174526677554],[-122.177040303368,47.6174315921387],[-122.177039169694,47.6173876987561],[-122.177067504355,47.6173404863975],[-122.177113622963,47.6172990066042],[-122.177129861793,47.6172816227019],[-122.177143609536,47.6172632828479],[-122.177154744221,47.6172441497591],[-122.177163167061,47.6172243931896],[-122.177168803329,47.6172041884253],[-122.177171603021,47.6171837147284],[-122.177171541302,47.6171631537467],[-122.177168618723,47.6171426879024],[-122.177166130191,47.6170842682356],[-122.177154355487,47.6170263691483],[-122.177133431479,47.616969663498],[-122.177103601358,47.6169148102711],[-122.17707312254,47.6168921696875],[-122.17704785828,47.6168667632718],[-122.177028349847,47.6168391353471],[-122.177015015193,47.6168098778306],[-122.177008139994,47.6167796175517],[-122.177007871539,47.6167490028228],[-122.177014215567,47.6167186895486],[-122.177027036149,47.6166893271745],[-122.177023591545,47.6166729436792],[-122.177025308928,47.6166564362536],[-122.1770321118,47.6166405401669],[-122.177043697144,47.6166259634573],[-122.177059548926,47.6166133553953],[-122.177078961081,47.6166032775641],[-122.177101068957,47.6165961788462],[-122.177124887837,47.6165923754295],[-122.17713842142,47.6165762170696],[-122.177148175044,47.6165588580387],[-122.177153923168,47.6165406997494],[-122.177155532875,47.6165221620959],[-122.177152966948,47.6165036737444],[-122.177146284725,47.6164856622206],[-122.177135640731,47.6164685440235],[-122.177121281101,47.6164527149946],[-122.177030697682,47.6163739546432],[-122.177016343602,47.6163499412994],[-122.177011010692,47.6163242929682],[-122.177015015968,47.6162985343783],[-122.177028121314,47.6162741968111],[-122.177025854865,47.6161864098825],[-122.177011784552,47.616098763294],[-122.176986222093,47.616023226361],[-122.176948752464,47.6159438380113],[-122.176928575404,47.6158482806828],[-122.176913812491,47.6155052461051],[-122.176898871711,47.6149265911828],[-122.176896124663,47.6145869810971],[-122.176894303028,47.6145720296376],[-122.176888414511,47.6145575655621],[-122.176878663186,47.6145440901325],[-122.176865386995,47.6145320703478],[-122.176849046033,47.6145219227608],[-122.176830206607,47.6145139990418],[-122.17680952161,47.6145085737914],[-122.17678770789,47.6145058350247],[-122.176716889204,47.6145060820965],[-122.176697851522,47.6144937973959],[-122.176681245309,47.6144799937851],[-122.176667333337,47.6144648896883],[-122.17665633574,47.6144487241082],[-122.176648426539,47.6144317528438],[-122.176643730884,47.6144142444426],[-122.176642323073,47.6143964759516],[-122.176644225379,47.6143787285327],[-122.176652454845,47.6138774931066],[-122.17665453175,47.6138550486589],[-122.176664804884,47.6138278449797],[-122.17668108056,47.6138075472786],[-122.176705609957,47.6137748310109],[-122.176741293735,47.6137383867904],[-122.176778048305,47.613700429812],[-122.176807402554,47.6136703447131],[-122.176850950184,47.6136226917704],[-122.176840536015,47.6136094750201],[-122.176806424289,47.6132491684672],[-122.176826400125,47.6130011835693],[-122.176801249086,47.6129872981248],[-122.176779748585,47.6129708458937],[-122.176762464259,47.6129522597058],[-122.176749850824,47.612932028531],[-122.176742240111,47.6129106846155],[-122.176739832339,47.6128887894789],[-122.176742690844,47.6128669191419],[-122.176750740419,47.612845648972],[-122.176716676794,47.6128459518271],[-122.176682765399,47.6128437556331],[-122.176649406018,47.6128390862811],[-122.176616991926,47.6128319988182],[-122.176585905252,47.6128225767988],[-122.176556512478,47.6128109312992],[-122.176529160115,47.6127971996084],[-122.176504170617,47.6127815436096],[-122.176481838583,47.6127641478713],[-122.176462427284,47.6127452174717],[-122.176446165555,47.6127249755808],[-122.176433245102,47.6127036608294],[-122.176423818238,47.6126815244963],[-122.176417996092,47.6126588275451],[-122.176415847296,47.6126358375485],[-122.176417397177,47.6126128255332],[-122.176382178726,47.6119108341053],[-122.176374172042,47.6118353444152],[-122.177573533439,47.6118333513886],[-122.177558899883,47.6109948242485],[-122.177553977115,47.6107128223408],[-122.177544033663,47.610284560781],[-122.177577286842,47.6102624022735],[-122.1776124279,47.61024161879],[-122.177649332706,47.6102222837442],[-122.177687870899,47.6102044654334],[-122.177727906348,47.6101882267972],[-122.177769297636,47.6101736251954],[-122.177811898554,47.6101607122051],[-122.177855558624,47.6101495334388],[-122.177883156683,47.6101441378549],[-122.177911422157,47.610140664759],[-122.177945490561,47.6101390823938],[-122.177979592609,47.6101402886697],[-122.179503626709,47.6101760613445],[-122.179507714043,47.6101821950464],[-122.179633180841,47.6100399175648],[-122.179818114313,47.6098503412382],[-122.179962210373,47.6097145151686],[-122.180014566883,47.6096665661047],[-122.180099781071,47.6095885289441],[-122.180241251355,47.6094643060006],[-122.180291742064,47.6094199716955],[-122.180437091273,47.6092927922788],[-122.18053457016,47.6091983413943],[-122.180688931268,47.6090443719454],[-122.180778993664,47.6089329277725],[-122.180956823259,47.60881251695],[-122.181002279809,47.6087761177221],[-122.181249352445,47.6086757827598],[-122.181804300186,47.608591095442],[-122.182359909088,47.6085013745322],[-122.182562165672,47.6084606060141],[-122.182702974797,47.608420565442],[-122.182768071214,47.608378225833],[-122.182799502367,47.6083139032838],[-122.182808710099,47.6079396849385],[-122.182825963142,47.6075110142664],[-122.182847944917,47.6073565395826],[-122.182884509942,47.6072161488955],[-122.182937039827,47.6071100984142],[-122.182991731956,47.6069750640876],[-122.183082404308,47.6068242441732],[-122.183112370309,47.6068032551212],[-122.18317196185,47.6067820710392],[-122.183450395571,47.6066279006662],[-122.183641112397,47.6065191852967],[-122.183749607324,47.6064186261496],[-122.183911979608,47.6062788919068],[-122.184049799139,47.6061683224779],[-122.184172575482,47.606056739536],[-122.184303863363,47.6059217588172],[-122.184423365347,47.6057808470374],[-122.184572931248,47.6056077168136],[-122.184724770786,47.6054706956357],[-122.185004379503,47.6051881830355],[-122.185128633575,47.6050321812402],[-122.185243874849,47.6049029669739],[-122.185359634452,47.6048046081854],[-122.185476652594,47.6047148953167],[-122.185591153656,47.6046078906592],[-122.185680345584,47.6045180145243],[-122.185751738293,47.6044286524614],[-122.185829126358,47.6042985990399],[-122.185936336694,47.6041551468719],[-122.185979866358,47.6039971286827],[-122.185992095124,47.6038969305244],[-122.186000289556,47.603755367016],[-122.185992166091,47.6035698969321],[-122.185997105927,47.6034332501879],[-122.185993811804,47.6033696756505],[-122.185992738318,47.6032394730171],[-122.185995937218,47.6031318178484],[-122.186009164911,47.6030248378147],[-122.186020614838,47.6028783566682],[-122.186024313202,47.6027673106305],[-122.186048308101,47.6026387958108],[-122.186070802814,47.6025204565534],[-122.186115867699,47.60242075891],[-122.186205717193,47.6023363685592],[-122.186296277256,47.6022959344332],[-122.186378730022,47.6022689579397],[-122.186473208536,47.6022290931293],[-122.18659976499,47.6021776919196],[-122.186703010162,47.6021298558772],[-122.186835578141,47.6020720103988],[-122.18697491852,47.6020197580083],[-122.187134550044,47.6019500355779],[-122.187289667534,47.601876586094],[-122.187388158822,47.6018438411625],[-122.187494160026,47.6017944778065],[-122.187666333828,47.6017427242487],[-122.187821728897,47.6017189480747],[-122.188024502912,47.6017000751647],[-122.188258854505,47.6016730559636],[-122.188468898584,47.6016563842126],[-122.188695739363,47.6016459810227],[-122.188921082651,47.6016457490331],[-122.189120859885,47.6016472197142],[-122.189296569456,47.6016402194415],[-122.189480546223,47.6016286393398],[-122.189633444874,47.6016218153284],[-122.189750251912,47.6016194088133],[-122.189945774725,47.601632576502],[-122.190030503823,47.6016417070828],[-122.190184661014,47.6016435284742],[-122.190171660595,47.6016974439323],[-122.190175717387,47.6017730554668],[-122.190176997486,47.6018159467774],[-122.190189325067,47.6018869789408],[-122.190219470731,47.6019917449972],[-122.19025512756,47.6020934562388],[-122.190305067601,47.6021841421349],[-122.190355983213,47.6022338013156],[-122.190404880311,47.6022627784872],[-122.190455036847,47.6023004003296],[-122.19054729742,47.602327159963],[-122.19064633129,47.6023595126984],[-122.19075439233,47.6023993216842],[-122.190832872747,47.6024337143993],[-122.190962008264,47.6025023380379],[-122.191068334657,47.6025711372415],[-122.191156102756,47.602628414016],[-122.191283005061,47.6027294195854],[-122.191349867566,47.6027827706197],[-122.191871877679,47.6028748914423],[-122.192347379315,47.6028906342628],[-122.192549029537,47.6029310673234],[-122.192688099523,47.6030008102515],[-122.192775704127,47.6031211502609],[-122.192842386071,47.6032488807275],[-122.192901311062,47.6034838100639],[-122.192884677856,47.6036553797818],[-122.192782676851,47.6037922651942],[-122.192681293886,47.6038908281871],[-122.19261862831,47.6039631839948],[-122.192581361701,47.6040455063209],[-122.19257199317,47.6041179739671],[-122.192544761641,47.6042611070402],[-122.192545282664,47.6044070488892],[-122.192561543069,47.6044318426035],[-122.192638337347,47.6045637169833],[-122.192711877928,47.6047005091666],[-122.192794186066,47.6048293308467],[-122.192834341658,47.6049005230575],[-122.192904104822,47.6050113768067],[-122.192985202031,47.6052000439886],[-122.193019869815,47.6053085361833],[-122.193042513648,47.605429916276],[-122.193079438898,47.6055402722522],[-122.193133448308,47.6057065689244],[-122.193149820104,47.6058189648151],[-122.193186269247,47.6059669579518],[-122.193236739294,47.6060884982294],[-122.193276207674,47.6062503924058],[-122.193307383706,47.6063826201475],[-122.193348586734,47.6065155228666],[-122.193410629777,47.6066960585023],[-122.193456349533,47.6068326882441],[-122.193480753166,47.6069593237076],[-122.193491112538,47.6070781647013],[-122.193497695393,47.6071710677313],[-122.193501780931,47.6072809252166],[-122.193511643534,47.6074031571221],[-122.193529488567,47.6074711352814],[-122.193566202713,47.6076345550447],[-122.193644550179,47.6078247480766],[-122.193710800931,47.6079250919393],[-122.193794091826,47.6080128848634],[-122.193891426083,47.6081084710454],[-122.193995770793,47.6081908322709],[-122.194069271848,47.6082591316072],[-122.194159336939,47.6083525152342],[-122.194408926654,47.6085662189099],[-122.194510042819,47.608687742852],[-122.194574277752,47.6087674032462],[-122.194657594698,47.608889441509],[-122.194696522292,47.6089862331139],[-122.194744503108,47.6091247270603],[-122.194759881367,47.6092439059201],[-122.194778538478,47.6093924126284],[-122.194775618953,47.6095154959545],[-122.194768183597,47.6096348507663],[-122.194757729004,47.6097403050401],[-122.194742260913,47.6098454223753],[-122.194712059553,47.6100334465158],[-122.194713997219,47.6100981309275],[-122.194652423096,47.6104800311939],[-122.194634467571,47.6108142616633],[-122.194608119085,47.6118482206617],[-122.194606110784,47.6118652808233],[-122.194608975384,47.6118822849727],[-122.194616606667,47.6118986025665],[-122.194628721655,47.6119136285192],[-122.194644871105,47.6119268056413],[-122.194664456169,47.6119376453008],[-122.194686750599,47.6119457455429],[-122.194710927676,47.6119508059952],[-122.195251964107,47.6119623862343],[-122.195255513351,47.6120185232875],[-122.195251145742,47.6122202708701],[-122.19528658428,47.6123407992048],[-122.195301582552,47.6124067858145],[-122.195273101466,47.6124297722832],[-122.195248004333,47.6124524074986],[-122.195193879939,47.612487798886],[-122.195154302863,47.612518052414],[-122.195107841996,47.6125657596552],[-122.195075667038,47.6125984058254],[-122.195058035803,47.6126259147558],[-122.195030633594,47.6127006929487],[-122.194990178863,47.6128376667238],[-122.194970957611,47.6129446085209],[-122.194966506393,47.6129559667778],[-122.194965882191,47.6129677094961],[-122.194969115954,47.6129792545411],[-122.194976047371,47.6129900295772],[-122.194986332827,47.6129995004411],[-122.194999462429,47.6130071976225],[-122.19501478529,47.6130127395395],[-122.195031541791,47.613015851456],[-122.195337030073,47.6130494202568],[-122.195341572853,47.6130544653855],[-122.195341657295,47.6130578730121],[-122.195379313773,47.6130975236711],[-122.195515752594,47.6131327832101],[-122.19552174256,47.6136377688536],[-122.195349438502,47.613886255177],[-122.19535493709,47.6139411874937],[-122.195370129398,47.6141476759517],[-122.195367235924,47.6143050052209],[-122.19538720727,47.6145306499915],[-122.195385336079,47.6147154441557],[-122.195381181371,47.614864127291],[-122.195355807557,47.6151397998976],[-122.195354884089,47.6152493196984],[-122.195360712359,47.615370228609],[-122.195544661278,47.6153729863208],[-122.195563457381,47.6153762682963],[-122.19558126077,47.6153815011646],[-122.195597631621,47.6153885556504],[-122.1956121655,47.6153972574763],[-122.195624503355,47.6154073916683],[-122.195634340383,47.6154187078662],[-122.195641433563,47.6154309265089],[-122.195645607661,47.6154437457406],[-122.195647816618,47.6155280955673],[-122.195655235433,47.6155544420069],[-122.195671536389,47.6155788921761],[-122.195695820587,47.6156000977763],[-122.195726748888,47.6156168894286],[-122.195976893762,47.6156209399878],[-122.196002085605,47.615627401215],[-122.196025701579,47.6156361712183],[-122.19604728161,47.6156470791467],[-122.196066405292,47.6156599124996],[-122.196082700068,47.6156744212662],[-122.19609584849,47.6156903227966],[-122.196105594408,47.6157073073073],[-122.196111747954,47.6157250439168],[-122.196107962453,47.616561406083],[-122.196101342768,47.6168692094353],[-122.19611050199,47.6169385868047],[-122.196115729287,47.6169980834981],[-122.196131705824,47.6170475257595],[-122.196188828795,47.6171265018789],[-122.196196429735,47.617151992834],[-122.196199328762,47.617177922728],[-122.196197481709,47.6172038965985],[-122.196190916704,47.6172295188128],[-122.196179733738,47.617254399094],[-122.196164103144,47.6172781584657],[-122.196144263002,47.6173004350246],[-122.196120515511,47.6173208894534],[-122.196103013634,47.6173533600774],[-122.196084476898,47.6176265635229],[-122.196105487594,47.6177280596761],[-122.196122438804,47.6178147147033],[-122.196139389115,47.6179013695868],[-122.196145138333,47.6179807137885],[-122.196151862223,47.6180972705191],[-122.196150638948,47.6181234301665],[-122.196144914844,47.6181493151501],[-122.19613476792,47.6181745726743],[-122.196120336466,47.6181988584949],[-122.196101817168,47.618221841611],[-122.196079462427,47.6182432087762],[-122.196053576923,47.6182626687684],[-122.196024513455,47.6182799563587],[-122.195978322698,47.6182865759433],[-122.195933584183,47.6182967831366],[-122.195890905212,47.6183104393813],[-122.195850865131,47.6183273593011],[-122.195814007467,47.6183473132166],[-122.195780832548,47.6183700302633],[-122.195751790713,47.6183952020681],[-122.195727276199,47.6184224869354],[-122.195701275844,47.6184535286298],[-122.195680022626,47.6184861803465],[-122.195663731891,47.6185201112595],[-122.195652568706,47.6185549775817],[-122.195655682267,47.6185741411157],[-122.195701941013,47.6187416261558],[-122.195759516734,47.6189526782079],[-122.19580727387,47.6191099905979],[-122.195830927409,47.6192245883969],[-122.195875192793,47.6194056372333],[-122.195875523373,47.6194096929487],[-122.196064061785,47.6194041628129],[-122.196090784622,47.6194077516081],[-122.196115938825,47.6194148282748],[-122.196138539193,47.6194251156453],[-122.196157700549,47.6194382108],[-122.196172672407,47.619453600848],[-122.196182868369,47.619470683015],[-122.196187889088,47.6194887882518],[-122.196187537916,47.6195072074383],[-122.196197678099,47.6200786982129],[-122.196195110714,47.6204797314197],[-122.196286016627,47.6205547756997],[-122.196320611647,47.6205810240366],[-122.196360444743,47.6207594173154],[-122.196378270014,47.6208865912497],[-122.196393136416,47.6209296806118],[-122.196410934111,47.6209722590839],[-122.196431625028,47.6210142355663],[-122.196455164904,47.6210555202472],[-122.196472565765,47.6210676094127],[-122.196493272695,47.6210770199841],[-122.196516400011,47.6210833494492],[-122.196540958505,47.6210863270819],[-122.19660725058,47.6210944679207],[-122.196644145287,47.6210968323664],[-122.196672452099,47.6214272609359],[-122.196621862576,47.6217249403999],[-122.196591509401,47.62190354896],[-122.196587048367,47.6220387064052],[-122.196541079777,47.6221577347391],[-122.196509128499,47.6222385704356],[-122.196473752843,47.6222950585329],[-122.196472195165,47.6222996153598],[-122.196471113408,47.6223113559055],[-122.196472762714,47.6223230662398],[-122.196477102437,47.6223344577707],[-122.196484025631,47.6223452497627],[-122.19649336168,47.6223551762551],[-122.196504880505,47.6223639926168],[-122.196518298234,47.622371481575],[-122.196533284197,47.6223774585696],[-122.196683802313,47.6223867320547],[-122.196717696573,47.6223883136997],[-122.196750166565,47.6223950742593],[-122.196779504597,47.6224066581758],[-122.19680416769,47.6224224562166],[-122.196822858735,47.6224416375155],[-122.196834594704,47.6224631932691],[-122.196838758359,47.6224859897932],[-122.196835130709,47.622508828146],[-122.196843553313,47.6226023867403],[-122.196851228674,47.6226394997108],[-122.196864586261,47.6226758692814],[-122.196883480452,47.6227110989276],[-122.196907705262,47.6227448045522],[-122.196936996584,47.6227766186733],[-122.196971035074,47.622806194431],[-122.197009449627,47.6228332093686],[-122.197051821424,47.6228573689493],[-122.197290855934,47.6229080717095],[-122.197808082519,47.6229043983176],[-122.197843053034,47.6229059065456],[-122.197893544636,47.6229186076811],[-122.197940631107,47.6229363048231],[-122.197983238381,47.6229585942934],[-122.198020394565,47.6229849676605],[-122.198051252102,47.6230148233366],[-122.198075107104,47.6230474803001],[-122.198091415415,47.6230821936291],[-122.198099805017,47.6231181714938],[-122.198097552941,47.6231283330695],[-122.198081744389,47.6231556517926],[-122.19804467451,47.6232051627037],[-122.197977578443,47.6233434761045],[-122.197922220662,47.6234476760632],[-122.197840562006,47.6235557604671],[-122.19777898968,47.6236243327808],[-122.197696675254,47.6237074342688],[-122.197634916078,47.6237688679999],[-122.197552226156,47.6238376937219],[-122.197506209956,47.6238953686081],[-122.197481425437,47.6239714197063],[-122.197464529923,47.6240537916715],[-122.19746729335,47.6240679534738],[-122.197465782249,47.6240822013961],[-122.197460058517,47.6240959517939],[-122.197450356614,47.6241086414027],[-122.197437073962,47.6241197504113],[-122.197420754663,47.6241288237551],[-122.197402067214,47.6241354897574],[-122.197381777119,47.6241394753546],[-122.197347020403,47.6241802582899],[-122.197341804784,47.6241789353683],[-122.197313668005,47.6242045786522],[-122.197294415059,47.6242337333589],[-122.197286172031,47.624258011928],[-122.197284131146,47.6242828836087],[-122.197284266792,47.6242852951357],[-122.197280407629,47.6243132925742],[-122.197249706806,47.6245359789032],[-122.197250100829,47.6245529093331],[-122.197259806887,47.6245685187392],[-122.197277424242,47.6245805544228],[-122.197300410416,47.6245872794323],[-122.19736631352,47.6245968504075],[-122.197382974573,47.6245992703962],[-122.197419757216,47.624600013456],[-122.197456341188,47.6246026993311],[-122.197492502312,47.6246073115632],[-122.197528019,47.6246138218897],[-122.197562673614,47.6246221904167],[-122.197596253799,47.6246323658639],[-122.197628553783,47.6246442858785],[-122.197659375636,47.6246578774173],[-122.19768853049,47.6246730571945],[-122.197715839686,47.6246897321916],[-122.19774113588,47.6247078002277],[-122.197764264058,47.6247271505857],[-122.197785082493,47.6247476646905],[-122.197803463611,47.6247692168354],[-122.197819294773,47.624791674953],[-122.197832478965,47.6248149014237],[-122.197831419851,47.6249834708065],[-122.197846883507,47.6250246460675],[-122.197866969019,47.625064899144],[-122.197891558276,47.6251039933079],[-122.197920506677,47.6251416986462],[-122.19793433596,47.6251910596442],[-122.197945199024,47.6252407585634],[-122.197953078061,47.6252907139732],[-122.197957960152,47.6253408440222],[-122.19795983729,47.6253910665731],[-122.19795870639,47.6254412993363],[-122.197954569296,47.6254914600056],[-122.197947432779,47.6255414663926],[-122.197937545023,47.6255823354176],[-122.197927755183,47.6256269072778],[-122.197912584434,47.6256752479569],[-122.19789984273,47.6257290181612],[-122.197887217807,47.6259503101952],[-122.197886461426,47.6259646711263],[-122.197861170257,47.6260131634572],[-122.197833516519,47.6261079605516],[-122.197829787613,47.6261746877901],[-122.197819948365,47.6262174077326],[-122.19781861796,47.626271139237],[-122.197809119175,47.6263268213858],[-122.197802454573,47.6263861742008],[-122.197801172678,47.626441757542],[-122.197797151818,47.6264973741226],[-122.197787895578,47.6265623142444],[-122.197770422447,47.6266273535756],[-122.197760875152,47.6266811839487],[-122.197771120438,47.6267151659588],[-122.197620081299,47.626659453347],[-122.197473357667,47.6266495328124],[-122.1973553397,47.6266440185782],[-122.19724446334,47.6266384008153],[-122.197097506146,47.6266212405709],[-122.196979489975,47.6266157257283]]]},"properties":{"OBJECTID":25,"SD_BASIN_ID":13,"BASIN":"STURTEVANT CREEK","TYPE":"BASIN","BASIN_NO":75,"SYMBOL":23,"SysChangeUser":"gisdba_cobgis","SysCreateDate":"Fri, 02 Oct 2026 19:14:30 GMT","SysChangeDate":"Fri, 02 Oct 2026 19:14:30 GMT","SysCreateUser":"gisdba_cobgis"}},{"type":"Feature","id":26,"geometry":{"type":"Polygon","coordinates":[[[-122.209727191118,47.6329756932596],[-122.209671604267,47.6329745685114],[-122.209671986051,47.6329763101156],[-122.209629433754,47.6329765250164],[-122.208737622273,47.6329798865483],[-122.20817003793,47.6329820216326],[-122.207512512464,47.6329844926882],[-122.207056836647,47.6327309703611],[-122.206963743335,47.6326765735504],[-122.206911508997,47.6326183423432],[-122.206907927414,47.6324827170682],[-122.206122858246,47.6324567101924],[-122.205876445872,47.6320911294296],[-122.204555723876,47.6320678132054],[-122.20432080365,47.6321717590755],[-122.204157176419,47.6320477066161],[-122.202296236358,47.6320629091452],[-122.202266683582,47.6326358565692],[-122.20148630362,47.6328853283203],[-122.201478719144,47.6328928898128],[-122.201340671441,47.6328028383049],[-122.201260000033,47.6326984608594],[-122.201216451505,47.6326843905341],[-122.201209633292,47.6326727289234],[-122.201201557438,47.6326589195004],[-122.201119461302,47.6325490790064],[-122.20103224477,47.6323910328001],[-122.200999658383,47.6322659814078],[-122.200974364519,47.6321456509492],[-122.200933012372,47.6319700327806],[-122.200896856978,47.6318450342585],[-122.200832846624,47.6316311242414],[-122.200798090806,47.6314385121582],[-122.200768377231,47.6312916916723],[-122.200792363148,47.6311489116549],[-122.200842966146,47.6309453907043],[-122.200881228089,47.6308024008848],[-122.200922988071,47.6305459003873],[-122.200927728481,47.6303599501941],[-122.200911053055,47.6301743147457],[-122.200897327695,47.629969323142],[-122.200861977192,47.6297540941693],[-122.200749177539,47.6295705318586],[-122.200668513318,47.6294661534058],[-122.200511335991,47.6294153686188],[-122.200316596509,47.6294177072615],[-122.200042576211,47.6293683233139],[-122.199768555913,47.6293189405304],[-122.199139165683,47.6290894638364],[-122.19886307387,47.6289610923965],[-122.198742084276,47.6288045234189],[-122.198698991193,47.6286470204387],[-122.198694153766,47.6284627216978],[-122.198683787207,47.6280677965767],[-122.198524542857,47.627938023519],[-122.198283950667,47.6276775410696],[-122.198238788765,47.6274410524789],[-122.198235597051,47.6273194231832],[-122.198215845792,47.6273097564448],[-122.198142990626,47.6272649571707],[-122.198073162783,47.6272032157563],[-122.198013193051,47.6271147745539],[-122.197958737178,47.6269755581528],[-122.197920646814,47.6269012816869],[-122.197856644545,47.6267984163113],[-122.197811567982,47.6267548014181],[-122.197771120438,47.6267151659588],[-122.197760875152,47.6266811839487],[-122.197770422447,47.6266273535756],[-122.197787895578,47.6265623142444],[-122.197797151818,47.6264973741226],[-122.197801172678,47.626441757542],[-122.197802454573,47.6263861742008],[-122.197809119175,47.6263268213858],[-122.19781861796,47.626271139237],[-122.197819948365,47.6262174077326],[-122.197829787613,47.6261746877901],[-122.197833516519,47.6261079605516],[-122.197861170257,47.6260131634572],[-122.197886461426,47.6259646711263],[-122.197887217807,47.6259503101952],[-122.19789984273,47.6257290181612],[-122.197912584434,47.6256752479569],[-122.197927755183,47.6256269072778],[-122.197937545023,47.6255823354176],[-122.197947432779,47.6255414663926],[-122.197954569296,47.6254914600056],[-122.19795870639,47.6254412993363],[-122.19795983729,47.6253910665731],[-122.197957960152,47.6253408440222],[-122.197953078061,47.6252907139731],[-122.197945199024,47.6252407585634],[-122.19793433596,47.6251910596442],[-122.197920506677,47.6251416986462],[-122.197891558276,47.6251039933079],[-122.197866969019,47.625064899144],[-122.197846883507,47.6250246460675],[-122.197831419851,47.6249834708065],[-122.197832478965,47.6248149014237],[-122.197819294773,47.624791674953],[-122.197803463611,47.6247692168354],[-122.197785082493,47.6247476646905],[-122.197764264058,47.6247271505858],[-122.19774113588,47.6247078002278],[-122.197715839686,47.6246897321916],[-122.19768853049,47.6246730571945],[-122.197659375636,47.6246578774174],[-122.197628553783,47.6246442858785],[-122.197596253799,47.6246323658639],[-122.197562673614,47.6246221904167],[-122.197528019,47.6246138218897],[-122.197492502312,47.6246073115633],[-122.197456341188,47.6246026993311],[-122.197419757216,47.624600013456],[-122.197382974573,47.6245992703962],[-122.19736631352,47.6245968504075],[-122.197300410416,47.6245872794323],[-122.197277424242,47.6245805544228],[-122.197259806887,47.6245685187391],[-122.197250100829,47.6245529093331],[-122.197249706806,47.6245359789032],[-122.197280407629,47.6243132925742],[-122.197284266792,47.6242852951357],[-122.197284131146,47.6242828836087],[-122.197286172031,47.624258011928],[-122.197294415059,47.6242337333589],[-122.197313668005,47.6242045786522],[-122.197341804784,47.6241789353683],[-122.197347020403,47.6241802582899],[-122.197381777119,47.6241394753546],[-122.197402067214,47.6241354897574],[-122.197420754663,47.6241288237551],[-122.197437073962,47.6241197504113],[-122.197450356614,47.6241086414027],[-122.197460058517,47.6240959517939],[-122.197465782249,47.6240822013961],[-122.19746729335,47.6240679534738],[-122.197464529923,47.6240537916715],[-122.197481425437,47.6239714197063],[-122.197506209956,47.6238953686081],[-122.197552226156,47.6238376937219],[-122.197634916078,47.6237688679999],[-122.197696675254,47.6237074342688],[-122.19777898968,47.6236243327808],[-122.197840562006,47.6235557604671],[-122.197922220662,47.6234476760632],[-122.197977578443,47.6233434761045],[-122.19804467451,47.6232051627037],[-122.198081744389,47.6231556517926],[-122.198097552941,47.6231283330695],[-122.198099805017,47.6231181714938],[-122.198091415415,47.6230821936291],[-122.198075107104,47.6230474803001],[-122.198051252102,47.6230148233366],[-122.198020394565,47.6229849676605],[-122.197983238381,47.6229585942934],[-122.197940631107,47.6229363048231],[-122.197893544636,47.622918607681],[-122.197843053034,47.6229059065456],[-122.197808082519,47.6229043983176],[-122.197290855934,47.6229080717095],[-122.197051821424,47.6228573689493],[-122.197009449627,47.6228332093686],[-122.196971035074,47.622806194431],[-122.196936996584,47.6227766186733],[-122.196907705262,47.6227448045522],[-122.196883480452,47.6227110989276],[-122.196864586261,47.6226758692814],[-122.196851228674,47.6226394997108],[-122.196843553313,47.6226023867403],[-122.196835130709,47.622508828146],[-122.196838758359,47.6224859897932],[-122.196834594704,47.6224631932691],[-122.196822858734,47.6224416375155],[-122.19680416769,47.6224224562167],[-122.196779504596,47.6224066581758],[-122.196750166565,47.6223950742593],[-122.196717696573,47.6223883136997],[-122.196683802313,47.6223867320547],[-122.196533284197,47.6223774585696],[-122.196518298234,47.622371481575],[-122.196504880505,47.6223639926168],[-122.19649336168,47.6223551762551],[-122.196484025631,47.6223452497627],[-122.196477102437,47.6223344577707],[-122.196472762714,47.6223230662398],[-122.196471113408,47.6223113559055],[-122.196472195165,47.6222996153598],[-122.196473752843,47.6222950585329],[-122.196509128499,47.6222385704356],[-122.196541079777,47.6221577347391],[-122.196587048367,47.6220387064052],[-122.196591509401,47.62190354896],[-122.196621862576,47.6217249403999],[-122.196672452099,47.6214272609359],[-122.196644145287,47.6210968323664],[-122.19660725058,47.6210944679207],[-122.196540958505,47.6210863270819],[-122.196516400011,47.6210833494492],[-122.196493272695,47.6210770199841],[-122.196472565765,47.6210676094127],[-122.196455164904,47.6210555202472],[-122.196431625028,47.6210142355663],[-122.196410934111,47.6209722590839],[-122.196393136416,47.6209296806118],[-122.196378270014,47.6208865912497],[-122.196360444743,47.6207594173154],[-122.196320611647,47.6205810240366],[-122.196286016627,47.6205547756997],[-122.196195110714,47.6204797314197],[-122.196197678099,47.6200786982129],[-122.196187537916,47.6195072074383],[-122.196187889088,47.6194887882518],[-122.196182868369,47.619470683015],[-122.196172672407,47.619453600848],[-122.196157700549,47.6194382108],[-122.196138539193,47.6194251156453],[-122.196115938825,47.6194148282748],[-122.196090784622,47.6194077516081],[-122.196064061785,47.6194041628129],[-122.195875523373,47.6194096929487],[-122.195875192793,47.6194056372333],[-122.195830927409,47.6192245883969],[-122.19580727387,47.6191099905979],[-122.195759516734,47.6189526782079],[-122.195701941013,47.6187416261558],[-122.195655682267,47.6185741411157],[-122.195652568706,47.6185549775817],[-122.195663731891,47.6185201112595],[-122.195680022626,47.6184861803465],[-122.195701275844,47.6184535286298],[-122.195727276199,47.6184224869354],[-122.195751790713,47.6183952020681],[-122.195780832548,47.6183700302633],[-122.195814007467,47.6183473132166],[-122.195850865131,47.6183273593011],[-122.195890905212,47.6183104393813],[-122.195933584183,47.6182967831366],[-122.195978322698,47.6182865759433],[-122.196024513455,47.6182799563587],[-122.196053576923,47.6182626687684],[-122.196079462427,47.6182432087762],[-122.196101817168,47.618221841611],[-122.196120336466,47.6181988584949],[-122.19613476792,47.6181745726743],[-122.196144914844,47.6181493151501],[-122.196150638948,47.6181234301666],[-122.196151862223,47.6180972705191],[-122.196145138333,47.6179807137885],[-122.196139389115,47.6179013695868],[-122.196122438804,47.6178147147033],[-122.196105487594,47.6177280596761],[-122.196084476898,47.6176265635229],[-122.196103013634,47.6173533600774],[-122.196120515511,47.6173208894534],[-122.196144263002,47.6173004350246],[-122.196164103144,47.6172781584657],[-122.196179733738,47.617254399094],[-122.196190916704,47.6172295188128],[-122.196197481709,47.6172038965985],[-122.196199328762,47.617177922728],[-122.196196429735,47.617151992834],[-122.196188828795,47.6171265018789],[-122.196131705824,47.6170475257595],[-122.196115729287,47.6169980834981],[-122.19611050199,47.6169385868047],[-122.196101342768,47.6168692094353],[-122.196107962453,47.616561406083],[-122.196111747954,47.6157250439168],[-122.196105594408,47.6157073073073],[-122.19609584849,47.6156903227966],[-122.196082700068,47.6156744212662],[-122.196066405292,47.6156599124996],[-122.19604728161,47.6156470791467],[-122.196025701579,47.6156361712183],[-122.196002085605,47.615627401215],[-122.195976893762,47.6156209399878],[-122.195726748888,47.6156168894286],[-122.195695820587,47.6156000977763],[-122.195671536389,47.6155788921761],[-122.195655235433,47.6155544420069],[-122.195647816618,47.6155280955673],[-122.195645607661,47.6154437457406],[-122.195641433563,47.6154309265089],[-122.195634340383,47.6154187078662],[-122.195624503355,47.6154073916683],[-122.1956121655,47.6153972574763],[-122.195597631621,47.6153885556503],[-122.19558126077,47.6153815011646],[-122.195563457381,47.6153762682963],[-122.195544661278,47.6153729863208],[-122.195360712359,47.615370228609],[-122.195354884089,47.6152493196984],[-122.195355807557,47.6151397998976],[-122.195381181371,47.614864127291],[-122.195385336079,47.6147154441557],[-122.19538720727,47.6145306499915],[-122.195367235924,47.6143050052209],[-122.195370129398,47.6141476759517],[-122.19535493709,47.6139411874937],[-122.195349438502,47.613886255177],[-122.19552174256,47.6136377688536],[-122.195515752594,47.6131327832101],[-122.195379313773,47.6130975236711],[-122.195341657295,47.6130578730121],[-122.195341572853,47.6130544653855],[-122.195337030073,47.6130494202568],[-122.195031541791,47.613015851456],[-122.19501478529,47.6130127395396],[-122.194999462429,47.6130071976225],[-122.194986332827,47.6129995004411],[-122.194976047371,47.6129900295772],[-122.194969115954,47.6129792545411],[-122.194965882191,47.6129677094961],[-122.194966506393,47.6129559667778],[-122.194970957611,47.6129446085209],[-122.194990178863,47.6128376667238],[-122.195030633594,47.6127006929487],[-122.195058035803,47.6126259147558],[-122.195075667038,47.6125984058254],[-122.195107841996,47.6125657596552],[-122.195154302863,47.612518052414],[-122.195193879939,47.612487798886],[-122.195248004333,47.6124524074986],[-122.195273101466,47.6124297722832],[-122.195301582552,47.6124067858145],[-122.19528658428,47.6123407992048],[-122.195251145742,47.6122202708701],[-122.195255513351,47.6120185232875],[-122.195251964107,47.6119623862343],[-122.194710927676,47.6119508059952],[-122.194686750599,47.6119457455429],[-122.194664456169,47.6119376453008],[-122.194644871105,47.6119268056414],[-122.194628721655,47.6119136285193],[-122.194616606667,47.6118986025665],[-122.194608975384,47.6118822849727],[-122.194606110784,47.6118652808233],[-122.194608119085,47.6118482206617],[-122.194634467571,47.6108142616633],[-122.194652423096,47.6104800311939],[-122.194713997219,47.6100981309275],[-122.194902364053,47.6100650871213],[-122.195061037973,47.6100363837726],[-122.195264576454,47.6099952882048],[-122.195454069775,47.6099463994745],[-122.195600692795,47.6098963376097],[-122.195758343534,47.609840168603],[-122.195955581231,47.6097558429107],[-122.196183902434,47.6096667599044],[-122.196323252694,47.6096144957201],[-122.19650969893,47.609517457577],[-122.196636499725,47.6094472267233],[-122.196764534806,47.6093513952862],[-122.196884035892,47.6092447162518],[-122.196999756866,47.6091120996631],[-122.197190901291,47.6089314784935],[-122.197199320302,47.6089181503323],[-122.197308969564,47.6088585917554],[-122.197415786437,47.6088048387203],[-122.19756563441,47.6087558604546],[-122.197706013241,47.6087143157105],[-122.197851447791,47.6086408206112],[-122.197903540196,47.6086043201225],[-122.197926586782,47.6085704418228],[-122.197946475935,47.6085356605516],[-122.197963130791,47.6085001107317],[-122.19797648699,47.6084639297564],[-122.197972603169,47.6084514724898],[-122.197973579576,47.6084387584888],[-122.197979350733,47.6084266403205],[-122.197989529637,47.6084159305964],[-122.198003433718,47.6084073474813],[-122.198020130604,47.608401466535],[-122.198038500649,47.6083986821171],[-122.198057312009,47.6083991809428],[-122.198163483893,47.6084018935993],[-122.1983695143,47.6083914499618],[-122.198504417001,47.6083659143993],[-122.198568399507,47.6083332577138],[-122.198596301619,47.608309101628],[-122.198619141739,47.6082826255242],[-122.198636504163,47.6082543112942],[-122.198648072886,47.6082246742846],[-122.198656367822,47.6082060950155],[-122.198661980926,47.6081870622231],[-122.19866486012,47.6081677525077],[-122.198664978692,47.608148345039],[-122.198662335544,47.6081290198936],[-122.198656955205,47.6081099563837],[-122.1986488876,47.6080913313941],[-122.198638207588,47.6080733177401],[-122.198633003897,47.6080594779829],[-122.19862419276,47.6080465004191],[-122.198612063458,47.6080348111127],[-122.198597014207,47.6080247938331],[-122.198579539087,47.6080167774555],[-122.198560211821,47.6080110251637],[-122.198539666938,47.6080077258096],[-122.198518578942,47.6080069877137],[-122.198494131558,47.6080066457039],[-122.198470109792,47.6080035551664],[-122.198447184544,47.6079978024167],[-122.198425996091,47.6079895481226],[-122.198407136202,47.6079790228174],[-122.198391131611,47.6079665204612],[-122.198378429306,47.6079523902304],[-122.198369384044,47.607937026766],[-122.19840349577,47.6072151192861],[-122.198392795039,47.6070318830105],[-122.198384990719,47.6070178335107],[-122.198373477609,47.6070050030069],[-122.198358653217,47.6069938344895],[-122.198341029378,47.6069847135665],[-122.198321214579,47.6069779551497],[-122.198299892952,47.6069737925822],[-122.198277800653,47.6069723695819],[-122.198255700448,47.6069737352797],[-122.198226681819,47.6069538628999],[-122.198200713208,47.6069321462079],[-122.198178049493,47.606908798352],[-122.198158913112,47.6068840484903],[-122.198143491882,47.6068581395412],[-122.198131937157,47.6068313257987],[-122.198124362338,47.6068038704374],[-122.198120841765,47.6067760429286],[-122.198109932624,47.6065848382652],[-122.198114200699,47.6065758497348],[-122.198115793787,47.6065664708012],[-122.198114650666,47.606557061896],[-122.198110815269,47.6065479846024],[-122.198104434989,47.6065395877598],[-122.198095755021,47.6065321940577],[-122.198085108938,47.6065260876348],[-122.198072905864,47.60652150316],[-122.198009755026,47.6064914519986],[-122.197942094773,47.6064662869059],[-122.197870748186,47.6064463140102],[-122.197796583185,47.6064317762774],[-122.197555485244,47.606428221649],[-122.197526348296,47.6064226504149],[-122.197499490865,47.6064131943974],[-122.19747603178,47.6064002475158],[-122.197456948295,47.6063843491116],[-122.197443035388,47.6063661614806],[-122.197434872635,47.6063464422824],[-122.197432800073,47.6063260129776],[-122.197436904033,47.6063057246074],[-122.197374310323,47.6054711686662],[-122.197360600235,47.6049481203516],[-122.197383160525,47.6047431358171],[-122.197383347374,47.6046302100652],[-122.197104689973,47.6046345933895],[-122.19710160965,47.6039620222809],[-122.197090944851,47.6035568732807],[-122.197593832527,47.603555488662],[-122.197593213588,47.6032067440812],[-122.197581354928,47.6027543721836],[-122.197285020478,47.6027473187571],[-122.197298766499,47.6017520825595],[-122.197300904489,47.6015972874037],[-122.196898330783,47.6014192061123],[-122.196914805885,47.6002701801548],[-122.196923432407,47.6001605478162],[-122.196931228885,47.5996357775866],[-122.196932720088,47.5995353984384],[-122.197043469978,47.5994861350786],[-122.197156341824,47.5994391267297],[-122.197271235294,47.5993944151757],[-122.197388048258,47.599352040159],[-122.197631639922,47.5993231177094],[-122.197985655196,47.5993254201421],[-122.198599041042,47.5992993095426],[-122.199287974304,47.5992883843381],[-122.199564784769,47.5993300456027],[-122.199607130453,47.5993302030961],[-122.199813380948,47.5993309693622],[-122.200097101254,47.5993320227507],[-122.200380820662,47.5993330755336],[-122.200664540968,47.5993341277107],[-122.200710496083,47.5993342979247],[-122.200948259477,47.5993351786763],[-122.201248008423,47.599336288399],[-122.201444821217,47.599337016503],[-122.201490145714,47.5993329234919],[-122.201517008935,47.5993308148975],[-122.201538069038,47.5993287765693],[-122.201562796065,47.5993256230663],[-122.20158693739,47.5993203349214],[-122.201604210196,47.5993147717681],[-122.201618843752,47.5993092407187],[-122.201632847589,47.599299789292],[-122.201646794832,47.5992881971631],[-122.201655342302,47.59927202742],[-122.20166121908,47.5992352072235],[-122.201664955174,47.5990646261259],[-122.201668559215,47.5989001492097],[-122.201673663442,47.5986671298194],[-122.201678767669,47.5984341093913],[-122.201682816376,47.5982492631492],[-122.201686865982,47.5980644162541],[-122.201690468226,47.5978999404339],[-122.201694515136,47.5977151758998],[-122.201698562945,47.597530411319],[-122.201703665376,47.5972974027899],[-122.201708768705,47.5970644089731],[-122.201714202614,47.5967089382198],[-122.201963219204,47.5965456963452],[-122.202241664603,47.5963782389575],[-122.202400203776,47.5962467873739],[-122.202616815439,47.5960302055763],[-122.202799625294,47.5958541547032],[-122.202979179655,47.5956830222213],[-122.203193791667,47.5954800029074],[-122.203437689657,47.5952327224981],[-122.203507662129,47.5951396783187],[-122.203775945786,47.5953435573574],[-122.203871017187,47.5954145801348],[-122.203988034431,47.5955021771839],[-122.204138086321,47.595618257587],[-122.204233856612,47.5957109962053],[-122.204351729052,47.5958251358175],[-122.204506281502,47.5959701168036],[-122.204591273805,47.5960605994729],[-122.204688287365,47.5961919436954],[-122.204778632729,47.5963378698912],[-122.204935595359,47.5965576513358],[-122.20505409123,47.5966910927134],[-122.205139318892,47.5967888137333],[-122.205224547453,47.5968865351766],[-122.205343044222,47.5970199763211],[-122.205428041916,47.5971104583865],[-122.205494396873,47.5971836916389],[-122.205598970654,47.5975508716246],[-122.205742710082,47.5980968867196],[-122.205944627104,47.5988007039282],[-122.20614494692,47.599388335094],[-122.206164641585,47.5994716955927],[-122.206581150856,47.6002081288282],[-122.206587819949,47.6003209447968],[-122.206591704264,47.6004415889905],[-122.206585198665,47.6005720433022],[-122.206585593923,47.600695152836],[-122.206578700252,47.6008135428634],[-122.206593139772,47.6010402501352],[-122.206617808408,47.6011412745198],[-122.206661245545,47.6012709935582],[-122.206707320136,47.601371703734],[-122.206762472203,47.6015326318506],[-122.206824836843,47.601695867858],[-122.206864165086,47.6018087502757],[-122.206906750621,47.6019119258838],[-122.206987186669,47.6020821366936],[-122.207069870303,47.6022112761569],[-122.207156042993,47.6023379500656],[-122.207245706537,47.6024621584375],[-122.207328003895,47.6025792337179],[-122.207432637863,47.6027249470629],[-122.207522380458,47.602851568243],[-122.207628950295,47.6029465587607],[-122.20766480655,47.6029832757988],[-122.207706825247,47.6030371444486],[-122.207796645996,47.6031661779798],[-122.207865530608,47.6033100047584],[-122.207903859925,47.6035025630084],[-122.207912717313,47.6036665869334],[-122.207938866373,47.6038134577555],[-122.207964939076,47.6039579163064],[-122.207983798307,47.6041000667847],[-122.207972872098,47.6042040307187],[-122.207940385424,47.6043034851117],[-122.207915110425,47.6044052481873],[-122.20790782958,47.6045115730763],[-122.207910705985,47.604600850202],[-122.207956863221,47.6047039736659],[-122.208027683703,47.6047970765477],[-122.208126122889,47.6049718496322],[-122.208189184622,47.6050457550853],[-122.20826450746,47.6051677608458],[-122.20832889331,47.6052826847703],[-122.208359924713,47.6053594770328],[-122.208381497755,47.6054750328585],[-122.208399658995,47.6055954665062],[-122.208363369752,47.6056877356103],[-122.208249055539,47.6057956386887],[-122.208175377516,47.6058353499697],[-122.208026930017,47.6058809913167],[-122.207907958937,47.60595516743],[-122.207831878819,47.606031124097],[-122.207759753983,47.6061190928148],[-122.207696477553,47.6062600394175],[-122.207659874799,47.6063426567207],[-122.207636533873,47.6063936952861],[-122.207560606468,47.6064744784361],[-122.207495087843,47.6065608062806],[-122.207483732239,47.6065587312888],[-122.20742851729,47.6065486397775],[-122.207336176767,47.6065509346244],[-122.207282335343,47.6065586586095],[-122.207218316904,47.6065771179179],[-122.207171455389,47.6065906562338],[-122.2071301787,47.6062502004104],[-122.206983360745,47.6060578606237],[-122.206590914645,47.6060242546292],[-122.206316819787,47.6061114378107],[-122.205890713813,47.6063466371358],[-122.205714094249,47.6065021407917],[-122.20550906726,47.6067897901449],[-122.205455092884,47.6071618908746],[-122.205476444042,47.6079716320552],[-122.20548925312,47.6088605588532],[-122.205318440265,47.6091022630094],[-122.205084306963,47.6092273044124],[-122.205024197094,47.6095012243768],[-122.204967691266,47.6097774975686],[-122.204933199552,47.6100822618847],[-122.205162519681,47.6101777510196],[-122.205535573849,47.610213992417],[-122.20575034666,47.6102952783849],[-122.206301128914,47.6102862129043],[-122.206300951946,47.6103415802015],[-122.206294611637,47.6104971192182],[-122.206304841606,47.61051368554],[-122.206319759361,47.6105285359444],[-122.206338763497,47.6105410717391],[-122.206361087866,47.6105507875449],[-122.206456172742,47.6105593594044],[-122.206548230296,47.6105621355384],[-122.206620974969,47.6105753827339],[-122.206646395626,47.6105821169712],[-122.206670124307,47.6105912481226],[-122.206691669922,47.6106025872102],[-122.206710586562,47.6106158995605],[-122.206726482726,47.6106309096611],[-122.206739029424,47.6106473068629],[-122.206747966987,47.6106647518088],[-122.206753110438,47.6106828834573],[-122.206754353324,47.6107013265547],[-122.206751669918,47.6107196994009],[-122.206745115752,47.6107376217493],[-122.206734826468,47.6107547226766],[-122.206721015011,47.6107706482594],[-122.206703967223,47.610785068899],[-122.206684035925,47.610797686143],[-122.206661633617,47.6108082388623],[-122.206930186768,47.6173759126254],[-122.206934242662,47.617384585096],[-122.206963473613,47.6173978248942],[-122.20699460348,47.6174089105489],[-122.207027286331,47.6174177188696],[-122.207061158973,47.6174241519726],[-122.207095844992,47.6174281383693],[-122.207130958937,47.6174296337605],[-122.207166110599,47.6174286215283],[-122.20720090935,47.6174251129213],[-122.20784078292,47.6173918454582],[-122.208552559443,47.6173708636748],[-122.208549086556,47.617186195158],[-122.209652085672,47.6171820448063],[-122.209658573305,47.617358131089],[-122.209659406043,47.6173629408544],[-122.209896665483,47.6173612411174],[-122.209901899966,47.617357589135],[-122.209887865586,47.6170796114308],[-122.210443304706,47.6170816091019],[-122.210453432313,47.6173563580821],[-122.210455371776,47.617357236108],[-122.210634050279,47.6173559547956],[-122.211799827261,47.6173533431224],[-122.2122029166,47.6173524378473],[-122.212382654217,47.6175202907264],[-122.212420988924,47.6176786047365],[-122.212424214774,47.617660584118],[-122.21250760089,47.6179937368761],[-122.212915897763,47.6180267575067],[-122.212727500387,47.6188253621167],[-122.212693303321,47.6189699202924],[-122.212643603129,47.6192191139489],[-122.213011365322,47.6192813001575],[-122.212939999562,47.6195106594522],[-122.213040209248,47.6195307311839],[-122.213137803214,47.6195560174909],[-122.21323218888,47.6195863648382],[-122.21332279314,47.6196215889605],[-122.213409065849,47.619661475981],[-122.213490483156,47.6197057837096],[-122.21356655069,47.6197542431137],[-122.213636806558,47.6198065599512],[-122.21367379665,47.6198327519974],[-122.213708398648,47.6198603957671],[-122.213740488164,47.6198893918878],[-122.21376994984,47.6199196361256],[-122.213796677763,47.6199510197597],[-122.213820575847,47.6199834299731],[-122.213841558179,47.6200167502585],[-122.213859549326,47.6200508608366],[-122.213874484608,47.6200856390873],[-122.21388631033,47.6201209599898],[-122.213894983974,47.6201566965724],[-122.213900474353,47.6201927203689],[-122.213902761723,47.6202289018803],[-122.213901837857,47.6202651110404],[-122.213897706067,47.6203012176835],[-122.2138903812,47.6203370920117],[-122.214203928269,47.6207092059507],[-122.214115992185,47.6207936792812],[-122.213780005201,47.6210707974217],[-122.213286458208,47.6214859805252],[-122.213304424667,47.621500730162],[-122.213319717472,47.6215167987207],[-122.213332126892,47.6215339658327],[-122.213341482736,47.621551996063],[-122.213347656693,47.6215706421396],[-122.213350564087,47.6215896483443],[-122.213350165042,47.6216087540195],[-122.213346465027,47.6216276971433],[-122.213339514781,47.6216462179228],[-122.21332940962,47.6216640623569],[-122.213316288127,47.6216809857201],[-122.213300330252,47.6216967559184],[-122.213281754846,47.6217111566727],[-122.213260816658,47.6217239904848],[-122.213237802842,47.6217350813461],[-122.213213029018,47.6217442771515],[-122.213322720501,47.6219740640098],[-122.213325710992,47.6224538993808],[-122.21333196686,47.6228974935269],[-122.213889374189,47.622896042213],[-122.213903260346,47.6240087922272],[-122.213903223515,47.6247101181148],[-122.21421779646,47.6247084077186],[-122.214498617004,47.6247194571801],[-122.21520697364,47.6247235070343],[-122.215215582195,47.6257412310589],[-122.215229482726,47.6261950279142],[-122.215232357335,47.6274328115235],[-122.215031472478,47.6272340226007],[-122.214203215905,47.6272000415332],[-122.214202471201,47.6272070668398],[-122.214210495852,47.627727772985],[-122.214154656574,47.6277276640103],[-122.214163047737,47.6282588530738],[-122.214165297118,47.6283410881201],[-122.214119598921,47.6284121690175],[-122.213823683985,47.6284191324097],[-122.21382902447,47.6286203499468],[-122.214044241947,47.6286175675067],[-122.21404773819,47.6289380393361],[-122.214067384345,47.6292493537762],[-122.214001580056,47.6296897167902],[-122.213950518019,47.6301577120128],[-122.213940030188,47.6305598496067],[-122.213742985628,47.6305606099668],[-122.213442941137,47.6309294069125],[-122.213358649519,47.6314683418578],[-122.21234931055,47.6314595827337],[-122.212099290311,47.6314721016035],[-122.211849680378,47.6314879258549],[-122.211600576363,47.6315070494265],[-122.211352073686,47.631529464993],[-122.21115789026,47.6319021191576],[-122.210722845152,47.6320682757041],[-122.210612031673,47.6320686994594],[-122.210603621645,47.6328857381459],[-122.210605203579,47.6329721404354],[-122.21043133196,47.6329748167067],[-122.209872791856,47.632975422061],[-122.209727191118,47.6329756932596]]]},"properties":{"OBJECTID":26,"SD_BASIN_ID":9,"BASIN":"MEYDENBAUER CREEK","TYPE":"BASIN","BASIN_NO":72,"SYMBOL":19,"SysChangeUser":"gisdba_cobgis","SysCreateDate":"Fri, 02 Oct 2026 19:14:30 GMT","SysChangeDate":"Fri, 02 Oct 2026 19:14:30 GMT","SysCreateUser":"gisdba_cobgis"}},{"type":"Feature","id":27,"geometry":{"type":"Polygon","coordinates":[[[-122.20784078292,47.6173918454582],[-122.20720090935,47.6174251129213],[-122.207166110599,47.6174286215266],[-122.207130958938,47.6174296337577],[-122.207095844993,47.6174281383658],[-122.207061158974,47.6174241519689],[-122.207027286332,47.6174177188662],[-122.206994603482,47.6174089105463],[-122.206963473614,47.6173978248927],[-122.206934242662,47.617384585096],[-122.206930186768,47.6173759126254],[-122.206661633617,47.6108082388623],[-122.206684035925,47.610797686143],[-122.206703967223,47.610785068899],[-122.206721015011,47.6107706482594],[-122.206734826468,47.6107547226766],[-122.206745115752,47.6107376217493],[-122.206751669918,47.6107196994009],[-122.206754353324,47.6107013265547],[-122.206753110438,47.6106828834573],[-122.206747966987,47.6106647518088],[-122.206739029424,47.6106473068629],[-122.206726482726,47.6106309096611],[-122.206710586562,47.6106158995605],[-122.206691669922,47.6106025872102],[-122.206670124307,47.6105912481226],[-122.206646395626,47.6105821169712],[-122.206620974969,47.6105753827339],[-122.206548230296,47.6105621355384],[-122.206456172742,47.6105593594044],[-122.206361087866,47.6105507875449],[-122.206338763497,47.6105410717391],[-122.206319759361,47.6105285359444],[-122.206304841606,47.61051368554],[-122.206294611637,47.6104971192182],[-122.206300951946,47.6103415802015],[-122.206301128914,47.6102862129043],[-122.20575034666,47.6102952783849],[-122.205535573849,47.610213992417],[-122.205162519681,47.6101777510196],[-122.204933199552,47.6100822618847],[-122.204967691266,47.6097774975686],[-122.205024197094,47.6095012243768],[-122.205084306963,47.6092273044124],[-122.205318440265,47.6091022630094],[-122.20548925312,47.6088605588532],[-122.205476444042,47.6079716320552],[-122.205455092884,47.6071618908746],[-122.20550906726,47.6067897901449],[-122.205714094249,47.6065021407917],[-122.205890713813,47.6063466371358],[-122.206316819787,47.6061114378107],[-122.206590914645,47.6060242546292],[-122.206983360745,47.6060578606237],[-122.2071301787,47.6062502004104],[-122.207171455389,47.6065906562338],[-122.20716295014,47.6065931133957],[-122.207080133555,47.6066259474146],[-122.207023304334,47.6066525721961],[-122.206957915964,47.606685196014],[-122.206928877923,47.6067079475795],[-122.206918887758,47.6067257539356],[-122.206902113517,47.6067507155294],[-122.206899372757,47.606779046385],[-122.206888231851,47.6068192674883],[-122.206864982553,47.6068631727705],[-122.20685346705,47.6068892499178],[-122.206847303708,47.6069199797018],[-122.206832521032,47.6069543500639],[-122.206816149236,47.6069946346262],[-122.206804883464,47.6070301423588],[-122.206793864729,47.6070750788931],[-122.206788261936,47.6071270234073],[-122.206791280276,47.6071753278951],[-122.206797877503,47.6072271251362],[-122.206820192553,47.6072799131724],[-122.206842663012,47.6073385935359],[-122.20686008943,47.6074044096072],[-122.206878857033,47.6074548814596],[-122.20691330922,47.6075051643007],[-122.206952669803,47.6075591869739],[-122.206966347551,47.6076166024312],[-122.206996824694,47.6076514683608],[-122.207024571857,47.6076912872493],[-122.207052364833,47.6077534399277],[-122.207049935789,47.6077935573219],[-122.207052208526,47.6078135733095],[-122.207064813686,47.6078287483653],[-122.207098550815,47.607851921568],[-122.207140940517,47.6078726328137],[-122.207174614764,47.6078934482221],[-122.207208538742,47.6079236935064],[-122.207233721214,47.6079625934257],[-122.207235802611,47.6079658100006],[-122.207241871629,47.6079975705632],[-122.20725161296,47.6080363614118],[-122.207265152368,47.6080868968525],[-122.207300040238,47.6081536804033],[-122.207349714379,47.6081860931275],[-122.207361374511,47.6081961104346],[-122.207409552956,47.6082384738109],[-122.207476573565,47.6083069977775],[-122.20754547794,47.6083838067973],[-122.20758152374,47.608423855271],[-122.207610463865,47.6084530070714],[-122.20763531935,47.6084761018703],[-122.207662607474,47.6085082236886],[-122.207701628493,47.608557117397],[-122.207746529884,47.6086128886672],[-122.207777019603,47.6086504090409],[-122.207807261387,47.6086854692961],[-122.207842092664,47.6087258421592],[-122.207864563123,47.608753815226],[-122.207900326851,47.6087983366312],[-122.207919961328,47.608822777602],[-122.207942618636,47.6088509825746],[-122.20796830147,47.6088873914406],[-122.20799764404,47.6089275255285],[-122.208017362959,47.6089530462816],[-122.20803640365,47.60897768825],[-122.208048762672,47.6089936835994],[-122.208065642914,47.6090155299524],[-122.208073951432,47.6090262823375],[-122.20809180994,47.6090357513871],[-122.208115202968,47.6090481547191],[-122.208131178607,47.6090513809174],[-122.20814688565,47.609054552003],[-122.208153764949,47.6090559413212],[-122.208211405349,47.6090599608958],[-122.208279474291,47.609062675335],[-122.208332010464,47.6090714733388],[-122.208376206678,47.6090945200197],[-122.208413493948,47.6091200079874],[-122.208443839937,47.6091467592872],[-122.208473968533,47.6091652594707],[-122.208509512174,47.6091907692064],[-122.208532979763,47.609221140317],[-122.208554263547,47.6092508004014],[-122.208569304039,47.6092761156886],[-122.208605687605,47.6093334487126],[-122.208634977175,47.6093861510465],[-122.208660343802,47.6094223948093],[-122.208689197689,47.6094585955475],[-122.208766760925,47.6095566978838],[-122.208797326103,47.6095916999971],[-122.208834425626,47.6096101152357],[-122.20887824814,47.6096190179204],[-122.208908409076,47.6096386964823],[-122.208952979887,47.6096758872661],[-122.209042189781,47.6097631261346],[-122.20912348462,47.6098601135552],[-122.209205746943,47.6099381151846],[-122.209426860064,47.6100580601167],[-122.209460505565,47.6100776967255],[-122.209501186671,47.6100996074271],[-122.209543610508,47.6101214957116],[-122.209584289818,47.6101434051836],[-122.209645918738,47.6101662400314],[-122.209694938905,47.610173901104],[-122.209777139245,47.6101835183223],[-122.209843590321,47.6101909668203],[-122.209918850277,47.6102018473547],[-122.209985707392,47.6102246191927],[-122.210051520665,47.6102665915142],[-122.210237480912,47.6103831006395],[-122.210472696684,47.6105087694249],[-122.210703621204,47.610669860201],[-122.21079046314,47.6107230444664],[-122.210873536642,47.6107656631809],[-122.210972455528,47.6108139848991],[-122.211214085271,47.610918352754],[-122.211365793655,47.6109848989243],[-122.211510737724,47.6110457329133],[-122.211607393754,47.6110880867143],[-122.211713253922,47.6111351442323],[-122.211761531182,47.6111805423457],[-122.211843302127,47.6112396822272],[-122.211908667141,47.6112719034843],[-122.211977082833,47.6112875807948],[-122.212067875558,47.6112923759785],[-122.212167475367,47.6113006019158],[-122.212216499127,47.6113082610054],[-122.212270844507,47.611319393239],[-122.212369264828,47.6113488547063],[-122.212668737991,47.6115303347506],[-122.212946610264,47.6116861360907],[-122.213112891118,47.6117760840874],[-122.213312510249,47.6118738816997],[-122.21337965213,47.6119072592588],[-122.213461176039,47.6119569691633],[-122.213610090662,47.6120494862407],[-122.213739669048,47.6121410693261],[-122.21393758677,47.6122353386682],[-122.214119590836,47.6123262740488],[-122.214383767395,47.6124256445665],[-122.214875218619,47.6126790673582],[-122.215341978749,47.612856150462],[-122.215463627707,47.6129065504389],[-122.215647534405,47.6130033558048],[-122.215833344633,47.613106032738],[-122.216008193618,47.6131899781724],[-122.216166668113,47.6132481831841],[-122.216319974599,47.6133088092481],[-122.216700156899,47.6135081622354],[-122.217072741248,47.6136840247149],[-122.217184060478,47.6137392648771],[-122.217289555031,47.613772174346],[-122.217366784095,47.6137912784698],[-122.217442866009,47.6138241612606],[-122.217579102709,47.6139726258955],[-122.217710850526,47.6140747783159],[-122.21780606476,47.6141534264662],[-122.21798947469,47.6142872450463],[-122.218111204496,47.6143767113802],[-122.218211145664,47.6144213406347],[-122.218297747749,47.6144829518095],[-122.218333329119,47.6145237840623],[-122.218381988163,47.6145616108517],[-122.218403774106,47.6145785461504],[-122.218463371935,47.6146244687233],[-122.218525955764,47.6146829149704],[-122.218588979768,47.614722621926],[-122.218620990335,47.6147642896716],[-122.218707495402,47.6148242381679],[-122.218820860095,47.6148964183771],[-122.21893114267,47.6149524886966],[-122.219335737585,47.6151000654029],[-122.219459140953,47.6151505934128],[-122.219526266664,47.6151802773847],[-122.219593345663,47.6152081664598],[-122.219706999614,47.615291106925],[-122.219815347217,47.6153741132644],[-122.219869068268,47.6153985765956],[-122.219946710556,47.6154245435147],[-122.220074415955,47.615437340155],[-122.220180662399,47.6154414276672],[-122.220323900568,47.6154396824509],[-122.220481286304,47.6154316685042],[-122.220776675725,47.6154036626757],[-122.221051921325,47.6153769817932],[-122.221157592847,47.6153595459563],[-122.221247540258,47.6153494785488],[-122.221310771772,47.6153325598498],[-122.221341741192,47.6152998869254],[-122.221471280052,47.6150830067386],[-122.221524781914,47.6149998225072],[-122.221546051325,47.6150013582135],[-122.22158299544,47.6149937305485],[-122.221645985307,47.6149678439554],[-122.221666153384,47.6149281256802],[-122.22168584176,47.6148704723904],[-122.22169762047,47.6148147102154],[-122.221752384464,47.6147416554569],[-122.221806578927,47.6146669928179],[-122.221830766066,47.6146336690989],[-122.221964114682,47.6145166316986],[-122.222067279006,47.6144057417765],[-122.221987074722,47.614382801594],[-122.222034686331,47.6143207906248],[-122.222073679502,47.6141911342257],[-122.222078114485,47.614176978377],[-122.222095685532,47.6141208932978],[-122.222081369979,47.6140815964637],[-122.222098644582,47.6140329428826],[-122.222155755875,47.613985597902],[-122.222216523311,47.6139758857021],[-122.222260992612,47.6139520188019],[-122.222344005029,47.6138810333006],[-122.222421678758,47.6138066322528],[-122.22245784044,47.6137719932786],[-122.222529742494,47.6137577585914],[-122.222570146919,47.6137253723321],[-122.222580446103,47.6136694345295],[-122.222573354803,47.6136246720117],[-122.222527800336,47.6136096645662],[-122.222532947683,47.6135974167385],[-122.223519864702,47.6140908508308],[-122.224336126969,47.6147308000896],[-122.224987593298,47.6156651176476],[-122.22460542123,47.6171909607351],[-122.224041746356,47.618052688],[-122.22294916051,47.6194499346142],[-122.222659796089,47.6197179348754],[-122.222840743737,47.6198359342882],[-122.222049369294,47.6204163810496],[-122.222050177778,47.6204466784305],[-122.222051121009,47.6204820256554],[-122.222441514458,47.6205530288375],[-122.222432320201,47.621048161093],[-122.221219723027,47.6210516414632],[-122.220917983414,47.6213310827091],[-122.220027875139,47.6220419784241],[-122.218916296213,47.6230531447493],[-122.217754658668,47.6239797816936],[-122.216597545937,47.6247009643156],[-122.215215582195,47.6257412310589],[-122.21520697364,47.6247235070343],[-122.214498617004,47.6247194571801],[-122.21421779646,47.6247084077186],[-122.213903223515,47.6247101181148],[-122.213903260346,47.6240087922272],[-122.213889374189,47.622896042213],[-122.21333196686,47.6228974935269],[-122.213325710992,47.6224538993808],[-122.213322720501,47.6219740640098],[-122.213213029018,47.6217442771515],[-122.213237802842,47.6217350813461],[-122.213260816658,47.6217239904848],[-122.213281754846,47.6217111566727],[-122.213300330252,47.6216967559184],[-122.213316288127,47.6216809857201],[-122.213329409621,47.6216640623569],[-122.213339514781,47.6216462179228],[-122.213346465027,47.6216276971433],[-122.213350165042,47.6216087540195],[-122.213350564087,47.6215896483443],[-122.213347656693,47.6215706421396],[-122.213341482736,47.621551996063],[-122.213332126892,47.6215339658326],[-122.213319717472,47.6215167987207],[-122.213304424667,47.621500730162],[-122.213286458208,47.6214859805252],[-122.213780005201,47.6210707974217],[-122.214115992185,47.6207936792812],[-122.214203928269,47.6207092059507],[-122.2138903812,47.6203370920117],[-122.213897706067,47.6203012176835],[-122.213901837857,47.6202651110404],[-122.213902761723,47.6202289018803],[-122.213900474353,47.6201927203689],[-122.213894983974,47.6201566965723],[-122.21388631033,47.6201209599898],[-122.213874484608,47.6200856390873],[-122.213859549326,47.6200508608366],[-122.213841558179,47.6200167502584],[-122.213820575847,47.6199834299731],[-122.213796677763,47.6199510197597],[-122.21376994984,47.6199196361256],[-122.213740488164,47.6198893918878],[-122.213708398648,47.6198603957671],[-122.21367379665,47.6198327519974],[-122.213636806558,47.6198065599512],[-122.21356655069,47.6197542431137],[-122.213490483156,47.6197057837096],[-122.213409065849,47.619661475981],[-122.21332279314,47.6196215889605],[-122.21323218888,47.6195863648382],[-122.213137803214,47.6195560174909],[-122.213040209248,47.6195307311839],[-122.212939999562,47.6195106594522],[-122.213011365322,47.6192813001575],[-122.212643603129,47.6192191139489],[-122.212693303321,47.6189699202924],[-122.212727500387,47.6188253621167],[-122.212915897763,47.6180267575067],[-122.21250760089,47.6179937368761],[-122.212424214774,47.617660584118],[-122.212420988924,47.6176786047365],[-122.212382654217,47.6175202907264],[-122.2122029166,47.6173524378473],[-122.211799827261,47.6173533431224],[-122.210634050279,47.6173559547956],[-122.210455371776,47.617357236108],[-122.210453432313,47.6173563580821],[-122.210443304706,47.6170816091019],[-122.209887865586,47.6170796114308],[-122.209901899966,47.617357589135],[-122.209896665483,47.6173612411174],[-122.209659406043,47.6173629408544],[-122.209658573305,47.617358131089],[-122.209652085672,47.6171820448063],[-122.208549086556,47.617186195158],[-122.208552559443,47.6173708636748],[-122.20784078292,47.6173918454582]]]},"properties":{"OBJECTID":27,"SD_BASIN_ID":11,"BASIN":"CLYDE BEACH","TYPE":"AREA","BASIN_NO":71,"SYMBOL":13,"SysChangeUser":"gisdba_cobgis","SysCreateDate":"Fri, 02 Oct 2026 19:14:30 GMT","SysChangeDate":"Fri, 02 Oct 2026 19:14:30 GMT","SysCreateUser":"gisdba_cobgis"}},{"type":"Feature","id":28,"geometry":{"type":"Polygon","coordinates":[[[-122.140752438851,47.6457956741492],[-122.140521854792,47.6456771390258],[-122.140504484069,47.6453976869248],[-122.14050091147,47.6452555712394],[-122.140478705116,47.6451952352007],[-122.140444112791,47.6451909714772],[-122.140437107728,47.6453238863134],[-122.140344200368,47.6453319440946],[-122.140304352,47.6453303318122],[-122.140255843873,47.6453289156182],[-122.140246188781,47.6453098593316],[-122.14024638102,47.6451255503604],[-122.140243500123,47.6449705210628],[-122.140082267801,47.6449607668071],[-122.139698004455,47.6449372148443],[-122.139672957628,47.6449398094039],[-122.139148063025,47.6449941692397],[-122.139112787082,47.645294830721],[-122.139089110186,47.645440586637],[-122.139054351673,47.6455284127999],[-122.139066098043,47.6456281946941],[-122.139021017887,47.6457154189662],[-122.139004408936,47.6457475542195],[-122.138885407314,47.6457926317799],[-122.13872501851,47.6458235438656],[-122.138471516631,47.6458264482462],[-122.138292383581,47.6458335842223],[-122.138091345112,47.6458415922981],[-122.137372522204,47.6458702215221],[-122.137328406839,47.6458720940259],[-122.137218407234,47.6458767359468],[-122.137117496783,47.645877891888],[-122.137052418333,47.6458775087934],[-122.136960554815,47.6458734872074],[-122.136932935213,47.645869857794],[-122.136860522018,47.6458612923288],[-122.136830761731,47.6458585628543],[-122.136799960297,47.6458564167973],[-122.136766212388,47.6458547319065],[-122.136775886345,47.6458528364042],[-122.136789344007,47.6458501837904],[-122.136802896889,47.6458471002703],[-122.136821595322,47.6458427458192],[-122.136840799506,47.6458374557204],[-122.13685568998,47.6458329293902],[-122.136875487053,47.645826482743],[-122.13687753072,47.645825769811],[-122.136879567201,47.6458250514322],[-122.136881600986,47.6458243263962],[-122.136883628484,47.6458235959132],[-122.136885652388,47.6458228593783],[-122.136887671801,47.6458221180016],[-122.136889684926,47.6458213693625],[-122.136891695355,47.6458206152765],[-122.136893699497,47.6458198557437],[-122.136895700045,47.6458190895536],[-122.136897694305,47.6458183173115],[-122.136899684971,47.6458175408328],[-122.136901668452,47.6458167570918],[-122.136903649237,47.6458159679038],[-122.136905623734,47.6458151732689],[-122.136907593739,47.6458143725821],[-122.136909558355,47.6458135670535],[-122.13691151758,47.6458127548677],[-122.136913472314,47.645811937235],[-122.13691542076,47.6458111141555],[-122.136917364715,47.6458102850238],[-122.136919303279,47.6458094498402],[-122.136921236453,47.6458086098149],[-122.136923164238,47.6458077637375],[-122.136925085734,47.6458069122132],[-122.136927002739,47.6458060546368],[-122.136928913456,47.6458051916136],[-122.136930819681,47.6458043231435],[-122.136932719618,47.6458034498318],[-122.136934613266,47.6458025698628],[-122.136936502423,47.645801684447],[-122.136938385292,47.6458007941894],[-122.136940263669,47.645799898485],[-122.136942135758,47.6457989967286],[-122.136944001559,47.6457980907356],[-122.136945861072,47.6457971774802],[-122.136947716093,47.6457962593832],[-122.136949569317,47.6457953412861],[-122.136949607945,47.6457953213143],[-122.136951419847,47.645794405638],[-122.136953244325,47.6457934742263],[-122.137010444551,47.6457387490725],[-122.137086928013,47.6456655783585],[-122.137114044558,47.6455236092573],[-122.136980119224,47.6454143271805],[-122.136949447147,47.6452801827843],[-122.136956721704,47.6451527601468],[-122.136960105657,47.6450934861397],[-122.136961204297,47.645029588226],[-122.136961273467,47.6450255986512],[-122.136963674664,47.6448859621298],[-122.136964266654,47.644851582203],[-122.136964373553,47.6448493792143],[-122.136966980464,47.6447960632278],[-122.136970725541,47.6447194251087],[-122.136974404142,47.6446441607245],[-122.136965742586,47.6445026003972],[-122.136972934498,47.6443815906125],[-122.136972025403,47.6443453226648],[-122.136971116308,47.6443090540868],[-122.136969384356,47.6442399720775],[-122.136947814908,47.6441953041244],[-122.136849921898,47.6441653285681],[-122.136456346616,47.6441695766396],[-122.136300829375,47.6441385485824],[-122.136280086377,47.6441060776496],[-122.136233294931,47.6440565901687],[-122.136191639153,47.6440416743747],[-122.136149985171,47.6440267591818],[-122.136015203743,47.6439878981968],[-122.13583657285,47.6439033624874],[-122.135399567617,47.6438437257413],[-122.135362515705,47.6438386690582],[-122.135137292792,47.6438358099591],[-122.134965079464,47.6437019247843],[-122.134889875203,47.6435886673687],[-122.134873560001,47.6435845929514],[-122.134744225058,47.6435522935602],[-122.134718146965,47.6435579070841],[-122.134687062561,47.6435645979196],[-122.134664245353,47.6435695093736],[-122.134644107819,47.6436097524125],[-122.134633318155,47.6436313113435],[-122.134625954664,47.6436460251075],[-122.134623625333,47.6438742867376],[-122.134620129988,47.6439839599866],[-122.13461912118,47.6440156260443],[-122.134595955425,47.6440539302009],[-122.134572791467,47.6440922337242],[-122.134572548024,47.6440921774382],[-122.134483820525,47.6440715144315],[-122.13442650262,47.6440074742499],[-122.134399658264,47.6439774822447],[-122.134310812188,47.6435844168291],[-122.134176348763,47.6433522840661],[-122.134096471466,47.6432812240945],[-122.133995419081,47.6431913260622],[-122.133857469295,47.6431329080549],[-122.133776932635,47.6430988035677],[-122.133719798884,47.643074609214],[-122.133513307641,47.6429871644622],[-122.133341772541,47.6429583399817],[-122.13319802413,47.6429022615689],[-122.133054276616,47.6428461824906],[-122.13290401991,47.6427574705871],[-122.132753764102,47.642668758533],[-122.132614459656,47.6425626056434],[-122.132591851756,47.6425313944534],[-122.132526001652,47.6424404807408],[-122.132487333671,47.642333211314],[-122.132491543176,47.6414815066546],[-122.132497940978,47.6401874775196],[-122.132499703472,47.6401803595356],[-122.132517178399,47.6401098115461],[-122.132546537139,47.6399912816786],[-122.132584458621,47.6399002981759],[-122.132514886797,47.6397969596383],[-122.132500195749,47.6397313568414],[-122.132473151967,47.6396105944577],[-122.132502267264,47.6393123026196],[-122.132502675099,47.6393081231552],[-122.132557383398,47.638963896962],[-122.132565286776,47.6385965845941],[-122.132558841364,47.6383385885425],[-122.132537563868,47.6382912915998],[-122.132516285474,47.6382439952196],[-122.132516451662,47.6382371747751],[-122.132518321056,47.6381602982325],[-122.132519577799,47.6381085842925],[-122.132339852759,47.6380567643746],[-122.132216758412,47.6380209968525],[-122.132220608591,47.6379230847169],[-122.132223290063,47.637863498647],[-122.132222481579,47.6378631554433],[-122.132228486816,47.637717556948],[-122.132208423843,47.6374506610323],[-122.132160668504,47.637147860045],[-122.132139363161,47.6368311745295],[-122.132129388268,47.636699989855],[-122.13211294281,47.6365779341755],[-122.132109099817,47.6364240417147],[-122.132119667598,47.636310732202],[-122.132110145456,47.6361976524639],[-122.132113903109,47.636079893371],[-122.132105172383,47.6359984967624],[-122.132084733015,47.6358042089027],[-122.132092513323,47.63569084962],[-122.132100042104,47.6355743726721],[-122.13210812245,47.6354903475597],[-122.132131222627,47.635423087421],[-122.132129655067,47.6353602951117],[-122.132128086609,47.6352975033323],[-122.132088303818,47.6352209880827],[-122.13202556997,47.6351734389224],[-122.132024642909,47.6351793862774],[-122.131935598305,47.6351662918048],[-122.131783948312,47.6351539122226],[-122.1315804799,47.6351562324486],[-122.131199188181,47.6351429442649],[-122.130280705719,47.6351428286471],[-122.129683815636,47.6351469309626],[-122.12969102282,47.6354360613693],[-122.128610734012,47.6354307223959],[-122.128323642329,47.6354269348722],[-122.1281254084,47.635429189711],[-122.128060159269,47.6354282677997],[-122.127848750649,47.6354252817273],[-122.127970614304,47.635289870759],[-122.128066746615,47.6351688602152],[-122.12814242339,47.6350370490877],[-122.128142174557,47.6350372028416],[-122.128142335355,47.6350370333491],[-122.128132689245,47.6350260387324],[-122.128123828263,47.6350160023517],[-122.128123672855,47.6350158255953],[-122.128072991703,47.6349584505118],[-122.128004080141,47.634862364373],[-122.127906799782,47.6347808992811],[-122.127820560617,47.6347283115262],[-122.127687804889,47.6346639160611],[-122.127429091884,47.6345061522842],[-122.127213979509,47.6344156719507],[-122.126959258617,47.6342940564647],[-122.126812066963,47.6342152691159],[-122.126760833348,47.6341946821075],[-122.1267527539,47.6341914344576],[-122.12653965465,47.634105804178],[-122.126381903299,47.6340391294388],[-122.126256174194,47.6339650488513],[-122.126134010502,47.6338909493932],[-122.126018956077,47.6338144018168],[-122.125857075171,47.6336995206154],[-122.125713143503,47.6335941891178],[-122.125543734715,47.6334455883038],[-122.125423928202,47.6332677867657],[-122.125347917255,47.6331741485883],[-122.125239744823,47.6330758599208],[-122.125163875809,47.6329942776318],[-122.125105785353,47.6329077785221],[-122.125058566308,47.6328356897677],[-122.124999997948,47.6327081986387],[-122.124952243508,47.6325902960815],[-122.124899794472,47.6323759629406],[-122.124855270373,47.6322291063452],[-122.124818049577,47.6320966788056],[-122.124733722925,47.631901806183],[-122.124671786781,47.6317912140467],[-122.12462431531,47.631697423092],[-122.12456591763,47.6315843999613],[-122.124508084092,47.631519601077],[-122.124407135014,47.6314285065678],[-122.124380185555,47.6314099960996],[-122.123063932678,47.6312309593308],[-122.122715597452,47.6311879571436],[-122.1223655168,47.631074551524],[-122.122119008306,47.6309364970987],[-122.122009624945,47.6307264686937],[-122.121981549898,47.6281915781786],[-122.121978061739,47.6280507724138],[-122.122011032605,47.6279799767794],[-122.122184027468,47.6279545434101],[-122.122287590644,47.6279298970649],[-122.122598281968,47.6278559567489],[-122.122767785079,47.6276897171871],[-122.122833724115,47.6275481242389],[-122.122927395942,47.6271245285092],[-122.122958037476,47.6269598625396],[-122.122920414235,47.6268429187216],[-122.122946983707,47.6265139792292],[-122.122909942574,47.6264205027089],[-122.122872320232,47.6263035576841],[-122.122835280896,47.6262100807875],[-122.122728810772,47.6261173901822],[-122.122657637252,47.6260477743427],[-122.122586466427,47.6259781571995],[-122.122578556761,47.6259729861763],[-122.122577363798,47.625958780239],[-122.122463869747,47.625641132074],[-122.122459164371,47.6256169580916],[-122.122456326593,47.6256023797121],[-122.122437839265,47.6255073952251],[-122.122375117095,47.6251851580752],[-122.122348049957,47.625083052184],[-122.122228009882,47.6250469645821],[-122.12214939921,47.6250002525789],[-122.122119119697,47.6249149117792],[-122.122210711025,47.6247167689826],[-122.122241784649,47.6245457841976],[-122.121814776767,47.6244081756986],[-122.121815456791,47.6241426945672],[-122.121815757727,47.6240257359699],[-122.121818275705,47.6240257456572],[-122.122107111018,47.6240268385087],[-122.122105032317,47.6240255955037],[-122.122108230319,47.624025598531],[-122.122109625403,47.624026432852],[-122.122187836324,47.6240267277099],[-122.122255782198,47.6240269838186],[-122.122329356914,47.6240272623292],[-122.122480267594,47.6240259412201],[-122.122840130002,47.6240291907127],[-122.122839780557,47.6241633043047],[-122.123553303404,47.6241689526064],[-122.124228451121,47.6241714943117],[-122.124306164376,47.6241713199403],[-122.1244921902,47.6242127640085],[-122.12462732826,47.6242460991808],[-122.124809189494,47.6242906394859],[-122.125065840865,47.6243650958487],[-122.125326679285,47.6244466359066],[-122.125583752864,47.6245176900112],[-122.125786574489,47.6245565685057],[-122.126049943463,47.6246177075953],[-122.126296960403,47.6246881911333],[-122.126627170321,47.6247616733672],[-122.126951707379,47.6248605122822],[-122.127134810085,47.6249359341272],[-122.12732170458,47.6249807559828],[-122.127568528382,47.6250323939144],[-122.127851175202,47.6251014680217],[-122.128183693791,47.6251767878045],[-122.128489827063,47.6252197997812],[-122.128718643237,47.6252532971756],[-122.129084707614,47.6253031233522],[-122.129294248637,47.6253286809165],[-122.129524327843,47.625351976535],[-122.129749378279,47.6253749875853],[-122.129955773402,47.6254055018679],[-122.130178719086,47.6254455118777],[-122.130386156255,47.6254880671307],[-122.130606796862,47.6255262335109],[-122.130770456432,47.6255337839593],[-122.130924478875,47.6255373651394],[-122.131196056654,47.6255527348475],[-122.1315024172,47.6255734965998],[-122.131741937699,47.6255819152423],[-122.131989211557,47.625589060038],[-122.13221091577,47.6255981815934],[-122.132398484899,47.625576268304],[-122.132673229239,47.6255455924686],[-122.13288678124,47.6255183022392],[-122.133140567884,47.6254932866371],[-122.133365662338,47.6254341223114],[-122.133653411588,47.6253802137629],[-122.133893792673,47.6253407431525],[-122.134110910986,47.6253050928586],[-122.13429785399,47.6252677333732],[-122.134487520686,47.6252288172647],[-122.1346294015,47.6252077405444],[-122.134844012615,47.625151404534],[-122.135075816585,47.6250789206225],[-122.135305735891,47.6250011940484],[-122.13544595033,47.6249526323633],[-122.135597485339,47.6248944391694],[-122.135784024999,47.6248193938535],[-122.135969519919,47.6247323066415],[-122.13614998607,47.6246449353279],[-122.136330031809,47.6245609622691],[-122.136549686964,47.6244638228993],[-122.136818169148,47.6243608843106],[-122.136983326209,47.6242949000715],[-122.137166715478,47.6242248107603],[-122.137300855509,47.6241639200537],[-122.13748654716,47.624095671762],[-122.137642047332,47.6240668023481],[-122.137793138573,47.6240530899461],[-122.137969797664,47.6240373995099],[-122.138139744542,47.6240350236936],[-122.138307387242,47.6240308060743],[-122.138466854375,47.624031261984],[-122.138660905748,47.6240182652241],[-122.138806749031,47.6240265085342],[-122.139072870442,47.6240449749972],[-122.139229615679,47.6240469875385],[-122.139419677634,47.6240457475612],[-122.139590044924,47.6240399702837],[-122.139761674347,47.6240239922511],[-122.139982752434,47.6240176561333],[-122.140144525542,47.6240199520301],[-122.140410865244,47.6240161733666],[-122.140599045228,47.6240096889107],[-122.140724150902,47.6240013511465],[-122.140838356419,47.6239992459683],[-122.140969532909,47.6240032353324],[-122.141083319811,47.624004528591],[-122.141191033203,47.6239934965366],[-122.141321166749,47.6239854433353],[-122.141447112348,47.6239703056625],[-122.141559434098,47.6239629566059],[-122.141644306926,47.6239523453366],[-122.141769831216,47.6239406073061],[-122.141967023997,47.6239226469701],[-122.142089824595,47.6239124655686],[-122.142244262958,47.6239126320699],[-122.142333744144,47.6239057044049],[-122.142463876791,47.6238976499791],[-122.142572009696,47.623883215825],[-122.1427371443,47.6238583072123],[-122.142924699057,47.6238363768462],[-122.143035976066,47.6238169857715],[-122.143260416546,47.6237834432581],[-122.143285106742,47.6237844295536],[-122.143565620961,47.6236107873704],[-122.143590597719,47.6236009068233],[-122.143622041449,47.6235973467017],[-122.143652069434,47.6236001990373],[-122.143670655577,47.6236069886972],[-122.143693559922,47.6236199746611],[-122.143705024222,47.6236368967331],[-122.143898932762,47.6238826370056],[-122.143909146607,47.6238954570051],[-122.143923239377,47.6239135765863],[-122.144100635086,47.6240329033803],[-122.144187786042,47.624106299955],[-122.144331912644,47.624251390255],[-122.14447079578,47.6244184375288],[-122.144551022522,47.6245273929876],[-122.14464485874,47.6246696419508],[-122.144717740855,47.6248175545002],[-122.144800667034,47.6250071201596],[-122.144842751309,47.6251378867644],[-122.14484632301,47.62514530952],[-122.144838998147,47.6251484862896],[-122.144766051353,47.6251612103183],[-122.144753727366,47.6251628510736],[-122.144699398328,47.6251683888457],[-122.144644617683,47.6251712431516],[-122.144589675057,47.6251713989004],[-122.144534860932,47.6251688552689],[-122.144353688705,47.6251640147385],[-122.144346859712,47.6251660066516],[-122.144338063409,47.6251691035012],[-122.14432765463,47.6251736516014],[-122.144323695754,47.6251756713647],[-122.14431986444,47.6251778007132],[-122.144316167872,47.6251800354091],[-122.144305945044,47.6251873352536],[-122.144302846755,47.6251899538008],[-122.144297146046,47.6251954391271],[-122.144293322816,47.6251997535235],[-122.14428514664,47.6252119564496],[-122.144280071768,47.6252249060964],[-122.144396608413,47.6253759829324],[-122.144687797312,47.6256797760336],[-122.144753319885,47.6257184705903],[-122.144816192617,47.6257591247775],[-122.14527952298,47.6259516972482],[-122.145507418381,47.626076780096],[-122.145533759893,47.626083173064],[-122.145561150801,47.6260870590074],[-122.145589071687,47.6260883642364],[-122.145616993082,47.6260870639997],[-122.145919197124,47.6260580285857],[-122.146052899676,47.6260416116245],[-122.146188702489,47.6260081946527],[-122.146399320592,47.6259635940566],[-122.146529675123,47.6259332926078],[-122.146685389992,47.6258821683708],[-122.146832091167,47.6258425183248],[-122.146966213232,47.6258226999503],[-122.147125481837,47.6258043019243],[-122.147164135445,47.6258056877703],[-122.148166960729,47.6256134265629],[-122.148182207835,47.6256145496533],[-122.148184725812,47.6256150842564],[-122.148189710564,47.625616254571],[-122.14819462345,47.6256175598985],[-122.148204195,47.6256205646946],[-122.148217807171,47.6256260197037],[-122.148222117288,47.6256280781975],[-122.148226300742,47.6256302529357],[-122.148234264307,47.6256349341924],[-122.148236166939,47.6256361704994],[-122.148251530825,47.6256483864461],[-122.148253030113,47.6256498540305],[-122.148257262975,47.6256543772659],[-122.148258583498,47.6256559217409],[-122.148261086205,47.6256590627586],[-122.148264483633,47.6256638953724],[-122.148269173737,47.6256722292389],[-122.14826996156,47.6256739317329],[-122.148275012787,47.6256914125652],[-122.148275395469,47.6256949701225],[-122.148275567047,47.6256985367611],[-122.148275068482,47.6257074463939],[-122.148305347995,47.6260150572575],[-122.148321217593,47.626053384781],[-122.148329632153,47.626092776875],[-122.148330298703,47.6260993997169],[-122.14832966205,47.6261408536666],[-122.148320783747,47.6261818730688],[-122.148295943986,47.6262220771726],[-122.148279530414,47.6262642106737],[-122.148277775106,47.6262708129092],[-122.148272549816,47.6262999380456],[-122.148271347266,47.6263292653499],[-122.148274177852,47.6263585414494],[-122.148281017126,47.6263875134133],[-122.148347914665,47.6265881212349],[-122.148374594555,47.6267048885987],[-122.14839348544,47.6268223485176],[-122.148404549099,47.6269402636662],[-122.148407763124,47.6270583957976],[-122.148409583111,47.6270781664806],[-122.148409325295,47.6270821295765],[-122.148404219271,47.6271036384179],[-122.148401762378,47.6271093511822],[-122.148400843402,47.6271112346506],[-122.148398859922,47.627114968289],[-122.148397793621,47.6271168166428],[-122.148395519985,47.6271204727868],[-122.148393055008,47.6271240726264],[-122.148390404978,47.627127611318],[-122.148384554251,47.6271344877006],[-122.148372639895,47.6271457866885],[-122.148370772298,47.6271473159839],[-122.148366917627,47.6271503073727],[-122.148362908446,47.6271532031048],[-122.148358751941,47.62715600318],[-122.148341923172,47.6271655713208],[-122.148323369098,47.6271735495078],[-122.147919668006,47.6272794049211],[-122.148186543104,47.6273195164179],[-122.148215139767,47.6273315155239],[-122.148240743855,47.6273462838353],[-122.148245453722,47.6273495409918],[-122.148247753409,47.6273512052898],[-122.148252238698,47.6273546035087],[-122.148269544659,47.6273700104151],[-122.148283793819,47.6273867869868],[-122.148251930575,47.627672047528],[-122.148323481388,47.627776204955],[-122.148336478213,47.62778890776],[-122.148335676916,47.6277903480407],[-122.148335315793,47.627792892597],[-122.148335521508,47.627793909693],[-122.148335921258,47.6277949001507],[-122.148336193447,47.6277953796388],[-122.14833772777,47.627797146843],[-122.148338214657,47.6277975409677],[-122.148338100571,47.6278181438154],[-122.148337411563,47.6278192456688],[-122.148336915693,47.6278203947445],[-122.148336744115,47.6278209813907],[-122.148336556367,47.6278221722399],[-122.148336541095,47.6278227703889],[-122.148336663266,47.6278239636597],[-122.148337862517,47.6278268339271],[-122.148335269674,47.6278323668643],[-122.148337336104,47.6278380001798],[-122.148335580796,47.6278420473706],[-122.148335222369,47.6278437195232],[-122.148335065163,47.6278454062058],[-122.148335109181,47.6278470953099],[-122.148335799087,47.6278504390095],[-122.148337276816,47.6278536646531],[-122.148338299098,47.6278552066415],[-122.148338518336,47.6278726928632],[-122.148343292833,47.6278898792702],[-122.148341672272,47.6279163013102],[-122.148342081006,47.6279251161206],[-122.148342618198,47.6279309837807],[-122.148343364698,47.6279368423589],[-122.148345489214,47.6279485122913],[-122.148358120425,47.6279857227455],[-122.148362257167,47.6279940859069],[-122.148365264727,47.6279996030257],[-122.148368469017,47.6280050686841],[-122.148373641517,47.6280131654612],[-122.148375461503,47.6280158347215],[-122.14839172101,47.6280366160795],[-122.148396245824,47.6280416367565],[-122.148405831747,47.6280514486582],[-122.148408337148,47.6280538515356],[-122.148432772222,47.6280745033205],[-122.148435689052,47.6280766834055],[-122.148453994022,47.6280892462877],[-122.148457174957,47.6280912514084],[-122.148473605143,47.6281008768343],[-122.148480413475,47.6281045353311],[-122.148497991708,47.6281131836219],[-122.148505233926,47.6281164383091],[-122.148531460241,47.6281268737695],[-122.14853531042,47.6281282407862],[-122.148550948292,47.6281333879852],[-122.148558901078,47.6281357678531],[-122.148566938305,47.6281380157416],[-122.148570985215,47.6281390909503],[-122.148587360604,47.6281430551766],[-122.148599818441,47.6281456735758],[-122.148608197926,47.6281472476423],[-122.148625114999,47.6281499816746],[-122.148633640909,47.6281511398242],[-122.148659436931,47.6281537697257],[-122.148668089504,47.628154363633],[-122.148672422977,47.6281546070079],[-122.148681102499,47.6281549878109],[-122.148711532929,47.6281551954665],[-122.14922999829,47.6281957470294],[-122.150613771239,47.6282050194823],[-122.151965407856,47.6282255531527],[-122.151980447451,47.6282377255102],[-122.15198262856,47.6282402137416],[-122.151984625515,47.628242771595],[-122.151986433824,47.6282453924109],[-122.151988781122,47.6282494298836],[-122.151990098052,47.6282521826783],[-122.151992118363,47.6282578008732],[-122.151993649092,47.6282678597411],[-122.151993658076,47.6282693048518],[-122.151993363428,47.628273638973],[-122.151992595369,47.628277945245],[-122.151991822817,47.6282807894549],[-122.151988989531,47.6282877577078],[-122.151994116216,47.6284900085737],[-122.15200097665,47.6284984763897],[-122.152004036312,47.6285017383177],[-122.152027962041,47.6285208685408],[-122.152034389487,47.6285247019705],[-122.152062899214,47.6285374944621],[-122.152094839898,47.6285457932961],[-122.152128685043,47.6285492018576],[-122.152162817132,47.6285475572456],[-122.152269552171,47.6285323910969],[-122.152377511243,47.6285219067986],[-122.152486245432,47.6285161479466],[-122.152595302604,47.6285151384871],[-122.152704229277,47.6285188826177],[-122.152812572516,47.6285273647696],[-122.15291988181,47.6285405496725],[-122.153025710946,47.628558382501],[-122.153101235007,47.6286035687312],[-122.153123647075,47.6286152790768],[-122.152998763284,47.6287513194034],[-122.152303301964,47.6287419913503],[-122.152219381314,47.6287424286492],[-122.15213617784,47.628749842337],[-122.152054955816,47.6287641197631],[-122.151976949411,47.6287850439822],[-122.151945808693,47.6287998681735],[-122.151912461024,47.6288123068234],[-122.151877304652,47.6288222113858],[-122.151840759424,47.6288294635771],[-122.151524332357,47.6288474089084],[-122.151501250198,47.6288544986342],[-122.151476869827,47.6288592005065],[-122.151451728438,47.6288614109247],[-122.151426379993,47.6288610811849],[-122.151401383017,47.6288582185524],[-122.151377288289,47.6288528861022],[-122.15135462671,47.6288452013287],[-122.151333897602,47.6288353335573],[-122.151152755918,47.6287731671889],[-122.151117047274,47.6287537471712],[-122.151076766205,47.6287389701761],[-122.15103321838,47.628729315183],[-122.15098781535,47.628725095147],[-122.150094890856,47.6287183067573],[-122.14977300832,47.628721299267],[-122.14944065053,47.6287358525605],[-122.149396439943,47.6287385768756],[-122.149385442767,47.6287396078774],[-122.149328305017,47.6287472909529],[-122.149272560469,47.6287587319594],[-122.149262145401,47.6287613285333],[-122.149211248654,47.6287762662464],[-122.149201331253,47.6287796365242],[-122.149162644403,47.6287943572616],[-122.149125697598,47.6288109957774],[-122.149107941498,47.6288200053765],[-122.149103582872,47.6288223270946],[-122.149090699234,47.6288294587339],[-122.149051938106,47.6288536086071],[-122.149016507375,47.6288799928485],[-122.148895027301,47.6290884667438],[-122.14886131802,47.6292173821235],[-122.148857256736,47.6294744812174],[-122.148870705415,47.6295885713768],[-122.148874908425,47.6296068302547],[-122.148873287084,47.6296252763284],[-122.148865915155,47.6296430703043],[-122.148853128056,47.6296594025583],[-122.148835507593,47.6296735299739],[-122.148813855494,47.6296848097541],[-122.148789156928,47.6296927286687],[-122.148762535678,47.6296969264068],[-122.148487618862,47.6296858223013],[-122.148405353056,47.6296887863919],[-122.148324212616,47.6296984205148],[-122.148231617703,47.6297160118334],[-122.148138229509,47.6297315694591],[-122.148044145757,47.6297450771116],[-122.147949464902,47.629756520656],[-122.147854286021,47.6297658881171],[-122.147758708713,47.6297731696926],[-122.147662832996,47.6297783577624],[-122.147566759198,47.6297814468978],[-122.147470587854,47.6297824338658],[-122.147374419604,47.6297813176339],[-122.147278355083,47.6297780993701],[-122.147182494816,47.6297727824421],[-122.147086939117,47.6297653724138],[-122.14699178798,47.6297558770394],[-122.146897140974,47.6297443062552],[-122.146803097143,47.6297306721696],[-122.146713471751,47.6297257809075],[-122.146623596211,47.6297239353874],[-122.146533696882,47.6297251402573],[-122.146444000185,47.6297293924828],[-122.146354732029,47.6297366813541],[-122.146266117247,47.6297469885135],[-122.146178379024,47.6297602880013],[-122.146091738337,47.6297765463216],[-122.14607317016,47.6297804468577],[-122.146017858193,47.6297929615043],[-122.145981331795,47.6298019794097],[-122.145909188993,47.6298216092096],[-122.145891355638,47.629826846445],[-122.145864765506,47.6298349465723],[-122.145847148645,47.6298405082958],[-122.145751926326,47.6298733864418],[-122.145734933794,47.6298797739133],[-122.145718044569,47.6298862854889],[-122.145701260446,47.6298929205633],[-122.145627091943,47.6299242876239],[-122.145602883244,47.6299352821032],[-122.145531891184,47.629969844382],[-122.145510692701,47.6299940394864],[-122.145495045884,47.6300200946776],[-122.145490804938,47.6300299183157],[-122.145489867995,47.6300323979864],[-122.145488144128,47.6300373803322],[-122.145484178964,47.6300524932432],[-122.145483262683,47.63005757366],[-122.14548254942,47.6300626680003],[-122.14548204277,47.630067773237],[-122.145482062533,47.6300882341344],[-122.145442825918,47.6310784991825],[-122.144924942666,47.6311584529759],[-122.144756164495,47.6312063599338],[-122.144688434218,47.6312580455933],[-122.144149348927,47.6313516775181],[-122.143880454417,47.6314036971996],[-122.143391391813,47.6315267420342],[-122.143353226888,47.6315379196038],[-122.143347703148,47.6315401189162],[-122.1433422899,47.6315424405135],[-122.143336991636,47.6315448813687],[-122.143329276006,47.6315487599794],[-122.143324293051,47.6315514871747],[-122.143321853227,47.6315528916349],[-122.143317075088,47.6315557816746],[-122.143310180518,47.6315603122688],[-122.143305771587,47.6315634583799],[-122.143299451939,47.6315683570387],[-122.143295440063,47.6315717374277],[-122.143291595273,47.6315752049899],[-122.143286151483,47.6315805625184],[-122.143279512933,47.6315879770946],[-122.14327646944,47.6315917903222],[-122.143272253647,47.6315976327504],[-122.143265131803,47.6316097044365],[-122.143257279782,47.6316306873063],[-122.143254624209,47.631652256487],[-122.143269117628,47.6318445227231],[-122.143266864654,47.6320677823318],[-122.14321919735,47.6321614703154],[-122.143282533069,47.6327056960913],[-122.143267160199,47.6327437645816],[-122.143219952833,47.6329003017815],[-122.143162264822,47.6330596715659],[-122.143097864599,47.6332323579888],[-122.143063862467,47.6333845061521],[-122.143025046264,47.6335141276669],[-122.142989360689,47.6336798759276],[-122.142972970029,47.6338124762158],[-122.142932253888,47.6339779402298],[-122.14288316006,47.6341292357183],[-122.142805118021,47.6343507954617],[-122.142734845511,47.6345299964845],[-122.142687430634,47.6346676915334],[-122.142653859693,47.6347753556381],[-122.142629711182,47.6349092297914],[-122.142605143157,47.6350465037419],[-122.142584750502,47.6352319463386],[-122.142493878725,47.6355777479594],[-122.142431967733,47.6358122009616],[-122.142379073133,47.6360351803057],[-122.142368331977,47.636183507416],[-122.142365335197,47.6363716444717],[-122.142299015275,47.6366212557694],[-122.142284911725,47.6367967820379],[-122.142220896879,47.6370482350701],[-122.142188555733,47.6372278675042],[-122.142109274019,47.6373774581286],[-122.142018859484,47.6375966065034],[-122.141960523788,47.6377816169462],[-122.141795055011,47.638034187457],[-122.141695213555,47.6382271250895],[-122.141596837252,47.6384287049616],[-122.141454632145,47.6386774535812],[-122.141286162995,47.6389542172453],[-122.141330650263,47.6389631796994],[-122.141430623771,47.6389945056041],[-122.141593892574,47.6390465255462],[-122.141655506223,47.6390808185008],[-122.141721106595,47.6391033556228],[-122.141795723357,47.6391144171732],[-122.141856714473,47.6391332693184],[-122.141909528225,47.6391567948443],[-122.142003819889,47.6392545618215],[-122.142042775332,47.6393492035531],[-122.142069364566,47.6394414342857],[-122.142109146458,47.6395703598383],[-122.142113103537,47.6396407705531],[-122.142128587797,47.6397203910552],[-122.142122688561,47.6398090754311],[-122.142117208838,47.6398943598321],[-122.142125343083,47.6400129389465],[-122.142130765314,47.6400919911365],[-122.142154006527,47.6401703380662],[-122.142181435686,47.640255768958],[-122.142210939953,47.6404063689744],[-122.142262221179,47.6406266734128],[-122.142282708157,47.640788746346],[-122.142317229516,47.6409807138618],[-122.142353649912,47.6411368396257],[-122.142368917679,47.6412387017086],[-122.142372210902,47.6414169228038],[-122.142375721519,47.6415729013978],[-122.142373171202,47.6416754695665],[-122.142382350187,47.6418060909694],[-122.142380815865,47.6420028701135],[-122.14239795572,47.6421510580226],[-122.142410076688,47.6422578787303],[-122.142397653886,47.6424198061863],[-122.142401164502,47.6425757842069],[-122.142419985106,47.6427103731377],[-122.14243818138,47.642829519023],[-122.142433502056,47.6430312560515],[-122.142443521865,47.6431550766557],[-122.142451643533,47.6433147395695],[-122.142438609877,47.6434201428624],[-122.142466869977,47.6435398578625],[-122.142504770797,47.6436635410844],[-122.142522534084,47.6438271727434],[-122.142551214596,47.643943487855],[-122.142573398492,47.6440508756256],[-122.142588247643,47.6441561388367],[-122.142577507386,47.6443044646809],[-122.142541827201,47.644429128367],[-122.142507177384,47.6446069179505],[-122.142486171179,47.6447358343871],[-122.142480271943,47.6448245181171],[-122.142463468956,47.6449194348152],[-122.142453784218,47.6450387190979],[-122.142441171872,47.6451407194292],[-122.142446784546,47.6452796974045],[-122.142441292246,47.6454060654561],[-122.142434537814,47.6455426346002],[-122.142423304381,47.6456930813889],[-122.142422954936,47.6456977614538],[-122.142421789821,47.645707182103],[-122.142413975377,47.6457703759384],[-122.142413880155,47.6457711433396],[-122.142372183953,47.6457664463355],[-122.142359994713,47.6457653000753],[-122.142143009351,47.6457810596392],[-122.142072102631,47.6457857366702],[-122.141882060439,47.6457992975158],[-122.141770051303,47.6458072898615],[-122.141726751608,47.6458124038485],[-122.141469073462,47.6458428372052],[-122.141464039303,47.6458434321219],[-122.141433603483,47.645844108136],[-122.141246902126,47.6458482562121],[-122.141194939078,47.6458458953069],[-122.140960345838,47.6458352346171],[-122.140752438851,47.6457956741492]]]},"properties":{"OBJECTID":28,"SD_BASIN_ID":8,"BASIN":"SEARS CREEK","TYPE":" BASIN","BASIN_NO":83,"SYMBOL":19,"SysChangeUser":"gisdba_cobgis","SysCreateDate":"Fri, 02 Oct 2026 19:14:30 GMT","SysChangeDate":"Fri, 02 Oct 2026 19:14:30 GMT","SysCreateUser":"gisdba_cobgis"}}]}